f0,f1,f2,f3,f4,f5,f6,f7,f8,f9,f10,f11,f12,f13,f14,f15,f16,f17,f18,f19,f20,f21,f22,f23,f24,f25,f26,f27,f28,f29,f30,f31,f32,f33,f34,f35,f36,f37,f38,f39,f40,f41,f42,f43,f44,f45,f46,f47,f48,f49,f50,f51,f52,f53,f54,f55,f56,f57,f58,f59,f60,f61,f62,f63,f64,f65,f66,f67,f68,f69,f70,f71,f72,f73,f74,f75,f76,f77,f78,f79,f80,f81,f82,f83,f84,f85,f86,f87,f88,f89,f90,f91,f92,f93,f94,f95,f96,f97,f98,f99,f100,f101,f102,f103,f104,f105,f106,f107,f108,f109,f110,f111,f112,f113,f114,f115,f116,f117,f118,f119,f120,f121,f122,f123,f124,f125,num_hands,label,timestamp
0.0,0.0,0.0,0.3761434853076935,-0.013405295088887215,-0.20666158199310303,0.7464959621429443,-0.2748696506023407,-0.2647361159324646,0.9819030165672302,-0.6130942106246948,-0.3087480068206787,1.1555801630020142,-0.9288074374198914,-0.34831979870796204,0.4702145457267761,-0.8678538799285889,-0.10689033567905426,0.4750634729862213,-1.3746910095214844,-0.2565305829048157,0.379720538854599,-1.4009593725204468,-0.39446812868118286,0.2700154483318329,-1.2404019832611084,-0.4684380888938904,0.155510812997818,-0.9853454828262329,-0.0700758844614029,0.08319412171840668,-1.43368399143219,-0.20657795667648315,0.005762028973549604,-1.488690972328186,-0.35376837849617004,-0.0397261418402195,-1.3871058225631714,-0.45591357350349426,-0.10275440663099289,-1.0048531293869019,-0.06574410200119019,-0.17299020290374756,-1.3865470886230469,-0.21396154165267944,-0.26156795024871826,-1.4805294275283813,-0.3468075394630432,-0.3061918616294861,-1.4338064193725586,-0.42821353673934937,-0.3192126750946045,-0.9430041313171387,-0.07631945610046387,-0.45951586961746216,-1.3042298555374146,-0.19886578619480133,-0.6040098071098328,-1.511246919631958,-0.2780016362667084,-0.6897639036178589,-1.6164575815200806,-0.3289099633693695,0.0,0.0,0.0,0.0,0.0,0.0,0.0,0.0,0.0,0.0,0.0,0.0,0.0,0.0,0.0,0.0,0.0,0.0,0.0,0.0,0.0,0.0,0.0,0.0,0.0,0.0,0.0,0.0,0.0,0.0,0.0,0.0,0.0,0.0,0.0,0.0,0.0,0.0,0.0,0.0,0.0,0.0,0.0,0.0,0.0,0.0,0.0,0.0,0.0,0.0,0.0,0.0,0.0,0.0,0.0,0.0,0.0,0.0,0.0,0.0,0.0,0.0,0.0,1,Hola,2025-10-17T12:49:48.157762
0.0,0.0,0.0,0.1765664666891098,-0.010480804368853569,-0.170400008559227,0.31724849343299866,-0.14919739961624146,-0.28056973218917847,0.37664729356765747,-0.31420618295669556,-0.3768366575241089,0.4370858669281006,-0.42330271005630493,-0.46823129057884216,0.45878204703330994,-0.8007184863090515,-0.19658702611923218,0.652377724647522,-1.1577194929122925,-0.31100866198539734,0.7526067495346069,-1.3695987462997437,-0.3979625999927521,0.8194097876548767,-1.5552542209625244,-0.46083852648735046,0.32596519589424133,-0.9252769947052002,-0.19393068552017212,0.48301342129707336,-1.3714975118637085,-0.30003347992897034,0.5502609610557556,-1.6681468486785889,-0.3811783790588379,0.5986687541007996,-1.9253120422363281,-0.43743765354156494,0.16927646100521088,-0.9410380125045776,-0.20786991715431213,0.27360811829566956,-1.378581166267395,-0.3117273449897766,0.3164658546447754,-1.6701509952545166,-0.38651415705680847,0.36034253239631653,-1.9217665195465088,-0.43517932295799255,-0.011170274578034878,-0.8654765486717224,-0.2347920835018158,0.029393233358860016,-1.1889121532440186,-0.3305971920490265,0.034569259732961655,-1.395231008529663,-0.37228843569755554,0.05637941509485245,-1.5942341089248657,-0.3962036371231079,0.0,0.0,0.0,0.3121744692325592,-0.08892596513032913,-0.1639539748430252,0.5817320346832275,-0.3199343979358673,-0.2609896659851074,0.7851149439811707,-0.5743361115455627,-0.34159865975379944,0.9999842643737793,-0.7682203054428101,-0.42645639181137085,0.38552790880203247,-0.859860897064209,-0.2147584706544876,0.5031076073646545,-1.2739830017089844,-0.3388523757457733,0.5675967931747437,-1.527506709098816,-0.4263269007205963,0.6151626110076904,-1.7477633953094482,-0.4878844916820526,0.16895325481891632,-0.9615606069564819,-0.21646243333816528,0.2496451884508133,-1.4689058065414429,-0.3312414884567261,0.2990320324897766,-1.7892032861709595,-0.41611796617507935,0.3293147683143616,-2.055086135864258,-0.47446444630622864,-0.044711899012327194,-0.9520836472511292,-0.23244912922382355,-0.024213135242462158,-1.4602911472320557,-0.3478959798812866,-0.013630792498588562,-1.7729333639144897,-0.42584967613220215,0.00954961683601141,-2.039581060409546,-0.47533097863197327,-0.24868814647197723,-0.8510419130325317,-0.25912803411483765,-0.29192185401916504,-1.2301208972930908,-0.3703986406326294,-0.3088289499282837,-1.467694878578186,-0.4241483211517334,-0.30494925379753113,-1.6871943473815918,-0.4536314010620117,2,Hola,2025-10-17T12:49:48.284792
0.0,0.0,0.0,0.31961750984191895,-0.08765892684459686,-0.04506352171301842,0.585554301738739,-0.29555267095565796,-0.08508376777172089,0.7334622740745544,-0.5524078607559204,-0.13039368391036987,0.9031779766082764,-0.7278339862823486,-0.17441944777965546,0.42537814378738403,-0.9644746780395508,-0.06112731620669365,0.46178945899009705,-0.6888852119445801,-0.1456681787967682,0.46188896894454956,-0.449644535779953,-0.2341090738773346,0.4549925625324249,-0.33671891689300537,-0.29467126727104187,0.15760134160518646,-0.9837630391120911,-0.08586080372333527,0.22385810315608978,-0.600201427936554,-0.12355911731719971,0.24025526642799377,-0.34939640760421753,-0.16917400062084198,0.23268868029117584,-0.2575196325778961,-0.22044841945171356,-0.07853272557258606,-0.8986381888389587,-0.11308327317237854,-0.004010031931102276,-0.6039450168609619,-0.15587617456912994,0.031064676120877266,-0.37752076983451843,-0.13953985273838043,0.025291502475738525,-0.29001548886299133,-0.14061671495437622,-0.28603145480155945,-0.7709605693817139,-0.1463061273097992,-0.2157646119594574,-0.5661224722862244,-0.16741207242012024,-0.16672228276729584,-0.379317045211792,-0.11806327849626541,-0.15696574747562408,-0.30518707633018494,-0.0808432325720787,0.0,0.0,0.0,0.0,0.0,0.0,0.0,0.0,0.0,0.0,0.0,0.0,0.0,0.0,0.0,0.0,0.0,0.0,0.0,0.0,0.0,0.0,0.0,0.0,0.0,0.0,0.0,0.0,0.0,0.0,0.0,0.0,0.0,0.0,0.0,0.0,0.0,0.0,0.0,0.0,0.0,0.0,0.0,0.0,0.0,0.0,0.0,0.0,0.0,0.0,0.0,0.0,0.0,0.0,0.0,0.0,0.0,0.0,0.0,0.0,0.0,0.0,0.0,1,Hola,2025-10-17T12:49:48.330399
0.0,0.0,0.0,0.3060963749885559,-0.09145604819059372,-0.10428497940301895,0.556365430355072,-0.30986475944519043,-0.17873071134090424,0.7091354131698608,-0.5175826549530029,-0.250095009803772,0.8668926358222961,-0.6960413455963135,-0.3197573125362396,0.315647155046463,-0.9640417695045471,-0.1283034235239029,0.2704068720340729,-0.771038293838501,-0.24913528561592102,0.24865074455738068,-0.5674286484718323,-0.3600772023200989,0.2544819712638855,-0.4841081500053406,-0.4332813620567322,0.028731530532240868,-0.9892708659172058,-0.14323978126049042,-0.009587308391928673,-0.7987991571426392,-0.2244144231081009,-0.0172963235527277,-0.5985455513000488,-0.27877935767173767,-0.009473220445215702,-0.4703599214553833,-0.3247244656085968,-0.22742708027362823,-0.9035156965255737,-0.1678675413131714,-0.2635006010532379,-0.7582671642303467,-0.25490057468414307,-0.2513376772403717,-0.5641213059425354,-0.24452617764472961,-0.2311762571334839,-0.4471892714500427,-0.23685628175735474,-0.4409545660018921,-0.7572426199913025,-0.2031531035900116,-0.4824758768081665,-0.6813615560531616,-0.26123955845832825,-0.45972132682800293,-0.5056015849113464,-0.22229883074760437,-0.4374876320362091,-0.39107558131217957,-0.18425922095775604,0.0,0.0,0.0,0.0,0.0,0.0,0.0,0.0,0.0,0.0,0.0,0.0,0.0,0.0,0.0,0.0,0.0,0.0,0.0,0.0,0.0,0.0,0.0,0.0,0.0,0.0,0.0,0.0,0.0,0.0,0.0,0.0,0.0,0.0,0.0,0.0,0.0,0.0,0.0,0.0,0.0,0.0,0.0,0.0,0.0,0.0,0.0,0.0,0.0,0.0,0.0,0.0,0.0,0.0,0.0,0.0,0.0,0.0,0.0,0.0,0.0,0.0,0.0,1,Hola,2025-10-17T12:49:48.431261
0.0,0.0,0.0,-0.5082388520240784,0.10721959918737411,-0.18676359951496124,-0.9805284142494202,-0.016920918598771095,-0.297789603471756,-1.285129427909851,-0.1991765946149826,-0.3839663863182068,-1.5776512622833252,-0.3659760355949402,-0.46815675497055054,-1.0144802331924438,-0.6672143936157227,-0.3669912815093994,-1.026480793952942,0.10862725973129272,-0.5687182545661926,-1.0091643333435059,0.5729348063468933,-0.6978089213371277,-0.9905180931091309,0.722856342792511,-0.7788106203079224,-0.6162736415863037,-0.6815857291221619,-0.39452219009399414,-0.6639300584793091,0.21700815856456757,-0.5546317100524902,-0.698951244354248,0.6807751655578613,-0.6112551689147949,-0.7065585851669312,0.8854290843009949,-0.665831446647644,-0.22366507351398468,-0.5679615139961243,-0.4291735887527466,-0.3292642831802368,0.30047672986984253,-0.6152039170265198,-0.3776097595691681,0.7114595770835876,-0.5861918330192566,-0.4046691060066223,0.8754953145980835,-0.5608412623405457,0.12526282668113708,-0.3702554702758789,-0.4781658947467804,-0.008789916522800922,0.29189738631248474,-0.6395735740661621,-0.08491925150156021,0.6455304622650146,-0.6021923422813416,-0.12796948850154877,0.8017421364784241,-0.5514566898345947,0.0,0.0,0.0,0.0,0.0,0.0,0.0,0.0,0.0,0.0,0.0,0.0,0.0,0.0,0.0,0.0,0.0,0.0,0.0,0.0,0.0,0.0,0.0,0.0,0.0,0.0,0.0,0.0,0.0,0.0,0.0,0.0,0.0,0.0,0.0,0.0,0.0,0.0,0.0,0.0,0.0,0.0,0.0,0.0,0.0,0.0,0.0,0.0,0.0,0.0,0.0,0.0,0.0,0.0,0.0,0.0,0.0,0.0,0.0,0.0,0.0,0.0,0.0,1,Hola,2025-10-17T12:49:49.037084
0.0,0.0,0.0,-0.30664288997650146,-0.10072465986013412,-0.08832316845655441,-0.5390633940696716,-0.3585713803768158,-0.12429913133382797,-0.7197471857070923,-0.6369335055351257,-0.1550067812204361,-0.9107401371002197,-0.830592155456543,-0.17934150993824005,-0.522813618183136,-0.829735279083252,0.0106969578191638,-0.6556475758552551,-1.1185963153839111,-0.038727760314941406,-0.7472936511039734,-1.2343562841415405,-0.11463230103254318,-0.8491379022598267,-1.3524806499481201,-0.18945932388305664,-0.34984803199768066,-0.9367638826370239,-0.008936931379139423,-0.4939671456813812,-1.2380146980285645,-0.06037088856101036,-0.6013515591621399,-1.3649412393569946,-0.15472082793712616,-0.7248169779777527,-1.4729644060134888,-0.2406308352947235,-0.16968199610710144,-0.9436935186386108,-0.044859495013952255,-0.2645857334136963,-1.2822102308273315,-0.12180637568235397,-0.35220351815223694,-1.4241408109664917,-0.182336688041687,-0.44491684436798096,-1.4969950914382935,-0.2322205901145935,0.055160459131002426,-0.897016704082489,-0.08905015140771866,-0.009470447897911072,-1.192443609237671,-0.172423854470253,-0.09280253201723099,-1.293045163154602,-0.206898033618927,-0.19841663539409637,-1.3183015584945679,-0.2334492802619934,0.0,0.0,0.0,0.0,0.0,0.0,0.0,0.0,0.0,0.0,0.0,0.0,0.0,0.0,0.0,0.0,0.0,0.0,0.0,0.0,0.0,0.0,0.0,0.0,0.0,0.0,0.0,0.0,0.0,0.0,0.0,0.0,0.0,0.0,0.0,0.0,0.0,0.0,0.0,0.0,0.0,0.0,0.0,0.0,0.0,0.0,0.0,0.0,0.0,0.0,0.0,0.0,0.0,0.0,0.0,0.0,0.0,0.0,0.0,0.0,0.0,0.0,0.0,1,Hola,2025-10-17T12:49:49.162241
0.0,0.0,0.0,-0.33765825629234314,-0.024661561474204063,-0.13332948088645935,-0.6010757684707642,-0.26207420229911804,-0.20925027132034302,-0.7847923040390015,-0.5354552268981934,-0.270704060792923,-0.990909218788147,-0.6815938353538513,-0.3319101333618164,-0.5538050532341003,-0.7802448272705078,-0.12711936235427856,-0.7289321422576904,-1.124502182006836,-0.2214028388261795,-0.8339114189147949,-1.3546620607376099,-0.307095468044281,-0.9299273490905762,-1.5732653141021729,-0.372901976108551,-0.38644859194755554,-0.9115455746650696,-0.14050649106502533,-0.5599214434623718,-1.288203477859497,-0.2296667993068695,-0.672917902469635,-1.553078055381775,-0.3200004994869232,-0.7784469723701477,-1.7963502407073975,-0.3850804567337036,-0.19506825506687164,-0.9389157891273499,-0.16721250116825104,-0.2980441749095917,-1.3351874351501465,-0.269536554813385,-0.36868974566459656,-1.6149569749832153,-0.34298065304756165,-0.44292977452278137,-1.8713065385818481,-0.391023188829422,0.013648627325892448,-0.8823764324188232,-0.20127935707569122,-0.05185394734144211,-1.2035735845565796,-0.29343757033348083,-0.10659879446029663,-1.4214560985565186,-0.3244284689426422,-0.16719132661819458,-1.6368961334228516,-0.34068673849105835,0.0,0.0,0.0,0.0,0.0,0.0,0.0,0.0,0.0,0.0,0.0,0.0,0.0,0.0,0.0,0.0,0.0,0.0,0.0,0.0,0.0,0.0,0.0,0.0,0.0,0.0,0.0,0.0,0.0,0.0,0.0,0.0,0.0,0.0,0.0,0.0,0.0,0.0,0.0,0.0,0.0,0.0,0.0,0.0,0.0,0.0,0.0,0.0,0.0,0.0,0.0,0.0,0.0,0.0,0.0,0.0,0.0,0.0,0.0,0.0,0.0,0.0,0.0,1,Hola,2025-10-17T12:49:49.252627
0.0,0.0,0.0,-0.3223595917224884,-0.03195876255631447,-0.13456904888153076,-0.5830443501472473,-0.28229638934135437,-0.2068823277950287,-0.7674074769020081,-0.5548086762428284,-0.2655443251132965,-0.9695940613746643,-0.7152125239372253,-0.3245154023170471,-0.5287868976593018,-0.7989870309829712,-0.1477302610874176,-0.722077488899231,-1.2045679092407227,-0.25458231568336487,-0.8313475847244263,-1.4519249200820923,-0.33444204926490784,-0.918655276298523,-1.6826732158660889,-0.39189913868904114,-0.35746878385543823,-0.9195048213005066,-0.1634839028120041,-0.5500192046165466,-1.371713638305664,-0.25936728715896606,-0.6658823490142822,-1.6637686491012573,-0.34175604581832886,-0.7606572508811951,-1.9162226915359497,-0.4005647301673889,-0.16445164382457733,-0.9340348839759827,-0.19464784860610962,-0.28160664439201355,-1.3863959312438965,-0.30215659737586975,-0.35140156745910645,-1.6769003868103027,-0.36967480182647705,-0.4171847105026245,-1.9321014881134033,-0.4126751720905304,0.040865328162908554,-0.8797265291213989,-0.23501119017601013,-0.026616040617227554,-1.2275328636169434,-0.33660340309143066,-0.07443001121282578,-1.4645873308181763,-0.3764508068561554,-0.12735402584075928,-1.6860904693603516,-0.3987364172935486,0.0,0.0,0.0,0.0,0.0,0.0,0.0,0.0,0.0,0.0,0.0,0.0,0.0,0.0,0.0,0.0,0.0,0.0,0.0,0.0,0.0,0.0,0.0,0.0,0.0,0.0,0.0,0.0,0.0,0.0,0.0,0.0,0.0,0.0,0.0,0.0,0.0,0.0,0.0,0.0,0.0,0.0,0.0,0.0,0.0,0.0,0.0,0.0,0.0,0.0,0.0,0.0,0.0,0.0,0.0,0.0,0.0,0.0,0.0,0.0,0.0,0.0,0.0,1,Hola,2025-10-17T12:49:49.337957
0.0,0.0,0.0,-0.3078175485134125,-0.03911229595541954,-0.12437164038419724,-0.5668290853500366,-0.2892056405544281,-0.1956302672624588,-0.7633874416351318,-0.541178286075592,-0.2564268112182617,-0.9755270481109619,-0.6656025052070618,-0.31904247403144836,-0.5142422914505005,-0.8121446371078491,-0.1360333412885666,-0.6871891617774963,-1.218999981880188,-0.23716901242733002,-0.7803020477294922,-1.4639695882797241,-0.31565868854522705,-0.8556644916534424,-1.6931111812591553,-0.37447619438171387,-0.3474196195602417,-0.924545168876648,-0.15657536685466766,-0.525363028049469,-1.3722811937332153,-0.24805353581905365,-0.6321444511413574,-1.656441569328308,-0.3297139108181,-0.7247662544250488,-1.9070241451263428,-0.38999107480049133,-0.1575254648923874,-0.9367783069610596,-0.19096097350120544,-0.2738875150680542,-1.3828588724136353,-0.2870975732803345,-0.34178638458251953,-1.667635202407837,-0.34786999225616455,-0.4083522856235504,-1.922226071357727,-0.390263170003891,0.046928245574235916,-0.8829559087753296,-0.23497553169727325,-0.028199417516589165,-1.2231231927871704,-0.32354381680488586,-0.08233074098825455,-1.4504895210266113,-0.3564800024032593,-0.13908731937408447,-1.667311668395996,-0.3771805167198181,0.0,0.0,0.0,0.0,0.0,0.0,0.0,0.0,0.0,0.0,0.0,0.0,0.0,0.0,0.0,0.0,0.0,0.0,0.0,0.0,0.0,0.0,0.0,0.0,0.0,0.0,0.0,0.0,0.0,0.0,0.0,0.0,0.0,0.0,0.0,0.0,0.0,0.0,0.0,0.0,0.0,0.0,0.0,0.0,0.0,0.0,0.0,0.0,0.0,0.0,0.0,0.0,0.0,0.0,0.0,0.0,0.0,0.0,0.0,0.0,0.0,0.0,0.0,1,Hola,2025-10-17T12:49:49.438956
0.0,0.0,0.0,-0.30918100476264954,-0.0406467579305172,-0.12365127354860306,-0.588973879814148,-0.2659744322299957,-0.19487407803535461,-0.7876086235046387,-0.5196625590324402,-0.2557356357574463,-0.9911797046661377,-0.6432762145996094,-0.3173265755176544,-0.5253145098686218,-0.7982321381568909,-0.14039300382137299,-0.6979870200157166,-1.211084246635437,-0.2512340843677521,-0.7852041125297546,-1.4696485996246338,-0.33598899841308594,-0.8526518940925598,-1.7078598737716675,-0.3966825008392334,-0.35569700598716736,-0.9206587076187134,-0.1608327478170395,-0.5246008038520813,-1.3809168338775635,-0.2533341646194458,-0.6206660270690918,-1.6734533309936523,-0.3305325508117676,-0.7016186714172363,-1.9262446165084839,-0.3877146244049072,-0.1641908884048462,-0.9445962309837341,-0.19596761465072632,-0.26474058628082275,-1.388679027557373,-0.29198819398880005,-0.32403692603111267,-1.668592095375061,-0.34258127212524414,-0.3836723864078522,-1.9139902591705322,-0.37782585620880127,0.04694240912795067,-0.8943307399749756,-0.24169620871543884,-0.002725031692534685,-1.236214280128479,-0.3260094225406647,-0.0405004620552063,-1.46088445186615,-0.348576158285141,-0.08766746520996094,-1.6694811582565308,-0.36160793900489807,0.0,0.0,0.0,0.0,0.0,0.0,0.0,0.0,0.0,0.0,0.0,0.0,0.0,0.0,0.0,0.0,0.0,0.0,0.0,0.0,0.0,0.0,0.0,0.0,0.0,0.0,0.0,0.0,0.0,0.0,0.0,0.0,0.0,0.0,0.0,0.0,0.0,0.0,0.0,0.0,0.0,0.0,0.0,0.0,0.0,0.0,0.0,0.0,0.0,0.0,0.0,0.0,0.0,0.0,0.0,0.0,0.0,0.0,0.0,0.0,0.0,0.0,0.0,1,Hola,2025-10-17T12:49:49.522391
0.0,0.0,0.0,-0.3047015964984894,-0.037845637649297714,-0.13280998170375824,-0.5916643142700195,-0.2771449387073517,-0.20149487257003784,-0.798405110836029,-0.534828245639801,-0.2582979202270508,-1.007665753364563,-0.6482676863670349,-0.3161284029483795,-0.5178189873695374,-0.8088019490242004,-0.1424655169248581,-0.6923828125,-1.2201405763626099,-0.24835096299648285,-0.7847089171409607,-1.4755994081497192,-0.3288184404373169,-0.8533031344413757,-1.7109266519546509,-0.3881995677947998,-0.3487638831138611,-0.9239624738693237,-0.1570255309343338,-0.5188537240028381,-1.3807131052017212,-0.25004515051841736,-0.6182013750076294,-1.6700316667556763,-0.3273594081401825,-0.6974394917488098,-1.9222779273986816,-0.38495922088623047,-0.15866360068321228,-0.9430630803108215,-0.18725083768367767,-0.26437386870384216,-1.398496150970459,-0.2879178822040558,-0.3249790072441101,-1.676631212234497,-0.34213826060295105,-0.38320299983024597,-1.921222448348999,-0.3794199526309967,0.050720248371362686,-0.8943333625793457,-0.2284916490316391,0.00583422789350152,-1.2425206899642944,-0.3194167912006378,-0.026417847722768784,-1.4675503969192505,-0.34827420115470886,-0.06672428548336029,-1.6795028448104858,-0.3660097122192383,0.0,0.0,0.0,0.0,0.0,0.0,0.0,0.0,0.0,0.0,0.0,0.0,0.0,0.0,0.0,0.0,0.0,0.0,0.0,0.0,0.0,0.0,0.0,0.0,0.0,0.0,0.0,0.0,0.0,0.0,0.0,0.0,0.0,0.0,0.0,0.0,0.0,0.0,0.0,0.0,0.0,0.0,0.0,0.0,0.0,0.0,0.0,0.0,0.0,0.0,0.0,0.0,0.0,0.0,0.0,0.0,0.0,0.0,0.0,0.0,0.0,0.0,0.0,1,Hola,2025-10-17T12:49:49.607449
0.0,0.0,0.0,-0.30443263053894043,-0.04908725619316101,-0.12482821941375732,-0.5618444681167603,-0.3070555627346039,-0.19089114665985107,-0.7577347755432129,-0.5643638968467712,-0.24686536192893982,-0.9609989523887634,-0.677834153175354,-0.3032010793685913,-0.48197370767593384,-0.8256439566612244,-0.12123998999595642,-0.6471800804138184,-1.2246891260147095,-0.21999655663967133,-0.7332838773727417,-1.474758505821228,-0.298420250415802,-0.8032825589179993,-1.7004320621490479,-0.35615095496177673,-0.3202321529388428,-0.9373347163200378,-0.13731390237808228,-0.468558669090271,-1.382124900817871,-0.22383421659469604,-0.5595266222953796,-1.6665754318237305,-0.29918500781059265,-0.636745274066925,-1.9118647575378418,-0.3539203703403473,-0.13872584700584412,-0.9471421241760254,-0.16855306923389435,-0.22234107553958893,-1.3888893127441406,-0.26237961649894714,-0.2695499360561371,-1.6634827852249146,-0.31403788924217224,-0.31598880887031555,-1.9060884714126587,-0.3488517105579376,0.056061506271362305,-0.8816487789154053,-0.21047928929328918,0.027889998629689217,-1.2205661535263062,-0.2943103313446045,0.006754494272172451,-1.439468502998352,-0.31840214133262634,-0.022150330245494843,-1.6428258419036865,-0.3317365050315857,0.0,0.0,0.0,0.0,0.0,0.0,0.0,0.0,0.0,0.0,0.0,0.0,0.0,0.0,0.0,0.0,0.0,0.0,0.0,0.0,0.0,0.0,0.0,0.0,0.0,0.0,0.0,0.0,0.0,0.0,0.0,0.0,0.0,0.0,0.0,0.0,0.0,0.0,0.0,0.0,0.0,0.0,0.0,0.0,0.0,0.0,0.0,0.0,0.0,0.0,0.0,0.0,0.0,0.0,0.0,0.0,0.0,0.0,0.0,0.0,0.0,0.0,0.0,1,Hola,2025-10-17T12:49:49.696173
0.0,0.0,0.0,-0.2964582145214081,-0.05978939309716225,-0.12312667071819305,-0.5703464150428772,-0.32426372170448303,-0.18501268327236176,-0.7675511240959167,-0.5851230621337891,-0.23658716678619385,-0.973649263381958,-0.6892812252044678,-0.2889203727245331,-0.4757523834705353,-0.8347458839416504,-0.12406904995441437,-0.639485239982605,-1.2299094200134277,-0.22263313829898834,-0.7280616760253906,-1.4747445583343506,-0.30006325244903564,-0.79505455493927,-1.7011805772781372,-0.3589695394039154,-0.31615564227104187,-0.9382510781288147,-0.14046581089496613,-0.46211984753608704,-1.3770333528518677,-0.2272365540266037,-0.5489290952682495,-1.6540056467056274,-0.30057743191719055,-0.6212294697761536,-1.8973277807235718,-0.3558557331562042,-0.13716581463813782,-0.9464097619056702,-0.17246109247207642,-0.21805043518543243,-1.377915382385254,-0.26583847403526306,-0.26808929443359375,-1.6449108123779297,-0.3164927363395691,-0.31942838430404663,-1.885345220565796,-0.3528035283088684,0.05736415460705757,-0.8852611780166626,-0.21556870639324188,0.03391161561012268,-1.2138475179672241,-0.2988722324371338,0.01275227777659893,-1.4300403594970703,-0.3257102966308594,-0.016883473843336105,-1.6377718448638916,-0.34365394711494446,0.0,0.0,0.0,0.0,0.0,0.0,0.0,0.0,0.0,0.0,0.0,0.0,0.0,0.0,0.0,0.0,0.0,0.0,0.0,0.0,0.0,0.0,0.0,0.0,0.0,0.0,0.0,0.0,0.0,0.0,0.0,0.0,0.0,0.0,0.0,0.0,0.0,0.0,0.0,0.0,0.0,0.0,0.0,0.0,0.0,0.0,0.0,0.0,0.0,0.0,0.0,0.0,0.0,0.0,0.0,0.0,0.0,0.0,0.0,0.0,0.0,0.0,0.0,1,Hola,2025-10-17T12:49:49.784658
0.0,0.0,0.0,-0.2893834412097931,-0.0673440545797348,-0.12195492535829544,-0.5435522198677063,-0.3408469259738922,-0.1851314753293991,-0.7330718636512756,-0.6022006869316101,-0.2375539392232895,-0.9278841614723206,-0.7210196256637573,-0.2904272675514221,-0.44618481397628784,-0.8507127165794373,-0.12668222188949585,-0.5938553214073181,-1.2495732307434082,-0.2232096642255783,-0.6700398325920105,-1.5000070333480835,-0.29912424087524414,-0.7283648252487183,-1.7251112461090088,-0.3553366959095001,-0.2835644781589508,-0.9484456181526184,-0.14157025516033173,-0.4052372872829437,-1.3968300819396973,-0.2240278571844101,-0.47998493909835815,-1.6808162927627563,-0.2944399118423462,-0.5425397157669067,-1.924896478652954,-0.34668469429016113,-0.104566290974617,-0.943920373916626,-0.1711449772119522,-0.15843480825424194,-1.380711555480957,-0.2619970738887787,-0.19335120916366577,-1.6548928022384644,-0.3124024569988251,-0.23038336634635925,-1.8991113901138306,-0.34772348403930664,0.08504809439182281,-0.860750675201416,-0.21109995245933533,0.08760989457368851,-1.1940025091171265,-0.29401111602783203,0.08525268733501434,-1.4134200811386108,-0.31949275732040405,0.07345560193061829,-1.6207940578460693,-0.3346349895000458,0.0,0.0,0.0,0.0,0.0,0.0,0.0,0.0,0.0,0.0,0.0,0.0,0.0,0.0,0.0,0.0,0.0,0.0,0.0,0.0,0.0,0.0,0.0,0.0,0.0,0.0,0.0,0.0,0.0,0.0,0.0,0.0,0.0,0.0,0.0,0.0,0.0,0.0,0.0,0.0,0.0,0.0,0.0,0.0,0.0,0.0,0.0,0.0,0.0,0.0,0.0,0.0,0.0,0.0,0.0,0.0,0.0,0.0,0.0,0.0,0.0,0.0,0.0,1,Hola,2025-10-17T12:49:49.871545
0.0,0.0,0.0,-0.2873498201370239,-0.07542162388563156,-0.11663827300071716,-0.5549603700637817,-0.3532329499721527,-0.17205633223056793,-0.7460910677909851,-0.6124294400215149,-0.21801067888736725,-0.9436039328575134,-0.7217378616333008,-0.2647048830986023,-0.44918328523635864,-0.8533580899238586,-0.11218903213739395,-0.5947068929672241,-1.2429457902908325,-0.20262694358825684,-0.6754789352416992,-1.4837838411331177,-0.2748568654060364,-0.7365099191665649,-1.7044748067855835,-0.3315938711166382,-0.285241037607193,-0.9494855999946594,-0.13082320988178253,-0.4052506685256958,-1.3905586004257202,-0.2115306258201599,-0.47776222229003906,-1.6717976331710815,-0.28214117884635925,-0.538345456123352,-1.917194128036499,-0.3362249732017517,-0.10795167833566666,-0.9434378147125244,-0.16514645516872406,-0.1610885113477707,-1.3714227676391602,-0.25758096575737,-0.19466844201087952,-1.6372629404067993,-0.31140410900115967,-0.23153144121170044,-1.8804435729980469,-0.3501870036125183,0.0776946097612381,-0.8648866415023804,-0.2097536027431488,0.08912110328674316,-1.1849716901779175,-0.294746458530426,0.09129248559474945,-1.398911714553833,-0.3252094089984894,0.08438794314861298,-1.6083253622055054,-0.34618744254112244,0.0,0.0,0.0,0.0,0.0,0.0,0.0,0.0,0.0,0.0,0.0,0.0,0.0,0.0,0.0,0.0,0.0,0.0,0.0,0.0,0.0,0.0,0.0,0.0,0.0,0.0,0.0,0.0,0.0,0.0,0.0,0.0,0.0,0.0,0.0,0.0,0.0,0.0,0.0,0.0,0.0,0.0,0.0,0.0,0.0,0.0,0.0,0.0,0.0,0.0,0.0,0.0,0.0,0.0,0.0,0.0,0.0,0.0,0.0,0.0,0.0,0.0,0.0,1,Hola,2025-10-17T12:49:49.958789
0.0,0.0,0.0,-0.2870498597621918,-0.10987991094589233,-0.10596486181020737,-0.5374601483345032,-0.377106636762619,-0.16386327147483826,-0.7210605144500732,-0.6179873943328857,-0.21404747664928436,-0.9033536911010742,-0.7281919121742249,-0.26517900824546814,-0.4225222170352936,-0.870047390460968,-0.1106552854180336,-0.5688349604606628,-1.2623605728149414,-0.1998419165611267,-0.6452832818031311,-1.5080264806747437,-0.26944848895072937,-0.6999235153198242,-1.7293239831924438,-0.3210330903530121,-0.25933241844177246,-0.9569165110588074,-0.13060402870178223,-0.3676358461380005,-1.4060462713241577,-0.20716682076454163,-0.4315785765647888,-1.687792420387268,-0.2725892961025238,-0.48244228959083557,-1.9345507621765137,-0.3209141194820404,-0.08231519162654877,-0.9423507452011108,-0.1642807126045227,-0.1260363608598709,-1.370512843132019,-0.2506857216358185,-0.15061645209789276,-1.6339070796966553,-0.2997136414051056,-0.1789955198764801,-1.8744324445724487,-0.33364397287368774,0.10504232347011566,-0.8499231934547424,-0.2069796621799469,0.1250859946012497,-1.176088571548462,-0.28550177812576294,0.1338813155889511,-1.3901798725128174,-0.31025928258895874,0.13285817205905914,-1.5960248708724976,-0.3248733878135681,0.0,0.0,0.0,0.0,0.0,0.0,0.0,0.0,0.0,0.0,0.0,0.0,0.0,0.0,0.0,0.0,0.0,0.0,0.0,0.0,0.0,0.0,0.0,0.0,0.0,0.0,0.0,0.0,0.0,0.0,0.0,0.0,0.0,0.0,0.0,0.0,0.0,0.0,0.0,0.0,0.0,0.0,0.0,0.0,0.0,0.0,0.0,0.0,0.0,0.0,0.0,0.0,0.0,0.0,0.0,0.0,0.0,0.0,0.0,0.0,0.0,0.0,0.0,1,Hola,2025-10-17T12:49:50.047911
0.0,0.0,0.0,-0.2733396887779236,-0.11373881995677948,-0.10533089935779572,-0.5206434726715088,-0.3915950059890747,-0.16213440895080566,-0.6968383193016052,-0.6408191919326782,-0.21092259883880615,-0.8817152380943298,-0.7549179792404175,-0.2607234716415405,-0.399166077375412,-0.8828687071800232,-0.1156151220202446,-0.5324283838272095,-1.2758253812789917,-0.20566561818122864,-0.6099117398262024,-1.5134299993515015,-0.2758975327014923,-0.6673456430435181,-1.7298178672790527,-0.32904016971588135,-0.2348453402519226,-0.962313711643219,-0.13711318373680115,-0.32817542552948,-1.413791298866272,-0.2131214439868927,-0.38159629702568054,-1.6959857940673828,-0.276845246553421,-0.42352795600891113,-1.9403772354125977,-0.3256549537181854,-0.05990735813975334,-0.9436939358711243,-0.17232739925384521,-0.0943480059504509,-1.371303677558899,-0.2576756775379181,-0.11433055996894836,-1.630999207496643,-0.30291473865509033,-0.13750655949115753,-1.8640685081481934,-0.3355555832386017,0.12082073092460632,-0.8525732755661011,-0.21706479787826538,0.1510692536830902,-1.1777093410491943,-0.2942490577697754,0.16530223190784454,-1.3902090787887573,-0.3165767192840576,0.1700563281774521,-1.5938019752502441,-0.33074846863746643,0.0,0.0,0.0,0.0,0.0,0.0,0.0,0.0,0.0,0.0,0.0,0.0,0.0,0.0,0.0,0.0,0.0,0.0,0.0,0.0,0.0,0.0,0.0,0.0,0.0,0.0,0.0,0.0,0.0,0.0,0.0,0.0,0.0,0.0,0.0,0.0,0.0,0.0,0.0,0.0,0.0,0.0,0.0,0.0,0.0,0.0,0.0,0.0,0.0,0.0,0.0,0.0,0.0,0.0,0.0,0.0,0.0,0.0,0.0,0.0,0.0,0.0,0.0,1,Hola,2025-10-17T12:49:50.133843
0.0,0.0,0.0,-0.2802782654762268,-0.1361328512430191,-0.10678651183843613,-0.5180657505989075,-0.4342113733291626,-0.16496941447257996,-0.6838051676750183,-0.7021758556365967,-0.21401557326316833,-0.8574902415275574,-0.8375260829925537,-0.26616793870925903,-0.3687680661678314,-0.8959202170372009,-0.13236792385578156,-0.48867732286453247,-1.3083935976028442,-0.22762472927570343,-0.5471445322036743,-1.5694003105163574,-0.3002815246582031,-0.5845726132392883,-1.8058383464813232,-0.35470497608184814,-0.19871856272220612,-0.967804491519928,-0.15448430180549622,-0.2718074321746826,-1.4379186630249023,-0.23819339275360107,-0.3096558451652527,-1.7360618114471436,-0.30866739153862,-0.3378746211528778,-1.9984201192855835,-0.362629234790802,-0.02495112083852291,-0.9334791898727417,-0.1892925351858139,-0.026233991608023643,-1.3713347911834717,-0.28652486205101013,-0.025180773809552193,-1.6472195386886597,-0.3448233902454376,-0.03164763003587723,-1.8986210823059082,-0.3858129680156708,0.15313857793807983,-0.8194072246551514,-0.2319040149450302,0.20498976111412048,-1.1460477113723755,-0.32276463508605957,0.23744523525238037,-1.360093355178833,-0.3559211194515228,0.2570960223674774,-1.5651636123657227,-0.3773505985736847,0.0,0.0,0.0,0.0,0.0,0.0,0.0,0.0,0.0,0.0,0.0,0.0,0.0,0.0,0.0,0.0,0.0,0.0,0.0,0.0,0.0,0.0,0.0,0.0,0.0,0.0,0.0,0.0,0.0,0.0,0.0,0.0,0.0,0.0,0.0,0.0,0.0,0.0,0.0,0.0,0.0,0.0,0.0,0.0,0.0,0.0,0.0,0.0,0.0,0.0,0.0,0.0,0.0,0.0,0.0,0.0,0.0,0.0,0.0,0.0,0.0,0.0,0.0,1,Hola,2025-10-17T12:49:50.223551
0.0,0.0,0.0,-0.2725489139556885,-0.12680253386497498,-0.12457624077796936,-0.5055084228515625,-0.43195483088493347,-0.1867612898349762,-0.6658530831336975,-0.7130049467086792,-0.2375049591064453,-0.8392420411109924,-0.8682100176811218,-0.29017865657806396,-0.34793320298194885,-0.9086479544639587,-0.14158059656620026,-0.4512975811958313,-1.3231176137924194,-0.24242693185806274,-0.5043144226074219,-1.5811418294906616,-0.3188823461532593,-0.5397489666938782,-1.817798137664795,-0.37616831064224243,-0.17428000271320343,-0.971869707107544,-0.1584164947271347,-0.23112840950489044,-1.432961344718933,-0.24579337239265442,-0.26191315054893494,-1.730075478553772,-0.31813284754753113,-0.2853347361087799,-1.9917752742767334,-0.3732464611530304,-0.0030252616852521896,-0.9330928921699524,-0.1905190646648407,0.003139204578474164,-1.358018159866333,-0.2876781225204468,0.00790668185800314,-1.6302707195281982,-0.3451221287250519,0.0053247325122356415,-1.8748277425765991,-0.38578760623931885,0.164272740483284,-0.8224668502807617,-0.2330811619758606,0.21531935036182404,-1.139689564704895,-0.3211172819137573,0.24973846971988678,-1.3484601974487305,-0.3532845973968506,0.2729434072971344,-1.5477268695831299,-0.3750689625740051,0.0,0.0,0.0,0.0,0.0,0.0,0.0,0.0,0.0,0.0,0.0,0.0,0.0,0.0,0.0,0.0,0.0,0.0,0.0,0.0,0.0,0.0,0.0,0.0,0.0,0.0,0.0,0.0,0.0,0.0,0.0,0.0,0.0,0.0,0.0,0.0,0.0,0.0,0.0,0.0,0.0,0.0,0.0,0.0,0.0,0.0,0.0,0.0,0.0,0.0,0.0,0.0,0.0,0.0,0.0,0.0,0.0,0.0,0.0,0.0,0.0,0.0,0.0,1,Hola,2025-10-17T12:49:50.309968
0.0,0.0,0.0,-0.2744101881980896,-0.12669681012630463,-0.12307596951723099,-0.5062788724899292,-0.4308397173881531,-0.18478958308696747,-0.6651324033737183,-0.7036752104759216,-0.23492035269737244,-0.83358234167099,-0.8628969788551331,-0.28633415699005127,-0.3433600962162018,-0.9098199605941772,-0.1404975950717926,-0.45061051845550537,-1.323239803314209,-0.23571127653121948,-0.5082005858421326,-1.577785611152649,-0.30744868516921997,-0.5464136004447937,-1.8074924945831299,-0.36141279339790344,-0.1717158555984497,-0.9725667834281921,-0.15693162381649017,-0.23186607658863068,-1.4364709854125977,-0.24096938967704773,-0.2644420862197876,-1.7391386032104492,-0.3105841875076294,-0.2878018319606781,-1.998288631439209,-0.36308926343917847,-0.0020447156857699156,-0.9313994646072388,-0.188055157661438,0.005086151417344809,-1.3622652292251587,-0.28225311636924744,0.010172528214752674,-1.6330351829528809,-0.3395872116088867,0.008506529964506626,-1.8750076293945312,-0.37980690598487854,0.16291764378547668,-0.8184147477149963,-0.2291015237569809,0.21825630962848663,-1.1358903646469116,-0.3143954277038574,0.25435638427734375,-1.344622254371643,-0.3456893265247345,0.28062891960144043,-1.5440969467163086,-0.3665924370288849,0.0,0.0,0.0,0.0,0.0,0.0,0.0,0.0,0.0,0.0,0.0,0.0,0.0,0.0,0.0,0.0,0.0,0.0,0.0,0.0,0.0,0.0,0.0,0.0,0.0,0.0,0.0,0.0,0.0,0.0,0.0,0.0,0.0,0.0,0.0,0.0,0.0,0.0,0.0,0.0,0.0,0.0,0.0,0.0,0.0,0.0,0.0,0.0,0.0,0.0,0.0,0.0,0.0,0.0,0.0,0.0,0.0,0.0,0.0,0.0,0.0,0.0,0.0,1,Hola,2025-10-17T12:49:50.395407
0.0,0.0,0.0,-0.2648182809352875,-0.13715790212154388,-0.11688682436943054,-0.48770686984062195,-0.4433855414390564,-0.17599086463451385,-0.6423419117927551,-0.7170203924179077,-0.22555537521839142,-0.8111913204193115,-0.8665580153465271,-0.2767062485218048,-0.330983966588974,-0.914699912071228,-0.12920314073562622,-0.4333658218383789,-1.3137234449386597,-0.22637464106082916,-0.4820138216018677,-1.562792420387268,-0.30078163743019104,-0.5120574235916138,-1.79179847240448,-0.35718104243278503,-0.16347235441207886,-0.9751823544502258,-0.14931902289390564,-0.22285261750221252,-1.421836256980896,-0.23457925021648407,-0.247895285487175,-1.71243417263031,-0.3041832149028778,-0.26307058334350586,-1.963536024093628,-0.35714390873908997,0.0032433560118079185,-0.9321880340576172,-0.18476805090904236,0.014957615174353123,-1.352408766746521,-0.28195008635520935,0.026660138741135597,-1.6141072511672974,-0.33882495760917664,0.0306506659835577,-1.8452763557434082,-0.37800970673561096,0.16839519143104553,-0.8136813044548035,-0.23021098971366882,0.22315888106822968,-1.1263309717178345,-0.3186553716659546,0.2608100175857544,-1.3330482244491577,-0.35236290097236633,0.2874384820461273,-1.5274208784103394,-0.37477996945381165,0.0,0.0,0.0,0.0,0.0,0.0,0.0,0.0,0.0,0.0,0.0,0.0,0.0,0.0,0.0,0.0,0.0,0.0,0.0,0.0,0.0,0.0,0.0,0.0,0.0,0.0,0.0,0.0,0.0,0.0,0.0,0.0,0.0,0.0,0.0,0.0,0.0,0.0,0.0,0.0,0.0,0.0,0.0,0.0,0.0,0.0,0.0,0.0,0.0,0.0,0.0,0.0,0.0,0.0,0.0,0.0,0.0,0.0,0.0,0.0,0.0,0.0,0.0,1,Hola,2025-10-17T12:49:50.491489
0.0,0.0,0.0,-0.2575923800468445,-0.1486605405807495,-0.11805817484855652,-0.4809005856513977,-0.4604986608028412,-0.175191268324852,-0.63960200548172,-0.7323627471923828,-0.22195149958133698,-0.8073153495788574,-0.8880172371864319,-0.27052080631256104,-0.32139527797698975,-0.9214531779289246,-0.12964387238025665,-0.4182490110397339,-1.330276608467102,-0.22285275161266327,-0.4711092412471771,-1.5816432237625122,-0.2939632534980774,-0.5061339735984802,-1.8139597177505493,-0.34905120730400085,-0.15046806633472443,-0.9775617718696594,-0.14741942286491394,-0.2057657688856125,-1.429890751838684,-0.23212702572345734,-0.23482322692871094,-1.7256311178207397,-0.30355778336524963,-0.2561597228050232,-1.9900649785995483,-0.3585212230682373,0.01608371175825596,-0.9290558695793152,-0.17986570298671722,0.030309759080410004,-1.3492411375045776,-0.27703845500946045,0.041673190891742706,-1.6180779933929443,-0.3362365961074829,0.04440785571932793,-1.8662678003311157,-0.37811389565467834,0.17667122185230255,-0.8104484677314758,-0.2218451350927353,0.23736269772052765,-1.117767333984375,-0.31077882647514343,0.2782200574874878,-1.3244683742523193,-0.34509021043777466,0.30844929814338684,-1.5284959077835083,-0.36879581212997437,0.0,0.0,0.0,0.0,0.0,0.0,0.0,0.0,0.0,0.0,0.0,0.0,0.0,0.0,0.0,0.0,0.0,0.0,0.0,0.0,0.0,0.0,0.0,0.0,0.0,0.0,0.0,0.0,0.0,0.0,0.0,0.0,0.0,0.0,0.0,0.0,0.0,0.0,0.0,0.0,0.0,0.0,0.0,0.0,0.0,0.0,0.0,0.0,0.0,0.0,0.0,0.0,0.0,0.0,0.0,0.0,0.0,0.0,0.0,0.0,0.0,0.0,0.0,1,Hola,2025-10-17T12:49:50.581470
0.0,0.0,0.0,-0.252937912940979,-0.14944380521774292,-0.1135353147983551,-0.4723619222640991,-0.46515464782714844,-0.16808705031871796,-0.6305933594703674,-0.729137122631073,-0.21325890719890594,-0.7952881455421448,-0.8815194368362427,-0.25956887006759644,-0.32375290989875793,-0.9151606559753418,-0.11696559935808182,-0.42425042390823364,-1.3158111572265625,-0.20599475502967834,-0.4782011806964874,-1.5591877698898315,-0.2742152512073517,-0.5127068758010864,-1.7825409173965454,-0.32719963788986206,-0.15651743113994598,-0.978434145450592,-0.13479213416576385,-0.2159418761730194,-1.4249104261398315,-0.21496272087097168,-0.2491210401058197,-1.7125499248504639,-0.2834673821926117,-0.27373117208480835,-1.9671494960784912,-0.33628201484680176,0.005735868588089943,-0.9355201125144958,-0.16744554042816162,0.01733694225549698,-1.3559985160827637,-0.25942015647888184,0.027656884863972664,-1.6220303773880005,-0.31640711426734924,0.028036966919898987,-1.8635616302490234,-0.35737818479537964,0.16286872327327728,-0.820965588092804,-0.209559828042984,0.22064509987831116,-1.1238819360733032,-0.29253339767456055,0.25748687982559204,-1.3281832933425903,-0.3245469629764557,0.28252261877059937,-1.5270192623138428,-0.3473988175392151,0.0,0.0,0.0,0.0,0.0,0.0,0.0,0.0,0.0,0.0,0.0,0.0,0.0,0.0,0.0,0.0,0.0,0.0,0.0,0.0,0.0,0.0,0.0,0.0,0.0,0.0,0.0,0.0,0.0,0.0,0.0,0.0,0.0,0.0,0.0,0.0,0.0,0.0,0.0,0.0,0.0,0.0,0.0,0.0,0.0,0.0,0.0,0.0,0.0,0.0,0.0,0.0,0.0,0.0,0.0,0.0,0.0,0.0,0.0,0.0,0.0,0.0,0.0,1,Hola,2025-10-17T12:49:50.668163
0.0,0.0,0.0,-0.24955612421035767,-0.14921943843364716,-0.1085745170712471,-0.4701271653175354,-0.46241316199302673,-0.16010399162769318,-0.6275952458381653,-0.7252385020256042,-0.2027486264705658,-0.7911763191223145,-0.8722741603851318,-0.2468966841697693,-0.32602018117904663,-0.9161535501480103,-0.11255340278148651,-0.42944300174713135,-1.3125271797180176,-0.19989429414272308,-0.4827083647251129,-1.5546315908432007,-0.2675929665565491,-0.5171926617622375,-1.7770092487335205,-0.3202567994594574,-0.1609528511762619,-0.9781081080436707,-0.13190415501594543,-0.22118066251277924,-1.4185677766799927,-0.21042491495609283,-0.25522539019584656,-1.7019648551940918,-0.27837198972702026,-0.2819572389125824,-1.952974796295166,-0.3306839168071747,0.0004300480941310525,-0.9344475865364075,-0.1655799299478531,0.009435680694878101,-1.3488242626190186,-0.2566540837287903,0.016953591257333755,-1.6137583255767822,-0.31416890025138855,0.014787491410970688,-1.8551503419876099,-0.3553314805030823,0.15690727531909943,-0.8188910484313965,-0.20818808674812317,0.21241678297519684,-1.1211066246032715,-0.2913936972618103,0.24808789789676666,-1.3243190050125122,-0.323671817779541,0.2720772325992584,-1.5218429565429688,-0.34639760851860046,0.0,0.0,0.0,0.0,0.0,0.0,0.0,0.0,0.0,0.0,0.0,0.0,0.0,0.0,0.0,0.0,0.0,0.0,0.0,0.0,0.0,0.0,0.0,0.0,0.0,0.0,0.0,0.0,0.0,0.0,0.0,0.0,0.0,0.0,0.0,0.0,0.0,0.0,0.0,0.0,0.0,0.0,0.0,0.0,0.0,0.0,0.0,0.0,0.0,0.0,0.0,0.0,0.0,0.0,0.0,0.0,0.0,0.0,0.0,0.0,0.0,0.0,0.0,1,Hola,2025-10-17T12:49:50.757503
0.0,0.0,0.0,-0.2475510835647583,-0.14442391693592072,-0.11408254504203796,-0.4688752591609955,-0.45010238885879517,-0.17065680027008057,-0.6342081427574158,-0.7125868797302246,-0.21822574734687805,-0.803398847579956,-0.8651491403579712,-0.26583215594291687,-0.3385884761810303,-0.9048190712928772,-0.10676651448011398,-0.45484739542007446,-1.2856639623641968,-0.19720177352428436,-0.5199044942855835,-1.5215187072753906,-0.2678697109222412,-0.5601837635040283,-1.738040804862976,-0.3224942982196808,-0.17649811506271362,-0.9764390587806702,-0.12415808439254761,-0.2425590306520462,-1.4084409475326538,-0.2039760798215866,-0.2768586575984955,-1.688428521156311,-0.27159711718559265,-0.2993185222148895,-1.9349591732025146,-0.3235567808151245,-0.015592790208756924,-0.9395661950111389,-0.15785840153694153,-0.013305433094501495,-1.3479176759719849,-0.24915744364261627,-0.006107846740633249,-1.6061677932739258,-0.3052624464035034,-0.007936726324260235,-1.8383495807647705,-0.34564536809921265,0.1413860023021698,-0.8266375064849854,-0.20155148208141327,0.19572146236896515,-1.1250545978546143,-0.2841286063194275,0.23006130754947662,-1.3264148235321045,-0.31722816824913025,0.2523191571235657,-1.5198755264282227,-0.3408714830875397,0.0,0.0,0.0,0.0,0.0,0.0,0.0,0.0,0.0,0.0,0.0,0.0,0.0,0.0,0.0,0.0,0.0,0.0,0.0,0.0,0.0,0.0,0.0,0.0,0.0,0.0,0.0,0.0,0.0,0.0,0.0,0.0,0.0,0.0,0.0,0.0,0.0,0.0,0.0,0.0,0.0,0.0,0.0,0.0,0.0,0.0,0.0,0.0,0.0,0.0,0.0,0.0,0.0,0.0,0.0,0.0,0.0,0.0,0.0,0.0,0.0,0.0,0.0,1,Hola,2025-10-17T12:49:50.851466
0.0,0.0,0.0,-0.24732492864131927,-0.14418989419937134,-0.10845952481031418,-0.4735115170478821,-0.4447820782661438,-0.1604473888874054,-0.6377994418144226,-0.7012183666229248,-0.203839972615242,-0.8097600340843201,-0.8338936567306519,-0.24837210774421692,-0.3376252353191376,-0.9082551598548889,-0.10406477004289627,-0.4603731036186218,-1.2898497581481934,-0.18997590243816376,-0.526418924331665,-1.522167682647705,-0.2582392692565918,-0.5712153911590576,-1.7377066612243652,-0.3111439645290375,-0.17633403837680817,-0.976670503616333,-0.1225602850317955,-0.2461690753698349,-1.4093180894851685,-0.19711646437644958,-0.2848428189754486,-1.6872514486312866,-0.2617194652557373,-0.31493961811065674,-1.9304016828536987,-0.3114263117313385,-0.01399934571236372,-0.9392356276512146,-0.15633758902549744,-0.01696404628455639,-1.346872329711914,-0.24245434999465942,-0.013672959059476852,-1.6044608354568481,-0.29423490166664124,-0.01819462887942791,-1.8366914987564087,-0.3313731253147125,0.14548437297344208,-0.8302897810935974,-0.199846550822258,0.19097024202346802,-1.130130648612976,-0.2762162387371063,0.22227825224399567,-1.3279951810836792,-0.3027710020542145,0.2433667629957199,-1.5189447402954102,-0.32174694538116455,0.0,0.0,0.0,0.0,0.0,0.0,0.0,0.0,0.0,0.0,0.0,0.0,0.0,0.0,0.0,0.0,0.0,0.0,0.0,0.0,0.0,0.0,0.0,0.0,0.0,0.0,0.0,0.0,0.0,0.0,0.0,0.0,0.0,0.0,0.0,0.0,0.0,0.0,0.0,0.0,0.0,0.0,0.0,0.0,0.0,0.0,0.0,0.0,0.0,0.0,0.0,0.0,0.0,0.0,0.0,0.0,0.0,0.0,0.0,0.0,0.0,0.0,0.0,1,Hola,2025-10-17T12:49:50.936951
0.0,0.0,0.0,-0.25634294748306274,-0.13372094929218292,-0.11345198005437851,-0.4866999387741089,-0.4341050684452057,-0.16804690659046173,-0.6478652358055115,-0.7013995051383972,-0.2132241129875183,-0.825228750705719,-0.8419718146324158,-0.25915753841400146,-0.3591136634349823,-0.8992689251899719,-0.11107881367206573,-0.4936707615852356,-1.2802082300186157,-0.20043633878231049,-0.5691986083984375,-1.5151426792144775,-0.27095556259155273,-0.624133288860321,-1.7314494848251343,-0.32515352964401245,-0.20149870216846466,-0.9711947441101074,-0.12719692289829254,-0.2772005498409271,-1.400454044342041,-0.20465360581874847,-0.31440120935440063,-1.6774916648864746,-0.2686241865158081,-0.3419981002807617,-1.9182218313217163,-0.317369282245636,-0.03910651057958603,-0.9389203786849976,-0.1590929925441742,-0.04831882566213608,-1.3421374559402466,-0.24624128639698029,-0.0480949766933918,-1.5985734462738037,-0.29675450921058655,-0.055221349000930786,-1.8294538259506226,-0.33279988169670105,0.1249653622508049,-0.8363320827484131,-0.20144155621528625,0.16004860401153564,-1.137821078300476,-0.27813011407852173,0.18489333987236023,-1.3351293802261353,-0.3045122027397156,0.20118549466133118,-1.5256134271621704,-0.323302686214447,0.0,0.0,0.0,0.0,0.0,0.0,0.0,0.0,0.0,0.0,0.0,0.0,0.0,0.0,0.0,0.0,0.0,0.0,0.0,0.0,0.0,0.0,0.0,0.0,0.0,0.0,0.0,0.0,0.0,0.0,0.0,0.0,0.0,0.0,0.0,0.0,0.0,0.0,0.0,0.0,0.0,0.0,0.0,0.0,0.0,0.0,0.0,0.0,0.0,0.0,0.0,0.0,0.0,0.0,0.0,0.0,0.0,0.0,0.0,0.0,0.0,0.0,0.0,1,Hola,2025-10-17T12:49:51.022203
0.0,0.0,0.0,-0.2520114779472351,-0.13948652148246765,-0.11675958335399628,-0.4788910746574402,-0.4526045322418213,-0.1701519936323166,-0.6382825970649719,-0.7309235334396362,-0.2134520262479782,-0.8074508309364319,-0.8820905089378357,-0.2562592029571533,-0.34844037890434265,-0.9096214175224304,-0.11217526346445084,-0.4724172353744507,-1.3015481233596802,-0.20292890071868896,-0.5387841463088989,-1.5415434837341309,-0.2734043300151825,-0.5887188911437988,-1.7625904083251953,-0.3268948495388031,-0.18511007726192474,-0.9744005799293518,-0.12758436799049377,-0.25095313787460327,-1.407570719718933,-0.20514348149299622,-0.2827681601047516,-1.6846940517425537,-0.27092188596725464,-0.3091576099395752,-1.926110863685608,-0.3206613063812256,-0.021000899374485016,-0.9384757280349731,-0.15886186063289642,-0.018883703276515007,-1.3429203033447266,-0.24755999445915222,-0.011494237929582596,-1.5974485874176025,-0.2971857190132141,-0.014912004582583904,-1.8216841220855713,-0.3312777876853943,0.14270122349262238,-0.8304786682128906,-0.2007707953453064,0.18396398425102234,-1.132727026939392,-0.2796151041984558,0.2109805792570114,-1.333200454711914,-0.30536654591560364,0.22664082050323486,-1.5201148986816406,-0.3222496211528778,0.0,0.0,0.0,0.0,0.0,0.0,0.0,0.0,0.0,0.0,0.0,0.0,0.0,0.0,0.0,0.0,0.0,0.0,0.0,0.0,0.0,0.0,0.0,0.0,0.0,0.0,0.0,0.0,0.0,0.0,0.0,0.0,0.0,0.0,0.0,0.0,0.0,0.0,0.0,0.0,0.0,0.0,0.0,0.0,0.0,0.0,0.0,0.0,0.0,0.0,0.0,0.0,0.0,0.0,0.0,0.0,0.0,0.0,0.0,0.0,0.0,0.0,0.0,1,Hola,2025-10-17T12:49:51.113213
0.0,0.0,0.0,-0.24304820597171783,-0.15412284433841705,-0.11892286688089371,-0.4613002836704254,-0.46258044242858887,-0.1751253604888916,-0.6198881268501282,-0.7357669472694397,-0.22032402455806732,-0.7912121415138245,-0.8896144032478333,-0.26563283801078796,-0.32286664843559265,-0.9166852831840515,-0.11770283430814743,-0.4461594820022583,-1.3058489561080933,-0.20623061060905457,-0.5178589224815369,-1.5427138805389404,-0.2753775119781494,-0.5709253549575806,-1.7637050151824951,-0.3288181722164154,-0.1606370359659195,-0.9782650470733643,-0.13112248480319977,-0.2241268754005432,-1.4131869077682495,-0.2087675929069519,-0.2577255368232727,-1.6945208311080933,-0.27439600229263306,-0.285470575094223,-1.9430415630340576,-0.32465147972106934,0.0020858815405517817,-0.9362004399299622,-0.16003775596618652,0.0054549043998122215,-1.341565728187561,-0.24936142563819885,0.011329470202326775,-1.6019210815429688,-0.3014618456363678,0.007670319173485041,-1.8392683267593384,-0.3381805419921875,0.16126997768878937,-0.8261300921440125,-0.19921943545341492,0.20836520195007324,-1.1293598413467407,-0.2789299786090851,0.24174895882606506,-1.3295948505401611,-0.3063396215438843,0.26540783047676086,-1.5241106748580933,-0.32510140538215637,0.0,0.0,0.0,0.0,0.0,0.0,0.0,0.0,0.0,0.0,0.0,0.0,0.0,0.0,0.0,0.0,0.0,0.0,0.0,0.0,0.0,0.0,0.0,0.0,0.0,0.0,0.0,0.0,0.0,0.0,0.0,0.0,0.0,0.0,0.0,0.0,0.0,0.0,0.0,0.0,0.0,0.0,0.0,0.0,0.0,0.0,0.0,0.0,0.0,0.0,0.0,0.0,0.0,0.0,0.0,0.0,0.0,0.0,0.0,0.0,0.0,0.0,0.0,1,Hola,2025-10-17T12:49:51.201362
0.0,0.0,0.0,-0.24670414626598358,-0.15078675746917725,-0.118049755692482,-0.46134722232818604,-0.46570658683776855,-0.17377090454101562,-0.6136286854743958,-0.7421433925628662,-0.2187347114086151,-0.7832401990890503,-0.8996797800064087,-0.26481443643569946,-0.3160073757171631,-0.9194109439849854,-0.12014631927013397,-0.43470972776412964,-1.310100793838501,-0.20890897512435913,-0.5012879967689514,-1.5485361814498901,-0.27845051884651184,-0.5490159392356873,-1.771005630493164,-0.3329503834247589,-0.15070095658302307,-0.9792961478233337,-0.13516053557395935,-0.21231944859027863,-1.4102224111557007,-0.21461006999015808,-0.24382543563842773,-1.6909376382827759,-0.28349122405052185,-0.2688843309879303,-1.9394400119781494,-0.33691927790641785,0.011643248610198498,-0.9319142699241638,-0.16523274779319763,0.02763443812727928,-1.3316230773925781,-0.25593218207359314,0.04137752205133438,-1.5910676717758179,-0.3112158477306366,0.04483697563409805,-1.8282374143600464,-0.35099437832832336,0.16712459921836853,-0.8156035542488098,-0.20526376366615295,0.21648456156253815,-1.114254355430603,-0.2866332530975342,0.25036677718162537,-1.3139876127243042,-0.3164712190628052,0.27459508180618286,-1.5091607570648193,-0.3378714621067047,0.0,0.0,0.0,0.0,0.0,0.0,0.0,0.0,0.0,0.0,0.0,0.0,0.0,0.0,0.0,0.0,0.0,0.0,0.0,0.0,0.0,0.0,0.0,0.0,0.0,0.0,0.0,0.0,0.0,0.0,0.0,0.0,0.0,0.0,0.0,0.0,0.0,0.0,0.0,0.0,0.0,0.0,0.0,0.0,0.0,0.0,0.0,0.0,0.0,0.0,0.0,0.0,0.0,0.0,0.0,0.0,0.0,0.0,0.0,0.0,0.0,0.0,0.0,1,Hola,2025-10-17T12:49:51.291448
0.0,0.0,0.0,-0.24461355805397034,-0.15853938460350037,-0.12118193507194519,-0.4543457329273224,-0.47528260946273804,-0.17949248850345612,-0.610025942325592,-0.7469066977500916,-0.22658449411392212,-0.7778267860412598,-0.9080068469047546,-0.27480897307395935,-0.3128625154495239,-0.922511637210846,-0.12394054234027863,-0.4276857078075409,-1.3134870529174805,-0.2154168039560318,-0.492260605096817,-1.5518193244934082,-0.28680092096328735,-0.5370280742645264,-1.7764461040496826,-0.3425649404525757,-0.14634621143341064,-0.9795804619789124,-0.13785897195339203,-0.20479069650173187,-1.4057282209396362,-0.22090978920459747,-0.23563094437122345,-1.6834015846252441,-0.29253801703453064,-0.25925830006599426,-1.9369761943817139,-0.34796905517578125,0.01584138348698616,-0.9269902110099792,-0.16680310666561127,0.03266115114092827,-1.3323239088058472,-0.2626023590564728,0.04923718050122261,-1.5944218635559082,-0.32063838839530945,0.05608172342181206,-1.8380845785140991,-0.36179569363594055,0.1693580448627472,-0.8044567704200745,-0.20544396340847015,0.2219478338956833,-1.103929877281189,-0.2923307418823242,0.2575165927410126,-1.3059138059616089,-0.32460999488830566,0.28260338306427,-1.5069124698638916,-0.3471122086048126,0.0,0.0,0.0,0.0,0.0,0.0,0.0,0.0,0.0,0.0,0.0,0.0,0.0,0.0,0.0,0.0,0.0,0.0,0.0,0.0,0.0,0.0,0.0,0.0,0.0,0.0,0.0,0.0,0.0,0.0,0.0,0.0,0.0,0.0,0.0,0.0,0.0,0.0,0.0,0.0,0.0,0.0,0.0,0.0,0.0,0.0,0.0,0.0,0.0,0.0,0.0,0.0,0.0,0.0,0.0,0.0,0.0,0.0,0.0,0.0,0.0,0.0,0.0,1,Hola,2025-10-17T12:49:51.378352
0.0,0.0,0.0,-0.2436237633228302,-0.1545351892709732,-0.11489161103963852,-0.4552307724952698,-0.4784225523471832,-0.17176243662834167,-0.6114470958709717,-0.7526728510856628,-0.21853326261043549,-0.7822445034980774,-0.9102357029914856,-0.2673317492008209,-0.3185153901576996,-0.9192472100257874,-0.12561094760894775,-0.4379068911075592,-1.3099191188812256,-0.21627837419509888,-0.5039656758308411,-1.5474148988723755,-0.2862318754196167,-0.5506802797317505,-1.7715623378753662,-0.34088361263275146,-0.15237227082252502,-0.9780250191688538,-0.14230209589004517,-0.21789447963237762,-1.411765217781067,-0.2252904176712036,-0.25171008706092834,-1.694028377532959,-0.295650839805603,-0.2782628834247589,-1.9533331394195557,-0.34992486238479614,0.01189515832811594,-0.9264013767242432,-0.1727200299501419,0.024137547239661217,-1.3376792669296265,-0.2673240900039673,0.040039002895355225,-1.6038802862167358,-0.324556827545166,0.04699431732296944,-1.8513377904891968,-0.36491838097572327,0.1691982001066208,-0.8048073053359985,-0.21212022006511688,0.21511943638324738,-1.1118245124816895,-0.297169953584671,0.24566179513931274,-1.3197369575500488,-0.3287894129753113,0.2667456567287445,-1.5263597965240479,-0.3509849011898041,0.0,0.0,0.0,0.0,0.0,0.0,0.0,0.0,0.0,0.0,0.0,0.0,0.0,0.0,0.0,0.0,0.0,0.0,0.0,0.0,0.0,0.0,0.0,0.0,0.0,0.0,0.0,0.0,0.0,0.0,0.0,0.0,0.0,0.0,0.0,0.0,0.0,0.0,0.0,0.0,0.0,0.0,0.0,0.0,0.0,0.0,0.0,0.0,0.0,0.0,0.0,0.0,0.0,0.0,0.0,0.0,0.0,0.0,0.0,0.0,0.0,0.0,0.0,1,Hola,2025-10-17T12:49:51.464727
0.0,0.0,0.0,-0.24242423474788666,-0.1565409004688263,-0.11412179470062256,-0.4530433416366577,-0.4732876121997833,-0.17134235799312592,-0.6094242334365845,-0.7463824152946472,-0.21842996776103973,-0.7815335988998413,-0.9056069850921631,-0.26735228300094604,-0.3137635290622711,-0.921076238155365,-0.12292315810918808,-0.43302807211875916,-1.3073674440383911,-0.21338051557540894,-0.5015972852706909,-1.541476845741272,-0.2835139036178589,-0.5508378148078918,-1.7632594108581543,-0.338615745306015,-0.1492634117603302,-0.9786786437034607,-0.14109793305397034,-0.21145783364772797,-1.4093847274780273,-0.2232213020324707,-0.24341459572315216,-1.6874576807022095,-0.292835533618927,-0.26854634284973145,-1.939414143562317,-0.3466828763484955,0.014088080264627934,-0.9249294400215149,-0.17339760065078735,0.026573656126856804,-1.330732822418213,-0.2683669328689575,0.04218463972210884,-1.5934760570526123,-0.32453179359436035,0.04911718890070915,-1.8378920555114746,-0.3644527792930603,0.17028357088565826,-0.8009551167488098,-0.21464774012565613,0.21863220632076263,-1.105412483215332,-0.3001553416252136,0.2528071105480194,-1.3088270425796509,-0.33032071590423584,0.2774673104286194,-1.5116478204727173,-0.351528137922287,0.0,0.0,0.0,0.0,0.0,0.0,0.0,0.0,0.0,0.0,0.0,0.0,0.0,0.0,0.0,0.0,0.0,0.0,0.0,0.0,0.0,0.0,0.0,0.0,0.0,0.0,0.0,0.0,0.0,0.0,0.0,0.0,0.0,0.0,0.0,0.0,0.0,0.0,0.0,0.0,0.0,0.0,0.0,0.0,0.0,0.0,0.0,0.0,0.0,0.0,0.0,0.0,0.0,0.0,0.0,0.0,0.0,0.0,0.0,0.0,0.0,0.0,0.0,1,Hola,2025-10-17T12:49:51.549412
0.0,0.0,0.0,-0.23938675224781036,-0.1580030620098114,-0.11360806226730347,-0.45215144753456116,-0.47236189246177673,-0.16988511383533478,-0.6095236539840698,-0.7430832386016846,-0.21612359583377838,-0.7793239951133728,-0.8989819884300232,-0.26402875781059265,-0.3101791739463806,-0.9220165014266968,-0.11984415352344513,-0.4309622049331665,-1.3069839477539062,-0.20977988839149475,-0.49911195039749146,-1.5410618782043457,-0.2803385853767395,-0.5484018921852112,-1.7620646953582764,-0.3357681930065155,-0.14622361958026886,-0.9796649217605591,-0.13738790154457092,-0.20651602745056152,-1.4092745780944824,-0.21905404329299927,-0.23786573112010956,-1.6866072416305542,-0.28872960805892944,-0.2639464735984802,-1.935801386833191,-0.3423960506916046,0.01643095351755619,-0.9267973303794861,-0.16921843588352203,0.03219342604279518,-1.327933430671692,-0.26275917887687683,0.04708501324057579,-1.5886813402175903,-0.31847867369651794,0.052420102059841156,-1.8288253545761108,-0.35802966356277466,0.17200960218906403,-0.8043960332870483,-0.21019712090492249,0.22313567996025085,-1.1038801670074463,-0.29322493076324463,0.25939059257507324,-1.3033514022827148,-0.32233086228370667,0.2857789099216461,-1.500008225440979,-0.34288540482521057,0.0,0.0,0.0,0.0,0.0,0.0,0.0,0.0,0.0,0.0,0.0,0.0,0.0,0.0,0.0,0.0,0.0,0.0,0.0,0.0,0.0,0.0,0.0,0.0,0.0,0.0,0.0,0.0,0.0,0.0,0.0,0.0,0.0,0.0,0.0,0.0,0.0,0.0,0.0,0.0,0.0,0.0,0.0,0.0,0.0,0.0,0.0,0.0,0.0,0.0,0.0,0.0,0.0,0.0,0.0,0.0,0.0,0.0,0.0,0.0,0.0,0.0,0.0,1,Hola,2025-10-17T12:49:51.636902
0.0,0.0,0.0,-0.2374999225139618,-0.1580260843038559,-0.11346304416656494,-0.4488060176372528,-0.47091856598854065,-0.1706072837114334,-0.6059195399284363,-0.7403803467750549,-0.21777042746543884,-0.7768360376358032,-0.8961770534515381,-0.26711443066596985,-0.3086695373058319,-0.9228774905204773,-0.12443920969963074,-0.4299338161945343,-1.3090178966522217,-0.21567127108573914,-0.4975186586380005,-1.5435054302215576,-0.28666460514068604,-0.5459001064300537,-1.7655099630355835,-0.34247711300849915,-0.14373038709163666,-0.9792417287826538,-0.142923966050148,-0.20531603693962097,-1.4099295139312744,-0.22565937042236328,-0.23703619837760925,-1.687253475189209,-0.2961030900478363,-0.26304197311401367,-1.9379363059997559,-0.3507891595363617,0.0201805979013443,-0.9245855212211609,-0.17538471519947052,0.036261186003685,-1.3285176753997803,-0.2704555094242096,0.0522354431450367,-1.590983271598816,-0.327647864818573,0.05850045755505562,-1.8341259956359863,-0.3685975670814514,0.17665787041187286,-0.7998694181442261,-0.21676596999168396,0.22802020609378815,-1.100229024887085,-0.3018724322319031,0.264370858669281,-1.301390528678894,-0.3325222134590149,0.29021313786506653,-1.501386284828186,-0.35442328453063965,0.0,0.0,0.0,0.0,0.0,0.0,0.0,0.0,0.0,0.0,0.0,0.0,0.0,0.0,0.0,0.0,0.0,0.0,0.0,0.0,0.0,0.0,0.0,0.0,0.0,0.0,0.0,0.0,0.0,0.0,0.0,0.0,0.0,0.0,0.0,0.0,0.0,0.0,0.0,0.0,0.0,0.0,0.0,0.0,0.0,0.0,0.0,0.0,0.0,0.0,0.0,0.0,0.0,0.0,0.0,0.0,0.0,0.0,0.0,0.0,0.0,0.0,0.0,1,Hola,2025-10-17T12:49:51.723219
0.0,0.0,0.0,-0.24294239282608032,-0.16266389191150665,-0.11097948998212814,-0.45749223232269287,-0.47720104455947876,-0.1661994606256485,-0.6132134199142456,-0.7465645670890808,-0.2119813710451126,-0.7815697193145752,-0.9001189470291138,-0.25924351811408997,-0.3133341670036316,-0.9187794923782349,-0.11957962065935135,-0.4354530870914459,-1.3055553436279297,-0.20994512736797333,-0.50440514087677,-1.5436732769012451,-0.2808845043182373,-0.5542914271354675,-1.767993688583374,-0.33673155307769775,-0.15086311101913452,-0.9788362383842468,-0.1382751315832138,-0.21359610557556152,-1.408170223236084,-0.21955986320972443,-0.24514617025852203,-1.6878358125686646,-0.2880721390247345,-0.26985687017440796,-1.937398910522461,-0.34127160906791687,0.012562972493469715,-0.9284898042678833,-0.1710730493068695,0.029340658336877823,-1.3316049575805664,-0.2637282907962799,0.043644316494464874,-1.5893058776855469,-0.3178102970123291,0.04761646315455437,-1.826192855834961,-0.3564735949039459,0.17038367688655853,-0.8070660829544067,-0.21303850412368774,0.22269482910633087,-1.108644723892212,-0.29558414220809937,0.25596141815185547,-1.3096849918365479,-0.32453760504722595,0.27821335196495056,-1.5087167024612427,-0.34521567821502686,0.0,0.0,0.0,0.0,0.0,0.0,0.0,0.0,0.0,0.0,0.0,0.0,0.0,0.0,0.0,0.0,0.0,0.0,0.0,0.0,0.0,0.0,0.0,0.0,0.0,0.0,0.0,0.0,0.0,0.0,0.0,0.0,0.0,0.0,0.0,0.0,0.0,0.0,0.0,0.0,0.0,0.0,0.0,0.0,0.0,0.0,0.0,0.0,0.0,0.0,0.0,0.0,0.0,0.0,0.0,0.0,0.0,0.0,0.0,0.0,0.0,0.0,0.0,1,Hola,2025-10-17T12:49:51.814663
0.0,0.0,0.0,-0.2426173835992813,-0.16710998117923737,-0.11153090745210648,-0.45211902260780334,-0.48046907782554626,-0.1683771312236786,-0.6086820960044861,-0.7495673298835754,-0.21576981246471405,-0.7788149118423462,-0.9043770432472229,-0.26502659916877747,-0.30973416566848755,-0.924528181552887,-0.11894095689058304,-0.42745327949523926,-1.31229829788208,-0.20979511737823486,-0.49486321210861206,-1.5493988990783691,-0.2809397280216217,-0.5439468622207642,-1.7723767757415771,-0.3366687595844269,-0.14299161732196808,-0.9799910187721252,-0.13845954835414886,-0.19854648411273956,-1.408149242401123,-0.22096551954746246,-0.2290605753660202,-1.686200499534607,-0.29120001196861267,-0.25514164566993713,-1.9363383054733276,-0.345248818397522,0.021632101386785507,-0.926755964756012,-0.17218567430973053,0.03867647796869278,-1.3297717571258545,-0.2675580680370331,0.05343110114336014,-1.5904865264892578,-0.32389625906944275,0.05815358832478523,-1.8310439586639404,-0.3634919226169586,0.17815540730953217,-0.8039765357971191,-0.21475060284137726,0.23118363320827484,-1.1054614782333374,-0.3000160753726959,0.26799601316452026,-1.30596923828125,-0.32982510328292847,0.2944757342338562,-1.5030186176300049,-0.35046347975730896,0.0,0.0,0.0,0.0,0.0,0.0,0.0,0.0,0.0,0.0,0.0,0.0,0.0,0.0,0.0,0.0,0.0,0.0,0.0,0.0,0.0,0.0,0.0,0.0,0.0,0.0,0.0,0.0,0.0,0.0,0.0,0.0,0.0,0.0,0.0,0.0,0.0,0.0,0.0,0.0,0.0,0.0,0.0,0.0,0.0,0.0,0.0,0.0,0.0,0.0,0.0,0.0,0.0,0.0,0.0,0.0,0.0,0.0,0.0,0.0,0.0,0.0,0.0,1,Hola,2025-10-17T12:49:51.901960
0.0,0.0,0.0,-0.24092811346054077,-0.16562046110630035,-0.11496980488300323,-0.45201507210731506,-0.4748356342315674,-0.1747402846813202,-0.6088226437568665,-0.742241621017456,-0.22493863105773926,-0.7800968289375305,-0.8975183963775635,-0.27709662914276123,-0.30972716212272644,-0.9206667542457581,-0.12642966210842133,-0.43282201886177063,-1.3095535039901733,-0.22248360514640808,-0.5015435814857483,-1.5494968891143799,-0.2966122329235077,-0.5503770709037781,-1.776159405708313,-0.3541407287120819,-0.14382754266262054,-0.9788358211517334,-0.1455817073583603,-0.20562557876110077,-1.406852126121521,-0.23252767324447632,-0.23897095024585724,-1.686711311340332,-0.30396339297294617,-0.2668777406215668,-1.938673496246338,-0.3589111566543579,0.021465538069605827,-0.9284796714782715,-0.17936255037784576,0.036172933876514435,-1.3304115533828735,-0.2773110568523407,0.05068284645676613,-1.592024564743042,-0.3326411545276642,0.054901402443647385,-1.8344382047653198,-0.3715595006942749,0.17974305152893066,-0.8088735938072205,-0.22259342670440674,0.2309390753507614,-1.1109509468078613,-0.3084779381752014,0.2671416103839874,-1.312526822090149,-0.33785977959632874,0.29292312264442444,-1.51227605342865,-0.3586108386516571,0.0,0.0,0.0,0.0,0.0,0.0,0.0,0.0,0.0,0.0,0.0,0.0,0.0,0.0,0.0,0.0,0.0,0.0,0.0,0.0,0.0,0.0,0.0,0.0,0.0,0.0,0.0,0.0,0.0,0.0,0.0,0.0,0.0,0.0,0.0,0.0,0.0,0.0,0.0,0.0,0.0,0.0,0.0,0.0,0.0,0.0,0.0,0.0,0.0,0.0,0.0,0.0,0.0,0.0,0.0,0.0,0.0,0.0,0.0,0.0,0.0,0.0,0.0,1,Hola,2025-10-17T12:49:51.987797
0.0,0.0,0.0,-0.24198736250400543,-0.16622397303581238,-0.10926909744739532,-0.4530368447303772,-0.48441213369369507,-0.1648748219013214,-0.6110348105430603,-0.7509904503822327,-0.21101859211921692,-0.7840152978897095,-0.9012159705162048,-0.25999224185943604,-0.3088431656360626,-0.923429548740387,-0.12511254847049713,-0.42958202958106995,-1.3152318000793457,-0.2161426991224289,-0.4963916540145874,-1.5543246269226074,-0.28597599267959595,-0.5446828603744507,-1.7801117897033691,-0.34063994884490967,-0.13942645490169525,-0.9794681668281555,-0.14561012387275696,-0.1958860456943512,-1.4155497550964355,-0.22716106474399567,-0.2251996546983719,-1.6967154741287231,-0.295881986618042,-0.25045010447502136,-1.9505634307861328,-0.34920573234558105,0.02759690210223198,-0.9243306517601013,-0.1794188916683197,0.04650440439581871,-1.3306646347045898,-0.27374351024627686,0.06318023055791855,-1.5939819812774658,-0.3293960690498352,0.0690007135272026,-1.8392630815505981,-0.36900612711906433,0.18550337851047516,-0.7992894053459167,-0.22162199020385742,0.2387470304965973,-1.1033821105957031,-0.3057445287704468,0.27592211961746216,-1.3060168027877808,-0.3343767821788788,0.3018811047077179,-1.5078376531600952,-0.35469886660575867,0.0,0.0,0.0,0.0,0.0,0.0,0.0,0.0,0.0,0.0,0.0,0.0,0.0,0.0,0.0,0.0,0.0,0.0,0.0,0.0,0.0,0.0,0.0,0.0,0.0,0.0,0.0,0.0,0.0,0.0,0.0,0.0,0.0,0.0,0.0,0.0,0.0,0.0,0.0,0.0,0.0,0.0,0.0,0.0,0.0,0.0,0.0,0.0,0.0,0.0,0.0,0.0,0.0,0.0,0.0,0.0,0.0,0.0,0.0,0.0,0.0,0.0,0.0,1,Hola,2025-10-17T12:49:52.072936
0.0,0.0,0.0,-0.2487798035144806,-0.16489896178245544,-0.10636734217405319,-0.4624391794204712,-0.49162256717681885,-0.15955103933811188,-0.6128344535827637,-0.7677217125892639,-0.2031613439321518,-0.7792186737060547,-0.9174866676330566,-0.2488899827003479,-0.3061715066432953,-0.9221597909927368,-0.12634682655334473,-0.42200490832328796,-1.3209309577941895,-0.21592092514038086,-0.4880542755126953,-1.5649229288101196,-0.2847025394439697,-0.5355457663536072,-1.7927037477493286,-0.33827584981918335,-0.1378660947084427,-0.9795449376106262,-0.14657637476921082,-0.1891763061285019,-1.4225035905838013,-0.22432789206504822,-0.21423274278640747,-1.7077295780181885,-0.28934216499328613,-0.23365801572799683,-1.9595526456832886,-0.3403865694999695,0.02929013967514038,-0.9273537397384644,-0.17939215898513794,0.05611339583992958,-1.3362033367156982,-0.26744335889816284,0.07241963595151901,-1.5968973636627197,-0.31802812218666077,0.0772785022854805,-1.8361390829086304,-0.35517919063568115,0.18772777915000916,-0.8017223477363586,-0.22093801200389862,0.24780642986297607,-1.1086430549621582,-0.30116936564445496,0.28386160731315613,-1.3121229410171509,-0.32687288522720337,0.30803072452545166,-1.511702060699463,-0.34501945972442627,0.0,0.0,0.0,0.0,0.0,0.0,0.0,0.0,0.0,0.0,0.0,0.0,0.0,0.0,0.0,0.0,0.0,0.0,0.0,0.0,0.0,0.0,0.0,0.0,0.0,0.0,0.0,0.0,0.0,0.0,0.0,0.0,0.0,0.0,0.0,0.0,0.0,0.0,0.0,0.0,0.0,0.0,0.0,0.0,0.0,0.0,0.0,0.0,0.0,0.0,0.0,0.0,0.0,0.0,0.0,0.0,0.0,0.0,0.0,0.0,0.0,0.0,0.0,1,Hola,2025-10-17T12:49:52.170782
0.0,0.0,0.0,-0.2536936104297638,-0.15658950805664062,-0.1127818152308464,-0.46616482734680176,-0.4780597984790802,-0.17207176983356476,-0.6205018162727356,-0.7486586570739746,-0.22153940796852112,-0.7877115607261658,-0.8987727165222168,-0.2731223404407501,-0.32865601778030396,-0.9175968766212463,-0.12392619252204895,-0.44939368963241577,-1.313762903213501,-0.2173060178756714,-0.5132886171340942,-1.5598139762878418,-0.2907242774963379,-0.5562549829483032,-1.781236171722412,-0.34618058800697327,-0.15608051419258118,-0.9774099588394165,-0.14250856637954712,-0.21439531445503235,-1.423490285873413,-0.22384916245937347,-0.24616865813732147,-1.7131295204162598,-0.2937629818916321,-0.27040526270866394,-1.9698017835617065,-0.34656834602355957,0.014127983711659908,-0.9297370910644531,-0.17529916763305664,0.02900475263595581,-1.3526606559753418,-0.26563647389411926,0.04387430101633072,-1.626113772392273,-0.3244648277759552,0.05152178928256035,-1.8734214305877686,-0.3660067617893219,0.17824266850948334,-0.8079798221588135,-0.21703286468982697,0.22894319891929626,-1.1173115968704224,-0.2986545264720917,0.25915563106536865,-1.3321621417999268,-0.33064788579940796,0.2781488001346588,-1.5424580574035645,-0.3525228500366211,0.0,0.0,0.0,0.0,0.0,0.0,0.0,0.0,0.0,0.0,0.0,0.0,0.0,0.0,0.0,0.0,0.0,0.0,0.0,0.0,0.0,0.0,0.0,0.0,0.0,0.0,0.0,0.0,0.0,0.0,0.0,0.0,0.0,0.0,0.0,0.0,0.0,0.0,0.0,0.0,0.0,0.0,0.0,0.0,0.0,0.0,0.0,0.0,0.0,0.0,0.0,0.0,0.0,0.0,0.0,0.0,0.0,0.0,0.0,0.0,0.0,0.0,0.0,1,Hola,2025-10-17T12:49:52.257763
0.0,0.0,0.0,-0.25020238757133484,-0.14777743816375732,-0.12009111046791077,-0.4678262174129486,-0.45736929774284363,-0.18094676733016968,-0.62840336561203,-0.7243565320968628,-0.23061969876289368,-0.8002725839614868,-0.8797624707221985,-0.28227004408836365,-0.3317728340625763,-0.910187840461731,-0.13277965784072876,-0.46130049228668213,-1.3008571863174438,-0.22803352773189545,-0.531165599822998,-1.5398732423782349,-0.3013552129268646,-0.5803126096725464,-1.7658874988555908,-0.3580704629421234,-0.16223521530628204,-0.975417971611023,-0.1491294503211975,-0.23027218878269196,-1.4116135835647583,-0.23537519574165344,-0.2680162191390991,-1.6941792964935303,-0.30837374925613403,-0.2995827794075012,-1.9519917964935303,-0.36431950330734253,0.004857990425080061,-0.9283223152160645,-0.1797914206981659,0.014683233574032784,-1.34071946144104,-0.27738451957702637,0.025341929867863655,-1.6091225147247314,-0.33680838346481323,0.02649289183318615,-1.8574872016906738,-0.3785926401615143,0.16340722143650055,-0.8100186586380005,-0.21969027817249298,0.2110718935728073,-1.1168347597122192,-0.3067951798439026,0.2434876710176468,-1.3235725164413452,-0.33867916464805603,0.2646157145500183,-1.5278443098068237,-0.3608490824699402,0.0,0.0,0.0,0.0,0.0,0.0,0.0,0.0,0.0,0.0,0.0,0.0,0.0,0.0,0.0,0.0,0.0,0.0,0.0,0.0,0.0,0.0,0.0,0.0,0.0,0.0,0.0,0.0,0.0,0.0,0.0,0.0,0.0,0.0,0.0,0.0,0.0,0.0,0.0,0.0,0.0,0.0,0.0,0.0,0.0,0.0,0.0,0.0,0.0,0.0,0.0,0.0,0.0,0.0,0.0,0.0,0.0,0.0,0.0,0.0,0.0,0.0,0.0,1,Hola,2025-10-17T12:49:52.343701
0.0,0.0,0.0,-0.2503774166107178,-0.13431188464164734,-0.11612017452716827,-0.4771861135959625,-0.43380582332611084,-0.17966648936271667,-0.6468407511711121,-0.6903421878814697,-0.2325163632631302,-0.8263223767280579,-0.8360669016838074,-0.28737297654151917,-0.3619008958339691,-0.8944115042686462,-0.13341274857521057,-0.5009474754333496,-1.2784552574157715,-0.2268529087305069,-0.5771588087081909,-1.512947916984558,-0.2985633611679077,-0.6313415169715881,-1.7323158979415894,-0.3537895679473877,-0.19399385154247284,-0.9692531228065491,-0.15137630701065063,-0.27300554513931274,-1.4085057973861694,-0.23448295891284943,-0.3151460289955139,-1.6917073726654053,-0.3044031858444214,-0.3477068245410919,-1.9493156671524048,-0.3580245077610016,-0.02455909550189972,-0.9290674328804016,-0.1829768419265747,-0.025640057399868965,-1.3471261262893677,-0.27616259455680847,-0.020301813259720802,-1.6181493997573853,-0.3350626528263092,-0.021738210693001747,-1.8705646991729736,-0.37722447514533997,0.14012403786182404,-0.8145142197608948,-0.22338858246803284,0.17925402522087097,-1.1232167482376099,-0.30792251229286194,0.20361436903476715,-1.337631106376648,-0.3408416509628296,0.2192126363515854,-1.5522358417510986,-0.3638754189014435,0.0,0.0,0.0,0.0,0.0,0.0,0.0,0.0,0.0,0.0,0.0,0.0,0.0,0.0,0.0,0.0,0.0,0.0,0.0,0.0,0.0,0.0,0.0,0.0,0.0,0.0,0.0,0.0,0.0,0.0,0.0,0.0,0.0,0.0,0.0,0.0,0.0,0.0,0.0,0.0,0.0,0.0,0.0,0.0,0.0,0.0,0.0,0.0,0.0,0.0,0.0,0.0,0.0,0.0,0.0,0.0,0.0,0.0,0.0,0.0,0.0,0.0,0.0,1,Hola,2025-10-17T12:49:52.432374
0.0,0.0,0.0,-0.2493056058883667,-0.13902927935123444,-0.11439674347639084,-0.4794224798679352,-0.4294714629650116,-0.17360933125019073,-0.6510707139968872,-0.6851715445518494,-0.22273340821266174,-0.8309141397476196,-0.8269271850585938,-0.2740318477153778,-0.3623974621295929,-0.8930848240852356,-0.12532897293567657,-0.5018709301948547,-1.2680408954620361,-0.21832191944122314,-0.5807692408561707,-1.4985686540603638,-0.2906133234500885,-0.6387243866920471,-1.7201805114746094,-0.3473791480064392,-0.19664204120635986,-0.9697490930557251,-0.14463253319263458,-0.2785559296607971,-1.399917721748352,-0.22840380668640137,-0.32351619005203247,-1.678750991821289,-0.29940298199653625,-0.36083194613456726,-1.9333515167236328,-0.35435307025909424,-0.027010811492800713,-0.9302636384963989,-0.1780063509941101,-0.03418160229921341,-1.3371020555496216,-0.27441349625587463,-0.03338426351547241,-1.602696180343628,-0.33141547441482544,-0.04030003398656845,-1.8496266603469849,-0.37176254391670227,0.13842052221298218,-0.8188030123710632,-0.22033023834228516,0.17505699396133423,-1.128263235092163,-0.3061182200908661,0.20198391377925873,-1.3340222835540771,-0.33572039008140564,0.21872994303703308,-1.5380992889404297,-0.3565191626548767,0.0,0.0,0.0,0.0,0.0,0.0,0.0,0.0,0.0,0.0,0.0,0.0,0.0,0.0,0.0,0.0,0.0,0.0,0.0,0.0,0.0,0.0,0.0,0.0,0.0,0.0,0.0,0.0,0.0,0.0,0.0,0.0,0.0,0.0,0.0,0.0,0.0,0.0,0.0,0.0,0.0,0.0,0.0,0.0,0.0,0.0,0.0,0.0,0.0,0.0,0.0,0.0,0.0,0.0,0.0,0.0,0.0,0.0,0.0,0.0,0.0,0.0,0.0,1,Hola,2025-10-17T12:49:52.517419
0.0,0.0,0.0,-0.2576376795768738,-0.12952692806720734,-0.11565779149532318,-0.4916748106479645,-0.4213268756866455,-0.1785510778427124,-0.6680991649627686,-0.6770020127296448,-0.23097150027751923,-0.8559879660606384,-0.8091222047805786,-0.28527697920799255,-0.38305598497390747,-0.882979691028595,-0.13372449576854706,-0.5281890630722046,-1.2605072259902954,-0.2273995280265808,-0.6089484691619873,-1.4924513101577759,-0.29970479011535645,-0.6683415770530701,-1.7139631509780884,-0.356212317943573,-0.21741528809070587,-0.9641040563583374,-0.15242695808410645,-0.30654454231262207,-1.3978488445281982,-0.23644377291202545,-0.355274498462677,-1.679883360862732,-0.30688226222991943,-0.3962368667125702,-1.938300609588623,-0.36117497086524963,-0.045775096863508224,-0.9303204417228699,-0.1843329817056656,-0.06014921888709068,-1.3464672565460205,-0.2799850106239319,-0.06176059693098068,-1.6149771213531494,-0.3367125391960144,-0.07216379791498184,-1.8658274412155151,-0.37687286734580994,0.12344705313444138,-0.8233552575111389,-0.22502994537353516,0.15606991946697235,-1.135642409324646,-0.31109678745269775,0.17553840577602386,-1.3470501899719238,-0.3414815366268158,0.18380329012870789,-1.5575376749038696,-0.3622837960720062,0.0,0.0,0.0,0.0,0.0,0.0,0.0,0.0,0.0,0.0,0.0,0.0,0.0,0.0,0.0,0.0,0.0,0.0,0.0,0.0,0.0,0.0,0.0,0.0,0.0,0.0,0.0,0.0,0.0,0.0,0.0,0.0,0.0,0.0,0.0,0.0,0.0,0.0,0.0,0.0,0.0,0.0,0.0,0.0,0.0,0.0,0.0,0.0,0.0,0.0,0.0,0.0,0.0,0.0,0.0,0.0,0.0,0.0,0.0,0.0,0.0,0.0,0.0,1,Hola,2025-10-17T12:49:52.603040
0.0,0.0,0.0,-0.2602998912334442,-0.12643907964229584,-0.12003930658102036,-0.4936329424381256,-0.4105614125728607,-0.18343615531921387,-0.6713212132453918,-0.6670042276382446,-0.2358652651309967,-0.858761727809906,-0.8062434792518616,-0.2902846336364746,-0.38511380553245544,-0.883725106716156,-0.13351862132549286,-0.5309829115867615,-1.2602505683898926,-0.22849389910697937,-0.6143713593482971,-1.4905099868774414,-0.302307665348053,-0.6785640120506287,-1.7121659517288208,-0.3600897789001465,-0.21694405376911163,-0.9644011855125427,-0.1512138545513153,-0.30606862902641296,-1.3962782621383667,-0.23814594745635986,-0.35749512910842896,-1.6783636808395386,-0.31178611516952515,-0.4028215706348419,-1.937238097190857,-0.3682706356048584,-0.04383121803402901,-0.9297064542770386,-0.18280653655529022,-0.05727507546544075,-1.3394583463668823,-0.2830486595630646,-0.061985865235328674,-1.6080832481384277,-0.34185999631881714,-0.07540334761142731,-1.8586033582687378,-0.3827314078807831,0.12475398927927017,-0.8240413665771484,-0.2233995944261551,0.15807786583900452,-1.1393624544143677,-0.3126552402973175,0.18292807042598724,-1.3468258380889893,-0.3428109288215637,0.19708849489688873,-1.5520426034927368,-0.3631696403026581,0.0,0.0,0.0,0.0,0.0,0.0,0.0,0.0,0.0,0.0,0.0,0.0,0.0,0.0,0.0,0.0,0.0,0.0,0.0,0.0,0.0,0.0,0.0,0.0,0.0,0.0,0.0,0.0,0.0,0.0,0.0,0.0,0.0,0.0,0.0,0.0,0.0,0.0,0.0,0.0,0.0,0.0,0.0,0.0,0.0,0.0,0.0,0.0,0.0,0.0,0.0,0.0,0.0,0.0,0.0,0.0,0.0,0.0,0.0,0.0,0.0,0.0,0.0,1,Hola,2025-10-17T12:49:52.690753
0.0,0.0,0.0,-0.2664271593093872,-0.12621881067752838,-0.11599618941545486,-0.5079189538955688,-0.4184529185295105,-0.17637678980827332,-0.6863362193107605,-0.6786375045776367,-0.22627697885036469,-0.8738853931427002,-0.810404896736145,-0.27804282307624817,-0.38969045877456665,-0.8825399279594421,-0.13132449984550476,-0.5378775596618652,-1.2674394845962524,-0.2248581051826477,-0.6235128045082092,-1.5041086673736572,-0.2974903881549835,-0.687590479850769,-1.7275686264038086,-0.3542018234729767,-0.22422468662261963,-0.9628133177757263,-0.15071113407611847,-0.31532996892929077,-1.4026756286621094,-0.23409545421600342,-0.3647882342338562,-1.6895391941070557,-0.3040185868740082,-0.40426623821258545,-1.9460418224334717,-0.3579597771167755,-0.05082171782851219,-0.932006299495697,-0.18394522368907928,-0.06459763646125793,-1.350739598274231,-0.2788851857185364,-0.07218173891305923,-1.6166303157806396,-0.33438101410865784,-0.0887264832854271,-1.8611531257629395,-0.3741077184677124,0.12228920310735703,-0.8296369314193726,-0.22633016109466553,0.1542467474937439,-1.1466814279556274,-0.31297850608825684,0.17341631650924683,-1.3557653427124023,-0.34227338433265686,0.18052026629447937,-1.5612943172454834,-0.36238470673561096,0.0,0.0,0.0,0.0,0.0,0.0,0.0,0.0,0.0,0.0,0.0,0.0,0.0,0.0,0.0,0.0,0.0,0.0,0.0,0.0,0.0,0.0,0.0,0.0,0.0,0.0,0.0,0.0,0.0,0.0,0.0,0.0,0.0,0.0,0.0,0.0,0.0,0.0,0.0,0.0,0.0,0.0,0.0,0.0,0.0,0.0,0.0,0.0,0.0,0.0,0.0,0.0,0.0,0.0,0.0,0.0,0.0,0.0,0.0,0.0,0.0,0.0,0.0,1,Hola,2025-10-17T12:49:52.776703
0.0,0.0,0.0,-0.26085829734802246,-0.12710994482040405,-0.11663832515478134,-0.49684175848960876,-0.4201376736164093,-0.17503158748149872,-0.6755512356758118,-0.6770506501197815,-0.22287586331367493,-0.8612425923347473,-0.8113880157470703,-0.27268704771995544,-0.38327664136886597,-0.8863517642021179,-0.12573982775211334,-0.5289252400398254,-1.2615957260131836,-0.21826352179050446,-0.6123001575469971,-1.493338704109192,-0.29076313972473145,-0.6744346022605896,-1.715053915977478,-0.34749922156333923,-0.21722447872161865,-0.9654146432876587,-0.14418111741542816,-0.3055881857872009,-1.39332914352417,-0.2281029373407364,-0.3555296063423157,-1.6784306764602661,-0.30068203806877136,-0.39665549993515015,-1.937532901763916,-0.35647618770599365,-0.046482354402542114,-0.9327508211135864,-0.17682741582393646,-0.057591140270233154,-1.3392455577850342,-0.27416154742240906,-0.06207580864429474,-1.6066642999649048,-0.3337298631668091,-0.07564452290534973,-1.854212999343872,-0.37545979022979736,0.12047740817070007,-0.8294687867164612,-0.21841295063495636,0.1529357135295868,-1.1396050453186035,-0.3063119649887085,0.17640548944473267,-1.3438620567321777,-0.33749669790267944,0.18834346532821655,-1.5444602966308594,-0.3588073253631592,0.0,0.0,0.0,0.0,0.0,0.0,0.0,0.0,0.0,0.0,0.0,0.0,0.0,0.0,0.0,0.0,0.0,0.0,0.0,0.0,0.0,0.0,0.0,0.0,0.0,0.0,0.0,0.0,0.0,0.0,0.0,0.0,0.0,0.0,0.0,0.0,0.0,0.0,0.0,0.0,0.0,0.0,0.0,0.0,0.0,0.0,0.0,0.0,0.0,0.0,0.0,0.0,0.0,0.0,0.0,0.0,0.0,0.0,0.0,0.0,0.0,0.0,0.0,1,Hola,2025-10-17T12:49:52.865210
0.0,0.0,0.0,-0.25967150926589966,-0.13328233361244202,-0.12067913264036179,-0.4990658462047577,-0.42558979988098145,-0.18164271116256714,-0.675754964351654,-0.6850076913833618,-0.23113609850406647,-0.8596053719520569,-0.8204253315925598,-0.2823987901210785,-0.374391108751297,-0.8884596824645996,-0.13550274074077606,-0.5152382254600525,-1.276425838470459,-0.2306692749261856,-0.5991787314414978,-1.515350103378296,-0.30396077036857605,-0.6643842458724976,-1.7414857149124146,-0.3609248101711273,-0.2068568915128708,-0.9665396809577942,-0.15169480443000793,-0.28728848695755005,-1.4046999216079712,-0.2366122305393219,-0.3350085914134979,-1.6913782358169556,-0.30827364325523376,-0.37641003727912903,-1.9499799013137817,-0.36391481757164,-0.03430325165390968,-0.9347780346870422,-0.18199878931045532,-0.03733447939157486,-1.3445637226104736,-0.2785440981388092,-0.042591799050569534,-1.6106411218643188,-0.3348235785961151,-0.058501701802015305,-1.8554410934448242,-0.37474486231803894,0.13501694798469543,-0.8311156630516052,-0.2218785136938095,0.17210274934768677,-1.1461087465286255,-0.30912530422210693,0.19402584433555603,-1.353232979774475,-0.3387579619884491,0.20357488095760345,-1.556491732597351,-0.3591194450855255,0.0,0.0,0.0,0.0,0.0,0.0,0.0,0.0,0.0,0.0,0.0,0.0,0.0,0.0,0.0,0.0,0.0,0.0,0.0,0.0,0.0,0.0,0.0,0.0,0.0,0.0,0.0,0.0,0.0,0.0,0.0,0.0,0.0,0.0,0.0,0.0,0.0,0.0,0.0,0.0,0.0,0.0,0.0,0.0,0.0,0.0,0.0,0.0,0.0,0.0,0.0,0.0,0.0,0.0,0.0,0.0,0.0,0.0,0.0,0.0,0.0,0.0,0.0,1,Hola,2025-10-17T12:49:52.949301
0.0,0.0,0.0,-0.26081252098083496,-0.13173139095306396,-0.11996632814407349,-0.48899173736572266,-0.42431172728538513,-0.18190225958824158,-0.6612710356712341,-0.6854979991912842,-0.23301126062870026,-0.8457270264625549,-0.8249378800392151,-0.28660154342651367,-0.3740534484386444,-0.8924355506896973,-0.1325926035642624,-0.5118971467018127,-1.277511477470398,-0.2279396653175354,-0.5904698371887207,-1.5146727561950684,-0.3019900918006897,-0.6499602794647217,-1.7411410808563232,-0.3599371910095215,-0.20250250399112701,-0.9675584435462952,-0.15107400715351105,-0.28281378746032715,-1.3996005058288574,-0.23898455500602722,-0.32905811071395874,-1.6848175525665283,-0.314558744430542,-0.3703598380088806,-1.9479938745498657,-0.3725087344646454,-0.028447967022657394,-0.9305833578109741,-0.18362310528755188,-0.03395434841513634,-1.3400428295135498,-0.2856994569301605,-0.03408701345324516,-1.6108673810958862,-0.34743618965148926,-0.04492281377315521,-1.8644777536392212,-0.39027139544487,0.13998430967330933,-0.8235429525375366,-0.22502125799655914,0.17855322360992432,-1.1380468606948853,-0.3164689540863037,0.20700329542160034,-1.3448623418807983,-0.34857359528541565,0.2226940393447876,-1.5490896701812744,-0.3703959584236145,0.0,0.0,0.0,0.0,0.0,0.0,0.0,0.0,0.0,0.0,0.0,0.0,0.0,0.0,0.0,0.0,0.0,0.0,0.0,0.0,0.0,0.0,0.0,0.0,0.0,0.0,0.0,0.0,0.0,0.0,0.0,0.0,0.0,0.0,0.0,0.0,0.0,0.0,0.0,0.0,0.0,0.0,0.0,0.0,0.0,0.0,0.0,0.0,0.0,0.0,0.0,0.0,0.0,0.0,0.0,0.0,0.0,0.0,0.0,0.0,0.0,0.0,0.0,1,Hola,2025-10-17T12:49:53.037588
0.0,0.0,0.0,-0.2557883560657501,-0.13097195327281952,-0.12626241147518158,-0.4824984669685364,-0.4241170287132263,-0.1929444521665573,-0.6561958193778992,-0.6839390993118286,-0.24732546508312225,-0.8431236743927002,-0.820938229560852,-0.3037198483943939,-0.37011009454727173,-0.8905914425849915,-0.14306308329105377,-0.5086743235588074,-1.2752034664154053,-0.2399054914712906,-0.5872886180877686,-1.5118528604507446,-0.3145189583301544,-0.6459532380104065,-1.739063024520874,-0.3727138936519623,-0.19865845143795013,-0.9672531485557556,-0.15797491371631622,-0.27734673023223877,-1.4033218622207642,-0.24679787456989288,-0.3237052261829376,-1.6905978918075562,-0.3219406306743622,-0.36382830142974854,-1.954745888710022,-0.3794478178024292,-0.024571390822529793,-0.929050624370575,-0.18672852218151093,-0.030154379084706306,-1.342044711112976,-0.2887004613876343,-0.032051168382167816,-1.6145358085632324,-0.34903484582901,-0.043225765228271484,-1.8697001934051514,-0.3908431828022003,0.14433613419532776,-0.8201567530632019,-0.22477315366268158,0.18494650721549988,-1.1360000371932983,-0.31605011224746704,0.21006226539611816,-1.3466449975967407,-0.3478343188762665,0.22231557965278625,-1.5556122064590454,-0.3691650927066803,0.0,0.0,0.0,0.0,0.0,0.0,0.0,0.0,0.0,0.0,0.0,0.0,0.0,0.0,0.0,0.0,0.0,0.0,0.0,0.0,0.0,0.0,0.0,0.0,0.0,0.0,0.0,0.0,0.0,0.0,0.0,0.0,0.0,0.0,0.0,0.0,0.0,0.0,0.0,0.0,0.0,0.0,0.0,0.0,0.0,0.0,0.0,0.0,0.0,0.0,0.0,0.0,0.0,0.0,0.0,0.0,0.0,0.0,0.0,0.0,0.0,0.0,0.0,1,Hola,2025-10-17T12:49:53.124051
0.0,0.0,0.0,-0.25513166189193726,-0.13022853434085846,-0.1317506730556488,-0.4790797829627991,-0.42127662897109985,-0.2020678073167801,-0.653587281703949,-0.679419219493866,-0.2589862048625946,-0.8425933718681335,-0.8152844905853271,-0.3175365924835205,-0.37279149889945984,-0.8873276710510254,-0.14652039110660553,-0.5138170719146729,-1.2706986665725708,-0.24566145241260529,-0.5932092070579529,-1.5087767839431763,-0.32160213589668274,-0.6510799527168274,-1.7351644039154053,-0.3799551725387573,-0.20184481143951416,-0.9665004014968872,-0.1585424691438675,-0.27850088477134705,-1.4069668054580688,-0.24711653590202332,-0.32255643606185913,-1.6939234733581543,-0.32111868262290955,-0.3603636622428894,-1.9548804759979248,-0.37737104296684265,-0.029177770018577576,-0.9310981035232544,-0.18520645797252655,-0.036046091467142105,-1.3478766679763794,-0.2861156165599823,-0.036849599331617355,-1.6199185848236084,-0.34599944949150085,-0.04610210657119751,-1.873189926147461,-0.3873334228992462,0.13852129876613617,-0.8232156038284302,-0.22179339826107025,0.17615599930286407,-1.1345338821411133,-0.31266793608665466,0.20056049525737762,-1.3459359407424927,-0.3453900218009949,0.2135472595691681,-1.5557775497436523,-0.3670263886451721,0.0,0.0,0.0,0.0,0.0,0.0,0.0,0.0,0.0,0.0,0.0,0.0,0.0,0.0,0.0,0.0,0.0,0.0,0.0,0.0,0.0,0.0,0.0,0.0,0.0,0.0,0.0,0.0,0.0,0.0,0.0,0.0,0.0,0.0,0.0,0.0,0.0,0.0,0.0,0.0,0.0,0.0,0.0,0.0,0.0,0.0,0.0,0.0,0.0,0.0,0.0,0.0,0.0,0.0,0.0,0.0,0.0,0.0,0.0,0.0,0.0,0.0,0.0,1,Hola,2025-10-17T12:49:53.212343
0.0,0.0,0.0,-0.2542056441307068,-0.12905091047286987,-0.12938348948955536,-0.4837672710418701,-0.41366374492645264,-0.196738600730896,-0.6567696332931519,-0.67092365026474,-0.2514350116252899,-0.8401816487312317,-0.8136780261993408,-0.3077845871448517,-0.3760000467300415,-0.8853956460952759,-0.1407436579465866,-0.5155337452888489,-1.2658355236053467,-0.23971116542816162,-0.5939649939537048,-1.5011404752731323,-0.3160078525543213,-0.6516173481941223,-1.7260777950286865,-0.37495332956314087,-0.20609788596630096,-0.9661734700202942,-0.155024453997612,-0.28501051664352417,-1.4016900062561035,-0.24494938552379608,-0.32978832721710205,-1.6866110563278198,-0.3206525444984436,-0.3673611283302307,-1.9472930431365967,-0.3781653642654419,-0.03373042866587639,-0.9320546388626099,-0.18434686958789825,-0.04373902454972267,-1.3429090976715088,-0.2867605984210968,-0.04512029513716698,-1.611209511756897,-0.3476301431655884,-0.05380535498261452,-1.8608118295669556,-0.38969746232032776,0.13360467553138733,-0.8251112699508667,-0.22370955348014832,0.170400008559227,-1.1348482370376587,-0.3154159486293793,0.19827307760715485,-1.3402371406555176,-0.3483506739139557,0.21661265194416046,-1.5430347919464111,-0.37040242552757263,0.0,0.0,0.0,0.0,0.0,0.0,0.0,0.0,0.0,0.0,0.0,0.0,0.0,0.0,0.0,0.0,0.0,0.0,0.0,0.0,0.0,0.0,0.0,0.0,0.0,0.0,0.0,0.0,0.0,0.0,0.0,0.0,0.0,0.0,0.0,0.0,0.0,0.0,0.0,0.0,0.0,0.0,0.0,0.0,0.0,0.0,0.0,0.0,0.0,0.0,0.0,0.0,0.0,0.0,0.0,0.0,0.0,0.0,0.0,0.0,0.0,0.0,0.0,1,Hola,2025-10-17T12:49:53.299307
0.0,0.0,0.0,-0.25780779123306274,-0.13252170383930206,-0.12783759832382202,-0.49391970038414,-0.41833409667015076,-0.1942797154188156,-0.6683936715126038,-0.6809826493263245,-0.2485961765050888,-0.8540967702865601,-0.8206265568733215,-0.3048573434352875,-0.3728111982345581,-0.8870857357978821,-0.14390264451503754,-0.5146389603614807,-1.2736659049987793,-0.24306978285312653,-0.5939752459526062,-1.5112229585647583,-0.31921306252479553,-0.6538814306259155,-1.7385503053665161,-0.37740522623062134,-0.20469143986701965,-0.9659745097160339,-0.15809683501720428,-0.2823788523674011,-1.4059556722640991,-0.24612641334533691,-0.3270280361175537,-1.6960768699645996,-0.3191274404525757,-0.36421525478363037,-1.958356499671936,-0.37507444620132446,-0.03236993029713631,-0.9349707365036011,-0.187000572681427,-0.0348428338766098,-1.3474376201629639,-0.28525447845458984,-0.03839836269617081,-1.6142661571502686,-0.3422669768333435,-0.05078195035457611,-1.857837438583374,-0.38212934136390686,0.13740476965904236,-0.8334625959396362,-0.22618462145328522,0.17491060495376587,-1.147011637687683,-0.31280839443206787,0.19990386068820953,-1.3496915102005005,-0.3413636088371277,0.21397796273231506,-1.5465179681777954,-0.36073628067970276,0.0,0.0,0.0,0.0,0.0,0.0,0.0,0.0,0.0,0.0,0.0,0.0,0.0,0.0,0.0,0.0,0.0,0.0,0.0,0.0,0.0,0.0,0.0,0.0,0.0,0.0,0.0,0.0,0.0,0.0,0.0,0.0,0.0,0.0,0.0,0.0,0.0,0.0,0.0,0.0,0.0,0.0,0.0,0.0,0.0,0.0,0.0,0.0,0.0,0.0,0.0,0.0,0.0,0.0,0.0,0.0,0.0,0.0,0.0,0.0,0.0,0.0,0.0,1,Hola,2025-10-17T12:49:53.390060
0.0,0.0,0.0,-0.25208136439323425,-0.13509047031402588,-0.1270631104707718,-0.4785337448120117,-0.42923471331596375,-0.19173549115657806,-0.6511995196342468,-0.6900883316993713,-0.24389119446277618,-0.8350809812545776,-0.8291919231414795,-0.29798856377601624,-0.3603818714618683,-0.8940880298614502,-0.14090800285339355,-0.4984942674636841,-1.2783008813858032,-0.23832565546035767,-0.5748107433319092,-1.5156151056289673,-0.31299248337745667,-0.6305370330810547,-1.742256999015808,-0.37037718296051025,-0.190657839179039,-0.9693477153778076,-0.15496636927127838,-0.26286524534225464,-1.4082467555999756,-0.24272625148296356,-0.3044763505458832,-1.699617862701416,-0.31624194979667664,-0.33951249718666077,-1.9633138179779053,-0.37218526005744934,-0.01922052539885044,-0.9317957162857056,-0.1836865395307541,-0.019011197611689568,-1.341679334640503,-0.2832861542701721,-0.018828323110938072,-1.6097352504730225,-0.34232649207115173,-0.027870407328009605,-1.8565542697906494,-0.3830593526363373,0.14724810421466827,-0.8241958618164062,-0.22220869362354279,0.18902070820331573,-1.1355655193328857,-0.31052371859550476,0.21772795915603638,-1.3406535387039185,-0.34084969758987427,0.23452924191951752,-1.54047429561615,-0.3612333834171295,0.0,0.0,0.0,0.0,0.0,0.0,0.0,0.0,0.0,0.0,0.0,0.0,0.0,0.0,0.0,0.0,0.0,0.0,0.0,0.0,0.0,0.0,0.0,0.0,0.0,0.0,0.0,0.0,0.0,0.0,0.0,0.0,0.0,0.0,0.0,0.0,0.0,0.0,0.0,0.0,0.0,0.0,0.0,0.0,0.0,0.0,0.0,0.0,0.0,0.0,0.0,0.0,0.0,0.0,0.0,0.0,0.0,0.0,0.0,0.0,0.0,0.0,0.0,1,Hola,2025-10-17T12:49:53.488103
0.0,0.0,0.0,-0.2532612681388855,-0.1390640139579773,-0.12966564297676086,-0.47970861196517944,-0.4293282628059387,-0.19717897474765778,-0.6477428674697876,-0.6941935420036316,-0.2527192234992981,-0.8328962326049805,-0.8361828923225403,-0.3104722797870636,-0.3536281883716583,-0.8929631114006042,-0.14439430832862854,-0.49008482694625854,-1.279309630393982,-0.24409976601600647,-0.566474199295044,-1.5165985822677612,-0.3203624188899994,-0.6224744915962219,-1.7447890043258667,-0.3787568211555481,-0.18513868749141693,-0.9699046015739441,-0.15814155340194702,-0.25644686818122864,-1.4107695817947388,-0.24779562652111053,-0.29604774713516235,-1.702857255935669,-0.3219284415245056,-0.32674863934516907,-1.9684278964996338,-0.37866777181625366,-0.014478074386715889,-0.9364590048789978,-0.18685361742973328,-0.009199034422636032,-1.34941828250885,-0.28658559918403625,-0.005664037540555,-1.6169244050979614,-0.3445163667201996,-0.01080442313104868,-1.8621788024902344,-0.3849197328090668,0.15233856439590454,-0.83233642578125,-0.22608360648155212,0.19721895456314087,-1.1437757015228271,-0.3128892481327057,0.22793348133563995,-1.3467739820480347,-0.3421597480773926,0.24812227487564087,-1.5447356700897217,-0.36251047253608704,0.0,0.0,0.0,0.0,0.0,0.0,0.0,0.0,0.0,0.0,0.0,0.0,0.0,0.0,0.0,0.0,0.0,0.0,0.0,0.0,0.0,0.0,0.0,0.0,0.0,0.0,0.0,0.0,0.0,0.0,0.0,0.0,0.0,0.0,0.0,0.0,0.0,0.0,0.0,0.0,0.0,0.0,0.0,0.0,0.0,0.0,0.0,0.0,0.0,0.0,0.0,0.0,0.0,0.0,0.0,0.0,0.0,0.0,0.0,0.0,0.0,0.0,0.0,1,Hola,2025-10-17T12:49:53.576966
0.0,0.0,0.0,-0.2475053369998932,-0.14182916283607483,-0.1271088421344757,-0.4681534469127655,-0.43381133675575256,-0.1921435296535492,-0.6367217302322388,-0.6926246285438538,-0.24481120705604553,-0.8164039254188538,-0.8385796546936035,-0.2996000647544861,-0.3494727611541748,-0.8972968459129333,-0.1397559642791748,-0.48086756467819214,-1.2851883172988892,-0.23665951192378998,-0.5553191304206848,-1.5252594947814941,-0.3104250729084015,-0.6091458797454834,-1.75396728515625,-0.36746352910995483,-0.17652657628059387,-0.9722269773483276,-0.15366554260253906,-0.2413005381822586,-1.4127122163772583,-0.24254870414733887,-0.27874955534935,-1.7029775381088257,-0.3168880343437195,-0.3102812170982361,-1.9676861763000488,-0.3734422028064728,-0.004344074055552483,-0.9323871731758118,-0.18228575587272644,0.0029522250406444073,-1.3411275148391724,-0.2846781313419342,0.00928699690848589,-1.610608458518982,-0.34575513005256653,0.006420189049094915,-1.8612899780273438,-0.3876945972442627,0.16052573919296265,-0.8220162391662598,-0.22047747671604156,0.21078258752822876,-1.1292649507522583,-0.311260849237442,0.24677051603794098,-1.332903504371643,-0.34346842765808105,0.27145856618881226,-1.5343828201293945,-0.3652639091014862,0.0,0.0,0.0,0.0,0.0,0.0,0.0,0.0,0.0,0.0,0.0,0.0,0.0,0.0,0.0,0.0,0.0,0.0,0.0,0.0,0.0,0.0,0.0,0.0,0.0,0.0,0.0,0.0,0.0,0.0,0.0,0.0,0.0,0.0,0.0,0.0,0.0,0.0,0.0,0.0,0.0,0.0,0.0,0.0,0.0,0.0,0.0,0.0,0.0,0.0,0.0,0.0,0.0,0.0,0.0,0.0,0.0,0.0,0.0,0.0,0.0,0.0,0.0,1,Hola,2025-10-17T12:49:53.666607
0.0,0.0,0.0,-0.24955864250659943,-0.14277946949005127,-0.12929143011569977,-0.4700250029563904,-0.4371728301048279,-0.19824044406414032,-0.6381883025169373,-0.7023183703422546,-0.2548598647117615,-0.8150268197059631,-0.8627984523773193,-0.31261470913887024,-0.3505594730377197,-0.8939381837844849,-0.1419602781534195,-0.4851524233818054,-1.28252375125885,-0.24317295849323273,-0.5566546320915222,-1.5270169973373413,-0.3181724548339844,-0.6035544872283936,-1.7553815841674805,-0.37489160895347595,-0.1810731589794159,-0.971035361289978,-0.15589435398578644,-0.24479474127292633,-1.4142000675201416,-0.24734359979629517,-0.2787005305290222,-1.702630877494812,-0.3209826648235321,-0.3045501112937927,-1.9593278169631958,-0.37603914737701416,-0.01081255916506052,-0.933361291885376,-0.18546238541603088,-0.004518639761954546,-1.3555649518966675,-0.28951558470726013,0.004931511823087931,-1.6303856372833252,-0.35290127992630005,0.005261159967631102,-1.8772053718566895,-0.39629843831062317,0.15341909229755402,-0.8191152215003967,-0.22463804483413696,0.20610463619232178,-1.1282609701156616,-0.3188883364200592,0.24508751928806305,-1.3339849710464478,-0.3559088408946991,0.27167290449142456,-1.5297410488128662,-0.3804435729980469,0.0,0.0,0.0,0.0,0.0,0.0,0.0,0.0,0.0,0.0,0.0,0.0,0.0,0.0,0.0,0.0,0.0,0.0,0.0,0.0,0.0,0.0,0.0,0.0,0.0,0.0,0.0,0.0,0.0,0.0,0.0,0.0,0.0,0.0,0.0,0.0,0.0,0.0,0.0,0.0,0.0,0.0,0.0,0.0,0.0,0.0,0.0,0.0,0.0,0.0,0.0,0.0,0.0,0.0,0.0,0.0,0.0,0.0,0.0,0.0,0.0,0.0,0.0,1,Hola,2025-10-17T12:49:53.751385
0.0,0.0,0.0,-0.25385427474975586,-0.14272744953632355,-0.12293022871017456,-0.4752916991710663,-0.4477325975894928,-0.18634547293186188,-0.640174150466919,-0.7158472537994385,-0.23824013769626617,-0.8144147396087646,-0.8747812509536743,-0.2917737662792206,-0.3523199260234833,-0.896027684211731,-0.13580799102783203,-0.48406118154525757,-1.2846659421920776,-0.2354181408882141,-0.5565433502197266,-1.5311930179595947,-0.30975577235221863,-0.6061242818832397,-1.7586711645126343,-0.36621931195259094,-0.1823943704366684,-0.9713702201843262,-0.15222406387329102,-0.24479521811008453,-1.4144576787948608,-0.2421562671661377,-0.2803138494491577,-1.7030352354049683,-0.31540292501449585,-0.3092155456542969,-1.956863284111023,-0.37036582827568054,-0.012488357722759247,-0.9319961667060852,-0.18381455540657043,-0.006369669921696186,-1.352655053138733,-0.28645002841949463,0.0011855904012918472,-1.62667715549469,-0.34955525398254395,-0.0017312829149886966,-1.870734453201294,-0.3929091989994049,0.151241734623909,-0.8143654465675354,-0.22461360692977905,0.20293807983398438,-1.1247154474258423,-0.31852471828460693,0.23824085295200348,-1.3328055143356323,-0.3559670150279999,0.26012322306632996,-1.5296152830123901,-0.38088366389274597,0.0,0.0,0.0,0.0,0.0,0.0,0.0,0.0,0.0,0.0,0.0,0.0,0.0,0.0,0.0,0.0,0.0,0.0,0.0,0.0,0.0,0.0,0.0,0.0,0.0,0.0,0.0,0.0,0.0,0.0,0.0,0.0,0.0,0.0,0.0,0.0,0.0,0.0,0.0,0.0,0.0,0.0,0.0,0.0,0.0,0.0,0.0,0.0,0.0,0.0,0.0,0.0,0.0,0.0,0.0,0.0,0.0,0.0,0.0,0.0,0.0,0.0,0.0,1,Hola,2025-10-17T12:49:53.846579
0.0,0.0,0.0,-0.24974778294563293,-0.1469162404537201,-0.12023921310901642,-0.4636472463607788,-0.44631507992744446,-0.18170666694641113,-0.6249140501022339,-0.7086259126663208,-0.232268288731575,-0.8006393313407898,-0.8588992357254028,-0.2846025228500366,-0.33995455503463745,-0.9034452438354492,-0.1277099996805191,-0.4707399308681488,-1.2875573635101318,-0.2227192372083664,-0.5442405343055725,-1.526524305343628,-0.2959900200366974,-0.5973244309425354,-1.7509527206420898,-0.3525753915309906,-0.17173783481121063,-0.9744987487792969,-0.1444244533777237,-0.2375495880842209,-1.4068721532821655,-0.22992555797100067,-0.2750413119792938,-1.6896271705627441,-0.30237096548080444,-0.3067566156387329,-1.9424571990966797,-0.35742393136024475,-0.0035023847594857216,-0.9325557351112366,-0.17599667608737946,-0.000790002872236073,-1.3408470153808594,-0.27428269386291504,0.005639440845698118,-1.6059715747833252,-0.33312058448791504,0.003326802747324109,-1.850537657737732,-0.3740427494049072,0.15805332362651825,-0.8184693455696106,-0.21699988842010498,0.20591245591640472,-1.1226317882537842,-0.30459022521972656,0.24149566888809204,-1.3248021602630615,-0.3358234763145447,0.26679056882858276,-1.5214343070983887,-0.3570878803730011,0.0,0.0,0.0,0.0,0.0,0.0,0.0,0.0,0.0,0.0,0.0,0.0,0.0,0.0,0.0,0.0,0.0,0.0,0.0,0.0,0.0,0.0,0.0,0.0,0.0,0.0,0.0,0.0,0.0,0.0,0.0,0.0,0.0,0.0,0.0,0.0,0.0,0.0,0.0,0.0,0.0,0.0,0.0,0.0,0.0,0.0,0.0,0.0,0.0,0.0,0.0,0.0,0.0,0.0,0.0,0.0,0.0,0.0,0.0,0.0,0.0,0.0,0.0,1,Hola,2025-10-17T12:49:53.936004
0.0,0.0,0.0,-0.24675631523132324,-0.14505837857723236,-0.12333432585000992,-0.46146196126937866,-0.44878649711608887,-0.18722273409366608,-0.6202675104141235,-0.7180799245834351,-0.23916245996952057,-0.7942554950714111,-0.8748940229415894,-0.292505145072937,-0.3377404808998108,-0.9041621088981628,-0.13794566690921783,-0.4661458730697632,-1.2866487503051758,-0.23609548807144165,-0.5370172262191772,-1.527818202972412,-0.31045645475387573,-0.585241973400116,-1.7501040697097778,-0.3666931688785553,-0.171968013048172,-0.9731686115264893,-0.15287217497825623,-0.23661282658576965,-1.4034287929534912,-0.24079939723014832,-0.2670251727104187,-1.6840343475341797,-0.3113187849521637,-0.2896233797073364,-1.9293296337127686,-0.3644668459892273,-0.004058544989675283,-0.9323812127113342,-0.18276813626289368,0.0026485533453524113,-1.3377971649169922,-0.2816805839538574,0.016644280403852463,-1.5991647243499756,-0.33943304419517517,0.018977513536810875,-1.8325979709625244,-0.37893950939178467,0.16030988097190857,-0.8169296979904175,-0.22254586219787598,0.20701585710048676,-1.1267526149749756,-0.31065985560417175,0.24006643891334534,-1.3291897773742676,-0.34356191754341125,0.2602967321872711,-1.5219545364379883,-0.36544618010520935,0.0,0.0,0.0,0.0,0.0,0.0,0.0,0.0,0.0,0.0,0.0,0.0,0.0,0.0,0.0,0.0,0.0,0.0,0.0,0.0,0.0,0.0,0.0,0.0,0.0,0.0,0.0,0.0,0.0,0.0,0.0,0.0,0.0,0.0,0.0,0.0,0.0,0.0,0.0,0.0,0.0,0.0,0.0,0.0,0.0,0.0,0.0,0.0,0.0,0.0,0.0,0.0,0.0,0.0,0.0,0.0,0.0,0.0,0.0,0.0,0.0,0.0,0.0,1,Hola,2025-10-17T12:49:54.021049
0.0,0.0,0.0,-0.239384263753891,-0.15812763571739197,-0.11764674633741379,-0.4539811611175537,-0.45968663692474365,-0.17501291632652283,-0.6150043606758118,-0.7241644263267517,-0.22194911539554596,-0.7890492677688599,-0.8700931072235107,-0.2701784074306488,-0.3253873586654663,-0.9100953340530396,-0.11588650941848755,-0.44824472069740295,-1.2863528728485107,-0.20546123385429382,-0.5150772929191589,-1.5197672843933105,-0.27595052123069763,-0.5623050332069397,-1.7410504817962646,-0.3309294581413269,-0.15828531980514526,-0.9786385893821716,-0.1311957687139511,-0.2176305204629898,-1.4029425382614136,-0.21141666173934937,-0.25084465742111206,-1.6837539672851562,-0.2809341847896576,-0.2792340815067291,-1.9378832578659058,-0.33428898453712463,0.008052985183894634,-0.9367449283599854,-0.16175396740436554,0.016487598419189453,-1.3331022262573242,-0.2560625374317169,0.024135636165738106,-1.592667818069458,-0.31300419569015503,0.021449461579322815,-1.833169937133789,-0.35257863998413086,0.16881531476974487,-0.8233938217163086,-0.20192156732082367,0.2202301174402237,-1.11854088306427,-0.2857741415500641,0.2589435875415802,-1.314565658569336,-0.31561872363090515,0.28655242919921875,-1.5066030025482178,-0.33607351779937744,0.0,0.0,0.0,0.0,0.0,0.0,0.0,0.0,0.0,0.0,0.0,0.0,0.0,0.0,0.0,0.0,0.0,0.0,0.0,0.0,0.0,0.0,0.0,0.0,0.0,0.0,0.0,0.0,0.0,0.0,0.0,0.0,0.0,0.0,0.0,0.0,0.0,0.0,0.0,0.0,0.0,0.0,0.0,0.0,0.0,0.0,0.0,0.0,0.0,0.0,0.0,0.0,0.0,0.0,0.0,0.0,0.0,0.0,0.0,0.0,0.0,0.0,0.0,1,Hola,2025-10-17T12:49:54.106417
0.0,0.0,0.0,-0.24831421673297882,-0.15619421005249023,-0.12150787562131882,-0.46577897667884827,-0.46316152811050415,-0.18081803619861603,-0.620417594909668,-0.7351219654083252,-0.22968941926956177,-0.7917378544807434,-0.8855562806129456,-0.27959537506103516,-0.33091917634010315,-0.9141578674316406,-0.12558436393737793,-0.4498917758464813,-1.2944871187210083,-0.22168265283107758,-0.517911970615387,-1.5330723524093628,-0.2958279848098755,-0.5669910311698914,-1.7523548603057861,-0.35209953784942627,-0.1629018634557724,-0.976525068283081,-0.1409318745136261,-0.2198687046766281,-1.4051764011383057,-0.22766271233558655,-0.24415750801563263,-1.685400128364563,-0.2972991466522217,-0.26151254773139954,-1.933426022529602,-0.34942781925201416,0.004954449832439423,-0.9331454634666443,-0.17218348383903503,0.017859259620308876,-1.3321404457092285,-0.2721156179904938,0.034423090517520905,-1.5856534242630005,-0.32769104838371277,0.040101319551467896,-1.8151706457138062,-0.36407923698425293,0.17057223618030548,-0.8166279792785645,-0.21394550800323486,0.22679033875465393,-1.121159315109253,-0.30213770270347595,0.26602858304977417,-1.3210691213607788,-0.33393484354019165,0.29488566517829895,-1.5143121480941772,-0.3542338013648987,0.0,0.0,0.0,0.0,0.0,0.0,0.0,0.0,0.0,0.0,0.0,0.0,0.0,0.0,0.0,0.0,0.0,0.0,0.0,0.0,0.0,0.0,0.0,0.0,0.0,0.0,0.0,0.0,0.0,0.0,0.0,0.0,0.0,0.0,0.0,0.0,0.0,0.0,0.0,0.0,0.0,0.0,0.0,0.0,0.0,0.0,0.0,0.0,0.0,0.0,0.0,0.0,0.0,0.0,0.0,0.0,0.0,0.0,0.0,0.0,0.0,0.0,0.0,1,Hola,2025-10-17T12:49:54.193048
0.0,0.0,0.0,-0.24064292013645172,-0.16453060507774353,-0.12110107392072678,-0.4486614465713501,-0.47279077768325806,-0.18107616901397705,-0.6099644899368286,-0.7375500202178955,-0.23026356101036072,-0.7832900881767273,-0.8925694823265076,-0.2805561125278473,-0.31880983710289,-0.9172801971435547,-0.1185392439365387,-0.4336625337600708,-1.3026065826416016,-0.21009042859077454,-0.49874067306518555,-1.5407822132110596,-0.28119218349456787,-0.5444365739822388,-1.7638167142868042,-0.3361334204673767,-0.14745110273361206,-0.9800879955291748,-0.13298819959163666,-0.19767095148563385,-1.4147415161132812,-0.21601301431655884,-0.22569671273231506,-1.6981523036956787,-0.28712916374206543,-0.24931550025939941,-1.9542230367660522,-0.3409641683101654,0.01993459463119507,-0.9328078627586365,-0.16299046576023102,0.03448209539055824,-1.3372080326080322,-0.2609166204929352,0.04720001667737961,-1.6007728576660156,-0.31985998153686523,0.04957934096455574,-1.8454324007034302,-0.36017897725105286,0.17929884791374207,-0.8146457672119141,-0.20252789556980133,0.2429279386997223,-1.1118839979171753,-0.28979429602622986,0.28790321946144104,-1.3101682662963867,-0.32121241092681885,0.32087811827659607,-1.5055204629898071,-0.3422166407108307,0.0,0.0,0.0,0.0,0.0,0.0,0.0,0.0,0.0,0.0,0.0,0.0,0.0,0.0,0.0,0.0,0.0,0.0,0.0,0.0,0.0,0.0,0.0,0.0,0.0,0.0,0.0,0.0,0.0,0.0,0.0,0.0,0.0,0.0,0.0,0.0,0.0,0.0,0.0,0.0,0.0,0.0,0.0,0.0,0.0,0.0,0.0,0.0,0.0,0.0,0.0,0.0,0.0,0.0,0.0,0.0,0.0,0.0,0.0,0.0,0.0,0.0,0.0,1,Hola,2025-10-17T12:49:54.290523
0.0,0.0,0.0,-0.23493309319019318,-0.1602497398853302,-0.11653289943933487,-0.44822099804878235,-0.47323888540267944,-0.17123755812644958,-0.6091489195823669,-0.7364468574523926,-0.21557177603244781,-0.7805957198143005,-0.8834900259971619,-0.2608184218406677,-0.31807342171669006,-0.9124451875686646,-0.11031822860240936,-0.4423466920852661,-1.2895382642745972,-0.19837301969528198,-0.509310245513916,-1.525057315826416,-0.2667894959449768,-0.5536959171295166,-1.7428185939788818,-0.3193890452384949,-0.1504576951265335,-0.9807856678962708,-0.12418504804372787,-0.2044161856174469,-1.4098913669586182,-0.20144513249397278,-0.23516663908958435,-1.6890920400619507,-0.26718583703041077,-0.26008841395378113,-1.9364469051361084,-0.3173074722290039,0.014078396372497082,-0.9386669397354126,-0.15399350225925446,0.02588178776204586,-1.338415503501892,-0.24407650530338287,0.03490985184907913,-1.5973349809646606,-0.29903391003608704,0.03336561098694801,-1.8329802751541138,-0.33769336342811584,0.1718991994857788,-0.8231910467147827,-0.193659707903862,0.23175257444381714,-1.1147735118865967,-0.27301594614982605,0.2735115885734558,-1.3086155652999878,-0.30193451046943665,0.30275198817253113,-1.4962985515594482,-0.32226160168647766,0.0,0.0,0.0,0.0,0.0,0.0,0.0,0.0,0.0,0.0,0.0,0.0,0.0,0.0,0.0,0.0,0.0,0.0,0.0,0.0,0.0,0.0,0.0,0.0,0.0,0.0,0.0,0.0,0.0,0.0,0.0,0.0,0.0,0.0,0.0,0.0,0.0,0.0,0.0,0.0,0.0,0.0,0.0,0.0,0.0,0.0,0.0,0.0,0.0,0.0,0.0,0.0,0.0,0.0,0.0,0.0,0.0,0.0,0.0,0.0,0.0,0.0,0.0,1,Hola,2025-10-17T12:49:54.388394
0.0,0.0,0.0,-0.23237523436546326,-0.1648077368736267,-0.11636335402727127,-0.4400370419025421,-0.47615352272987366,-0.17281436920166016,-0.5999186635017395,-0.7420904636383057,-0.2189272940158844,-0.7726209163665771,-0.8899253606796265,-0.2658022940158844,-0.3154270648956299,-0.9167531132698059,-0.11181490123271942,-0.4333733320236206,-1.297932744026184,-0.2001955211162567,-0.49837788939476013,-1.532835841178894,-0.2692781388759613,-0.5429221391677856,-1.7522022724151611,-0.32268816232681274,-0.1481045037508011,-0.9808424711227417,-0.12654264271259308,-0.2013254463672638,-1.4096370935440063,-0.20388861000537872,-0.2322750985622406,-1.6871377229690552,-0.2702808082103729,-0.2587162256240845,-1.9345699548721313,-0.32096996903419495,0.017610657960176468,-0.9357744455337524,-0.15666261315345764,0.02850656770169735,-1.3370321989059448,-0.24692335724830627,0.0385780856013298,-1.595629096031189,-0.29980045557022095,0.0393129363656044,-1.8329516649246216,-0.33678457140922546,0.17721763253211975,-0.8186812400817871,-0.1965881735086441,0.23379896581172943,-1.114059567451477,-0.2763824760913849,0.2735940217971802,-1.3117486238479614,-0.30334752798080444,0.3026587665081024,-1.5048024654388428,-0.3217044472694397,0.0,0.0,0.0,0.0,0.0,0.0,0.0,0.0,0.0,0.0,0.0,0.0,0.0,0.0,0.0,0.0,0.0,0.0,0.0,0.0,0.0,0.0,0.0,0.0,0.0,0.0,0.0,0.0,0.0,0.0,0.0,0.0,0.0,0.0,0.0,0.0,0.0,0.0,0.0,0.0,0.0,0.0,0.0,0.0,0.0,0.0,0.0,0.0,0.0,0.0,0.0,0.0,0.0,0.0,0.0,0.0,0.0,0.0,0.0,0.0,0.0,0.0,0.0,1,Hola,2025-10-17T12:49:54.471680
0.0,0.0,0.0,-0.23574423789978027,-0.19100843369960785,-0.10532530397176743,-0.44339022040367126,-0.5149112939834595,-0.152901753783226,-0.6023674607276917,-0.7785030007362366,-0.1920093446969986,-0.7700915932655334,-0.917685866355896,-0.23122069239616394,-0.3061085045337677,-0.9227853417396545,-0.09973962604999542,-0.4188787043094635,-1.3052936792373657,-0.18380069732666016,-0.48116713762283325,-1.5409959554672241,-0.2497989684343338,-0.5271199941635132,-1.7597194910049438,-0.3003902733325958,-0.14380650222301483,-0.9828288555145264,-0.11561659723520279,-0.19045275449752808,-1.4111689329147339,-0.18686792254447937,-0.21664763987064362,-1.6897740364074707,-0.24801722168922424,-0.2397562861442566,-1.9372079372406006,-0.2952266335487366,0.01986370049417019,-0.9398794770240784,-0.14592061936855316,0.03982749953866005,-1.335440993309021,-0.22844326496124268,0.05025911703705788,-1.5841110944747925,-0.2751632332801819,0.04813431575894356,-1.8108621835708618,-0.307813823223114,0.17922595143318176,-0.8230562210083008,-0.18581631779670715,0.24029511213302612,-1.11892569065094,-0.25928980112075806,0.2782539129257202,-1.3136730194091797,-0.2818579375743866,0.303615540266037,-1.5015352964401245,-0.2968040704727173,0.0,0.0,0.0,0.0,0.0,0.0,0.0,0.0,0.0,0.0,0.0,0.0,0.0,0.0,0.0,0.0,0.0,0.0,0.0,0.0,0.0,0.0,0.0,0.0,0.0,0.0,0.0,0.0,0.0,0.0,0.0,0.0,0.0,0.0,0.0,0.0,0.0,0.0,0.0,0.0,0.0,0.0,0.0,0.0,0.0,0.0,0.0,0.0,0.0,0.0,0.0,0.0,0.0,0.0,0.0,0.0,0.0,0.0,0.0,0.0,0.0,0.0,0.0,1,Hola,2025-10-17T12:49:54.561607
0.0,0.0,0.0,-0.227735236287117,-0.20409825444221497,-0.10426471382379532,-0.4204401671886444,-0.5260489583015442,-0.1582278609275818,-0.5771970152854919,-0.7941008806228638,-0.2039487212896347,-0.7358876466751099,-0.9459784030914307,-0.24915021657943726,-0.28085726499557495,-0.9326547384262085,-0.10596230626106262,-0.39422017335891724,-1.3288650512695312,-0.19234949350357056,-0.44626978039741516,-1.567821979522705,-0.25687676668167114,-0.4855785369873047,-1.780754804611206,-0.30452093482017517,-0.12314443290233612,-0.984865665435791,-0.12196360528469086,-0.16113680601119995,-1.4284443855285645,-0.19838230311870575,-0.17973406612873077,-1.7014800310134888,-0.26103267073631287,-0.1994854062795639,-1.9424235820770264,-0.3065642714500427,0.03650754317641258,-0.9340164661407471,-0.15136206150054932,0.06633511930704117,-1.3406317234039307,-0.24030263721942902,0.08598200976848602,-1.5974218845367432,-0.28968581557273865,0.09196443855762482,-1.8296345472335815,-0.3221791088581085,0.19368809461593628,-0.8064085245132446,-0.18903562426567078,0.2650908827781677,-1.1057851314544678,-0.26885226368904114,0.3096791207790375,-1.303085446357727,-0.2933350205421448,0.33755332231521606,-1.48922860622406,-0.3072853088378906,0.0,0.0,0.0,0.0,0.0,0.0,0.0,0.0,0.0,0.0,0.0,0.0,0.0,0.0,0.0,0.0,0.0,0.0,0.0,0.0,0.0,0.0,0.0,0.0,0.0,0.0,0.0,0.0,0.0,0.0,0.0,0.0,0.0,0.0,0.0,0.0,0.0,0.0,0.0,0.0,0.0,0.0,0.0,0.0,0.0,0.0,0.0,0.0,0.0,0.0,0.0,0.0,0.0,0.0,0.0,0.0,0.0,0.0,0.0,0.0,0.0,0.0,0.0,1,Hola,2025-10-17T12:49:54.648772
0.0,0.0,0.0,-0.21937602758407593,-0.20433342456817627,-0.10531330853700638,-0.41727790236473083,-0.5366287231445312,-0.15442678332328796,-0.5708338022232056,-0.8012911081314087,-0.1945437788963318,-0.7340897917747498,-0.9491115808486938,-0.2349548637866974,-0.27043506503105164,-0.9366408586502075,-0.10819349437952042,-0.3732859492301941,-1.3325790166854858,-0.19290637969970703,-0.4292345941066742,-1.5736901760101318,-0.2574407756328583,-0.46906501054763794,-1.794661283493042,-0.30652809143066406,-0.10608066618442535,-0.9865710139274597,-0.12419582903385162,-0.13619813323020935,-1.4255337715148926,-0.19624470174312592,-0.15118269622325897,-1.707923412322998,-0.2567579746246338,-0.1649269461631775,-1.9564765691757202,-0.3030299246311188,0.05658243969082832,-0.934912383556366,-0.15398003160953522,0.08813917636871338,-1.3374404907226562,-0.2379199117422104,0.10972051322460175,-1.5859309434890747,-0.2848224341869354,0.11779499799013138,-1.8117855787277222,-0.3171400725841522,0.21281026303768158,-0.8108505010604858,-0.19285564124584198,0.2827316224575043,-1.10498046875,-0.26734083890914917,0.330091267824173,-1.2972984313964844,-0.289785772562027,0.36463025212287903,-1.482336163520813,-0.3041470944881439,0.0,0.0,0.0,0.0,0.0,0.0,0.0,0.0,0.0,0.0,0.0,0.0,0.0,0.0,0.0,0.0,0.0,0.0,0.0,0.0,0.0,0.0,0.0,0.0,0.0,0.0,0.0,0.0,0.0,0.0,0.0,0.0,0.0,0.0,0.0,0.0,0.0,0.0,0.0,0.0,0.0,0.0,0.0,0.0,0.0,0.0,0.0,0.0,0.0,0.0,0.0,0.0,0.0,0.0,0.0,0.0,0.0,0.0,0.0,0.0,0.0,0.0,0.0,1,Hola,2025-10-17T12:49:54.735904
0.0,0.0,0.0,-0.2228839248418808,-0.21003039181232452,-0.11219578981399536,-0.40587371587753296,-0.540642261505127,-0.16993151605129242,-0.5529873967170715,-0.8197631239891052,-0.21773020923137665,-0.7066308856010437,-0.9795156717300415,-0.2648268938064575,-0.2647079527378082,-0.9402753114700317,-0.11549703031778336,-0.36402925848960876,-1.3421268463134766,-0.2061905860900879,-0.4073324501514435,-1.590545415878296,-0.27467185258865356,-0.4352436661720276,-1.8129733800888062,-0.3249046206474304,-0.10341472923755646,-0.9862044453620911,-0.12925268709659576,-0.1294347047805786,-1.4278547763824463,-0.20808479189872742,-0.13664858043193817,-1.7046163082122803,-0.27285850048065186,-0.14297287166118622,-1.9479318857192993,-0.3198067843914032,0.05711023509502411,-0.9279352426528931,-0.15700851380825043,0.09529085457324982,-1.3383618593215942,-0.24805812537670135,0.12301997095346451,-1.5945627689361572,-0.2998686134815216,0.137725368142128,-1.8265724182128906,-0.33370545506477356,0.21398328244686127,-0.7914718985557556,-0.1936027705669403,0.29197588562965393,-1.0919368267059326,-0.2759277820587158,0.34311237931251526,-1.2892950773239136,-0.3028552830219269,0.37917396426200867,-1.4746348857879639,-0.3179056942462921,0.0,0.0,0.0,0.0,0.0,0.0,0.0,0.0,0.0,0.0,0.0,0.0,0.0,0.0,0.0,0.0,0.0,0.0,0.0,0.0,0.0,0.0,0.0,0.0,0.0,0.0,0.0,0.0,0.0,0.0,0.0,0.0,0.0,0.0,0.0,0.0,0.0,0.0,0.0,0.0,0.0,0.0,0.0,0.0,0.0,0.0,0.0,0.0,0.0,0.0,0.0,0.0,0.0,0.0,0.0,0.0,0.0,0.0,0.0,0.0,0.0,0.0,0.0,1,Hola,2025-10-17T12:49:54.826094
0.0,0.0,0.0,-0.21660812199115753,-0.20593047142028809,-0.108395516872406,-0.40559399127960205,-0.5422090888023376,-0.15984214842319489,-0.5508725047111511,-0.8150839805603027,-0.20108793675899506,-0.712505042552948,-0.9690609574317932,-0.24268963932991028,-0.25967052578926086,-0.94512939453125,-0.11344370990991592,-0.34939149022102356,-1.3469520807266235,-0.19686105847358704,-0.39706823229789734,-1.5903596878051758,-0.2604527771472931,-0.42884111404418945,-1.8139070272445679,-0.3094799816608429,-0.09119963645935059,-0.9875556230545044,-0.12812723219394684,-0.11405247449874878,-1.4271364212036133,-0.1999339610338211,-0.122044637799263,-1.7096028327941895,-0.2609263062477112,-0.12880201637744904,-1.9592806100845337,-0.30812206864356995,0.0735011175274849,-0.9259921908378601,-0.1563742607831955,0.11443176865577698,-1.329909086227417,-0.24190053343772888,0.14558492600917816,-1.5845332145690918,-0.291068971157074,0.16333740949630737,-1.8167794942855835,-0.32528045773506165,0.23045308887958527,-0.7940947413444519,-0.19346168637275696,0.30661073327064514,-1.0923242568969727,-0.27025705575942993,0.3589015603065491,-1.2867072820663452,-0.2945667505264282,0.3988569974899292,-1.4758379459381104,-0.3104788362979889,0.0,0.0,0.0,0.0,0.0,0.0,0.0,0.0,0.0,0.0,0.0,0.0,0.0,0.0,0.0,0.0,0.0,0.0,0.0,0.0,0.0,0.0,0.0,0.0,0.0,0.0,0.0,0.0,0.0,0.0,0.0,0.0,0.0,0.0,0.0,0.0,0.0,0.0,0.0,0.0,0.0,0.0,0.0,0.0,0.0,0.0,0.0,0.0,0.0,0.0,0.0,0.0,0.0,0.0,0.0,0.0,0.0,0.0,0.0,0.0,0.0,0.0,0.0,1,Hola,2025-10-17T12:49:54.913603
0.0,0.0,0.0,-0.22465461492538452,-0.21143151819705963,-0.11598137766122818,-0.40795886516571045,-0.5449633598327637,-0.1774437129497528,-0.5496914982795715,-0.8302339911460876,-0.22719229757785797,-0.7119438648223877,-0.9863808155059814,-0.27605992555618286,-0.26180270314216614,-0.9411330223083496,-0.12882430851459503,-0.3500378131866455,-1.3524625301361084,-0.2191169708967209,-0.39484626054763794,-1.6051915884017944,-0.2871447205543518,-0.4244314134120941,-1.8324252367019653,-0.33768653869628906,-0.09467049688100815,-0.9854933619499207,-0.14085547626018524,-0.11223110556602478,-1.4363300800323486,-0.2185135781764984,-0.1135113462805748,-1.7197015285491943,-0.28097227215766907,-0.11386345326900482,-1.9653171300888062,-0.32768434286117554,0.06984476745128632,-0.9268724918365479,-0.16636525094509125,0.1148846447467804,-1.3446983098983765,-0.25558963418006897,0.14634808897972107,-1.603654146194458,-0.30569925904273987,0.16467326879501343,-1.8358118534088135,-0.3392157256603241,0.22987833619117737,-0.7935689091682434,-0.20096302032470703,0.3165557384490967,-1.1017091274261475,-0.28261271119117737,0.3699689209461212,-1.3033429384231567,-0.30985942482948303,0.40981027483940125,-1.494046926498413,-0.32560548186302185,0.0,0.0,0.0,0.0,0.0,0.0,0.0,0.0,0.0,0.0,0.0,0.0,0.0,0.0,0.0,0.0,0.0,0.0,0.0,0.0,0.0,0.0,0.0,0.0,0.0,0.0,0.0,0.0,0.0,0.0,0.0,0.0,0.0,0.0,0.0,0.0,0.0,0.0,0.0,0.0,0.0,0.0,0.0,0.0,0.0,0.0,0.0,0.0,0.0,0.0,0.0,0.0,0.0,0.0,0.0,0.0,0.0,0.0,0.0,0.0,0.0,0.0,0.0,1,Hola,2025-10-17T12:49:54.999266
0.0,0.0,0.0,-0.21507048606872559,-0.2027144581079483,-0.12252160906791687,-0.3944573998451233,-0.5374701023101807,-0.18238960206508636,-0.5418996214866638,-0.8106884956359863,-0.23088327050209045,-0.705231785774231,-0.9724220633506775,-0.27980250120162964,-0.2516590356826782,-0.9429023265838623,-0.11784017086029053,-0.3396226465702057,-1.3407014608383179,-0.20679351687431335,-0.38605284690856934,-1.585782766342163,-0.2758774161338806,-0.41472235321998596,-1.8109228610992432,-0.3286009430885315,-0.08110740780830383,-0.9884576201438904,-0.12795741856098175,-0.09955254942178726,-1.429193139076233,-0.205848827958107,-0.10824154317378998,-1.7133389711380005,-0.2738129794597626,-0.11554556339979172,-1.9683152437210083,-0.3255300521850586,0.08080902695655823,-0.9270796775817871,-0.1533079743385315,0.1272781640291214,-1.3348827362060547,-0.2449837625026703,0.1596466451883316,-1.5955554246902466,-0.3011299967765808,0.17966775596141815,-1.8339959383010864,-0.3393642008304596,0.23145124316215515,-0.7954615950584412,-0.188424751162529,0.31441473960876465,-1.0918288230895996,-0.2696848511695862,0.36999568343162537,-1.2902547121047974,-0.2987542152404785,0.4125402569770813,-1.483480453491211,-0.31790316104888916,0.0,0.0,0.0,0.0,0.0,0.0,0.0,0.0,0.0,0.0,0.0,0.0,0.0,0.0,0.0,0.0,0.0,0.0,0.0,0.0,0.0,0.0,0.0,0.0,0.0,0.0,0.0,0.0,0.0,0.0,0.0,0.0,0.0,0.0,0.0,0.0,0.0,0.0,0.0,0.0,0.0,0.0,0.0,0.0,0.0,0.0,0.0,0.0,0.0,0.0,0.0,0.0,0.0,0.0,0.0,0.0,0.0,0.0,0.0,0.0,0.0,0.0,0.0,1,Hola,2025-10-17T12:49:55.089094
0.0,0.0,0.0,-0.23117753863334656,-0.1959379017353058,-0.099434494972229,-0.42930275201797485,-0.526536226272583,-0.14882616698741913,-0.5788421034812927,-0.7903563976287842,-0.19066883623600006,-0.7370538711547852,-0.9327993392944336,-0.23350702226161957,-0.27861708402633667,-0.9326496720314026,-0.09260476380586624,-0.38057124614715576,-1.3134499788284302,-0.17329856753349304,-0.42941397428512573,-1.5511332750320435,-0.23827867209911346,-0.4646468460559845,-1.7652055025100708,-0.2881745994091034,-0.1139875203371048,-0.9874234795570374,-0.10955218225717545,-0.1402345597743988,-1.41796875,-0.1804002821445465,-0.15455584228038788,-1.6935826539993286,-0.24142388999462128,-0.1689262092113495,-1.9408254623413086,-0.28741729259490967,0.048087455332279205,-0.9351266026496887,-0.14034558832645416,0.07934236526489258,-1.3358705043792725,-0.22130537033081055,0.10974285751581192,-1.5931955575942993,-0.2724118232727051,0.1261696219444275,-1.8286406993865967,-0.3082849085330963,0.20581403374671936,-0.8087996244430542,-0.17969198524951935,0.28098419308662415,-1.1069294214248657,-0.25073152780532837,0.32699841260910034,-1.3011804819107056,-0.2760126292705536,0.3555755019187927,-1.490148901939392,-0.2937188446521759,0.0,0.0,0.0,0.0,0.0,0.0,0.0,0.0,0.0,0.0,0.0,0.0,0.0,0.0,0.0,0.0,0.0,0.0,0.0,0.0,0.0,0.0,0.0,0.0,0.0,0.0,0.0,0.0,0.0,0.0,0.0,0.0,0.0,0.0,0.0,0.0,0.0,0.0,0.0,0.0,0.0,0.0,0.0,0.0,0.0,0.0,0.0,0.0,0.0,0.0,0.0,0.0,0.0,0.0,0.0,0.0,0.0,0.0,0.0,0.0,0.0,0.0,0.0,1,Hola,2025-10-17T12:49:55.176421
0.0,0.0,0.0,-0.22804085910320282,-0.19063563644886017,-0.09373215585947037,-0.432849258184433,-0.5198823809623718,-0.14013950526714325,-0.5889344811439514,-0.7739985585212708,-0.1800854206085205,-0.7504145503044128,-0.9158620834350586,-0.22164830565452576,-0.29292330145835876,-0.9282807111740112,-0.09321331977844238,-0.4026525616645813,-1.3199723958969116,-0.1742733120918274,-0.45638036727905273,-1.5632929801940918,-0.2377062439918518,-0.4903701841831207,-1.7803446054458618,-0.2859317660331726,-0.12665550410747528,-0.9852984547615051,-0.11465290933847427,-0.16455569863319397,-1.4282387495040894,-0.18234029412269592,-0.18143445253372192,-1.70796799659729,-0.24178050458431244,-0.19379988312721252,-1.9551374912261963,-0.28777965903282166,0.03679322823882103,-0.9391356706619263,-0.14953897893428802,0.06337646394968033,-1.3509825468063354,-0.22833825647830963,0.09009996801614761,-1.6115951538085938,-0.27809712290763855,0.10513760149478912,-1.8470202684402466,-0.3141994774341583,0.1950857937335968,-0.8193163275718689,-0.19243019819259644,0.26604607701301575,-1.1216222047805786,-0.26166829466819763,0.3163704574108124,-1.3185405731201172,-0.2849743366241455,0.35222291946411133,-1.5071845054626465,-0.30184170603752136,0.0,0.0,0.0,0.0,0.0,0.0,0.0,0.0,0.0,0.0,0.0,0.0,0.0,0.0,0.0,0.0,0.0,0.0,0.0,0.0,0.0,0.0,0.0,0.0,0.0,0.0,0.0,0.0,0.0,0.0,0.0,0.0,0.0,0.0,0.0,0.0,0.0,0.0,0.0,0.0,0.0,0.0,0.0,0.0,0.0,0.0,0.0,0.0,0.0,0.0,0.0,0.0,0.0,0.0,0.0,0.0,0.0,0.0,0.0,0.0,0.0,0.0,0.0,1,Hola,2025-10-17T12:49:55.270457
0.0,0.0,0.0,-0.24722443521022797,-0.17364132404327393,-0.08217509835958481,-0.4691992402076721,-0.48075059056282043,-0.1219981238245964,-0.6241991519927979,-0.7274689078330994,-0.15713784098625183,-0.7816863059997559,-0.8649296164512634,-0.19453886151313782,-0.35286271572113037,-0.9043335318565369,-0.07652097940444946,-0.4790512025356293,-1.2790329456329346,-0.14611318707466125,-0.5454131960868835,-1.5086256265640259,-0.2022821009159088,-0.5871758460998535,-1.714864730834961,-0.24518147110939026,-0.1939753144979477,-0.9759566783905029,-0.09940914809703827,-0.24736766517162323,-1.410231590270996,-0.15487046539783478,-0.2753293514251709,-1.6778924465179443,-0.20672017335891724,-0.2986985146999359,-1.9113470315933228,-0.24794480204582214,-0.027105405926704407,-0.946312427520752,-0.13550549745559692,-0.009818288497626781,-1.3553321361541748,-0.2005998194217682,-0.001445107627660036,-1.608239769935608,-0.2490302175283432,-0.005758224055171013,-1.8317017555236816,-0.28544580936431885,0.1400490403175354,-0.8431780934333801,-0.17919699847698212,0.19395163655281067,-1.1538875102996826,-0.23760800063610077,0.22395555675029755,-1.3525382280349731,-0.26142099499702454,0.23667992651462555,-1.5391978025436401,-0.27906739711761475,0.0,0.0,0.0,0.0,0.0,0.0,0.0,0.0,0.0,0.0,0.0,0.0,0.0,0.0,0.0,0.0,0.0,0.0,0.0,0.0,0.0,0.0,0.0,0.0,0.0,0.0,0.0,0.0,0.0,0.0,0.0,0.0,0.0,0.0,0.0,0.0,0.0,0.0,0.0,0.0,0.0,0.0,0.0,0.0,0.0,0.0,0.0,0.0,0.0,0.0,0.0,0.0,0.0,0.0,0.0,0.0,0.0,0.0,0.0,0.0,0.0,0.0,0.0,1,Hola,2025-10-17T12:49:55.365984
0.0,0.0,0.0,-0.31054002046585083,-0.052847445011138916,-0.12569254636764526,-0.5713538527488708,-0.35009047389030457,-0.19708502292633057,-0.7691751718521118,-0.6136953830718994,-0.2516808807849884,-0.9692276120185852,-0.7163859009742737,-0.3085697293281555,-0.4423145353794098,-0.8461322784423828,-0.16087239980697632,-0.6038312315940857,-1.2519887685775757,-0.25684523582458496,-0.7013903856277466,-1.529748797416687,-0.3338506817817688,-0.7737423181533813,-1.7677100896835327,-0.39155808091163635,-0.25604745745658875,-0.950417697429657,-0.17648190259933472,-0.3415391445159912,-1.4310641288757324,-0.25763633847236633,-0.3958739936351776,-1.7539559602737427,-0.3330264687538147,-0.4437815248966217,-2.0298755168914795,-0.38746553659439087,-0.05737387016415596,-0.9437938928604126,-0.20281654596328735,-0.07900620251893997,-1.4223450422286987,-0.2960497736930847,-0.08537480235099792,-1.7332066297531128,-0.36789122223854065,-0.09421993792057037,-1.994784951210022,-0.4167770743370056,0.13792814314365387,-0.8479489684104919,-0.2361578345298767,0.18093568086624146,-1.2142295837402344,-0.32707706093788147,0.2142861783504486,-1.4547396898269653,-0.3630128502845764,0.23197025060653687,-1.669127345085144,-0.38374337553977966,0.0,0.0,0.0,-0.26834288239479065,-0.1545362025499344,-0.09033935517072678,-0.5063017010688782,-0.43702447414398193,-0.1334640383720398,-0.6715126037597656,-0.6790072917938232,-0.1704963892698288,-0.8386520147323608,-0.7948616147041321,-0.2065638154745102,-0.42262008786201477,-0.8712249398231506,-0.0666547492146492,-0.5785648822784424,-1.2323541641235352,-0.1330467313528061,-0.6650286912918091,-1.454519271850586,-0.18949267268180847,-0.7250166535377502,-1.6503891944885254,-0.23240305483341217,-0.26656755805015564,-0.960196316242218,-0.08345557004213333,-0.3507312536239624,-1.3849526643753052,-0.13591597974300385,-0.3996596336364746,-1.6507833003997803,-0.18699093163013458,-0.4404590427875519,-1.878433346748352,-0.226276695728302,-0.09847013652324677,-0.9504030346870422,-0.11532437801361084,-0.11838886141777039,-1.3526146411895752,-0.1752168834209442,-0.1279437392950058,-1.6024054288864136,-0.2230333536863327,-0.1443915069103241,-1.8170497417449951,-0.2589966952800751,0.07537413388490677,-0.8679677248001099,-0.1562088578939438,0.10730185359716415,-1.167832612991333,-0.20846512913703918,0.1216183602809906,-1.363145112991333,-0.23069165647029877,0.12156368792057037,-1.542675256729126,-0.247031569480896,2,Hola,2025-10-17T12:49:55.495793
0.0,0.0,0.0,-0.286272794008255,-0.128448948264122,-0.09072985500097275,-0.5523204803466797,-0.3971964120864868,-0.12968455255031586,-0.7332579493522644,-0.6304722428321838,-0.1624414622783661,-0.9124447107315063,-0.7403850555419922,-0.19576461613178253,-0.4576723575592041,-0.847925066947937,-0.07449941337108612,-0.6314022541046143,-1.2046420574188232,-0.143633633852005,-0.7258801460266113,-1.4180303812026978,-0.19947762787342072,-0.7956500053405762,-1.6187493801116943,-0.24249640107154846,-0.30541306734085083,-0.9475314617156982,-0.09437660872936249,-0.409850150346756,-1.3822885751724243,-0.14843332767486572,-0.46851474046707153,-1.648145318031311,-0.19994927942752838,-0.5160582065582275,-1.8832495212554932,-0.2412702888250351,-0.13679739832878113,-0.9469680190086365,-0.12899471819400787,-0.1744202971458435,-1.3502113819122314,-0.19409847259521484,-0.19529205560684204,-1.6042773723602295,-0.24006271362304688,-0.22382566332817078,-1.8321901559829712,-0.27489930391311646,0.04046252369880676,-0.875603199005127,-0.1726919412612915,0.04859035834670067,-1.1917167901992798,-0.22990682721138,0.049582771956920624,-1.3887465000152588,-0.25032341480255127,0.03880395367741585,-1.5764453411102295,-0.2660644054412842,0.0,0.0,0.0,0.0,0.0,0.0,0.0,0.0,0.0,0.0,0.0,0.0,0.0,0.0,0.0,0.0,0.0,0.0,0.0,0.0,0.0,0.0,0.0,0.0,0.0,0.0,0.0,0.0,0.0,0.0,0.0,0.0,0.0,0.0,0.0,0.0,0.0,0.0,0.0,0.0,0.0,0.0,0.0,0.0,0.0,0.0,0.0,0.0,0.0,0.0,0.0,0.0,0.0,0.0,0.0,0.0,0.0,0.0,0.0,0.0,0.0,0.0,0.0,1,Hola,2025-10-17T12:49:55.540812
0.0,0.0,0.0,-0.272586464881897,-0.11036019027233124,-0.09569784253835678,-0.537895917892456,-0.38501015305519104,-0.1373031735420227,-0.7325662970542908,-0.6195565462112427,-0.1725214272737503,-0.9184485673904419,-0.7157278656959534,-0.2094675451517105,-0.45262306928634644,-0.8468839526176453,-0.08273641020059586,-0.6266180872917175,-1.1957104206085205,-0.16200941801071167,-0.718960702419281,-1.410360336303711,-0.2246514856815338,-0.7868812084197998,-1.6126335859298706,-0.2735117971897125,-0.2959301471710205,-0.9496416449546814,-0.10298596322536469,-0.41482868790626526,-1.367215871810913,-0.16978442668914795,-0.4786847233772278,-1.6306020021438599,-0.2285824418067932,-0.5290548205375671,-1.866126537322998,-0.2749630808830261,-0.1278209686279297,-0.946645200252533,-0.13833709061145782,-0.17385222017765045,-1.3448601961135864,-0.21879705786705017,-0.19524426758289337,-1.6039893627166748,-0.26822274923324585,-0.22156022489070892,-1.8377397060394287,-0.3045918643474579,0.04618467018008232,-0.8729611039161682,-0.1824115514755249,0.05732632055878639,-1.1795223951339722,-0.2536793053150177,0.06406735628843307,-1.3811086416244507,-0.27875450253486633,0.05932129546999931,-1.5753827095031738,-0.2977854609489441,0.0,0.0,0.0,0.0,0.0,0.0,0.0,0.0,0.0,0.0,0.0,0.0,0.0,0.0,0.0,0.0,0.0,0.0,0.0,0.0,0.0,0.0,0.0,0.0,0.0,0.0,0.0,0.0,0.0,0.0,0.0,0.0,0.0,0.0,0.0,0.0,0.0,0.0,0.0,0.0,0.0,0.0,0.0,0.0,0.0,0.0,0.0,0.0,0.0,0.0,0.0,0.0,0.0,0.0,0.0,0.0,0.0,0.0,0.0,0.0,0.0,0.0,0.0,1,Hola,2025-10-17T12:49:55.630739
0.0,0.0,0.0,-0.2752479910850525,-0.10654304176568985,-0.10211899131536484,-0.5422825217247009,-0.37941813468933105,-0.14690043032169342,-0.7393866777420044,-0.6127070784568787,-0.1842099279165268,-0.9265569448471069,-0.7080983519554138,-0.2229652851819992,-0.4546201825141907,-0.8442714810371399,-0.08799614012241364,-0.6314929723739624,-1.1927138566970825,-0.16859190165996552,-0.7263662219047546,-1.407444715499878,-0.23338544368743896,-0.7972503304481506,-1.6114932298660278,-0.28400719165802,-0.2963399291038513,-0.9492349028587341,-0.10552623122930527,-0.41762757301330566,-1.3652722835540771,-0.17520180344581604,-0.4857375919818878,-1.6320306062698364,-0.23797966539859772,-0.5414349436759949,-1.8712385892868042,-0.2866940498352051,-0.12703751027584076,-0.9459316730499268,-0.13816066086292267,-0.1734425127506256,-1.3432732820510864,-0.22018598020076752,-0.19881556928157806,-1.6051025390625,-0.272032767534256,-0.22966843843460083,-1.8405377864837646,-0.30954211950302124,0.04696602374315262,-0.8732115030288696,-0.17985956370830536,0.05525906756520271,-1.1777141094207764,-0.251359224319458,0.05810026451945305,-1.3811224699020386,-0.27653637528419495,0.050394777208566666,-1.577511191368103,-0.29535412788391113,0.0,0.0,0.0,0.0,0.0,0.0,0.0,0.0,0.0,0.0,0.0,0.0,0.0,0.0,0.0,0.0,0.0,0.0,0.0,0.0,0.0,0.0,0.0,0.0,0.0,0.0,0.0,0.0,0.0,0.0,0.0,0.0,0.0,0.0,0.0,0.0,0.0,0.0,0.0,0.0,0.0,0.0,0.0,0.0,0.0,0.0,0.0,0.0,0.0,0.0,0.0,0.0,0.0,0.0,0.0,0.0,0.0,0.0,0.0,0.0,0.0,0.0,0.0,1,Hola,2025-10-17T12:49:55.719038
0.0,0.0,0.0,-0.2794884741306305,-0.11147487908601761,-0.09384477138519287,-0.546737551689148,-0.3895028531551361,-0.1320498138666153,-0.7417421936988831,-0.6213365197181702,-0.1642524003982544,-0.9252246618270874,-0.7144792675971985,-0.19771026074886322,-0.4624253511428833,-0.8413301706314087,-0.07505448162555695,-0.6348564624786377,-1.1866612434387207,-0.1533743143081665,-0.7303953170776367,-1.40768563747406,-0.21741749346256256,-0.8014824390411377,-1.6115423440933228,-0.26711398363113403,-0.3082667291164398,-0.9466606378555298,-0.09383634477853775,-0.4224748909473419,-1.3665651082992554,-0.16147321462631226,-0.4857838749885559,-1.638625144958496,-0.2208268791437149,-0.5363776683807373,-1.8823171854019165,-0.2658453583717346,-0.13914214074611664,-0.9463155269622803,-0.1276666224002838,-0.18613901734352112,-1.3491747379302979,-0.20759660005569458,-0.20686087012290955,-1.6075304746627808,-0.25801146030426025,-0.2338191717863083,-1.8407883644104004,-0.2934305965900421,0.038610029965639114,-0.8752447962760925,-0.17012767493724823,0.0544394850730896,-1.1859383583068848,-0.24096055328845978,0.058084823191165924,-1.3897889852523804,-0.2669617235660553,0.04865945130586624,-1.587145209312439,-0.28545233607292175,0.0,0.0,0.0,0.0,0.0,0.0,0.0,0.0,0.0,0.0,0.0,0.0,0.0,0.0,0.0,0.0,0.0,0.0,0.0,0.0,0.0,0.0,0.0,0.0,0.0,0.0,0.0,0.0,0.0,0.0,0.0,0.0,0.0,0.0,0.0,0.0,0.0,0.0,0.0,0.0,0.0,0.0,0.0,0.0,0.0,0.0,0.0,0.0,0.0,0.0,0.0,0.0,0.0,0.0,0.0,0.0,0.0,0.0,0.0,0.0,0.0,0.0,0.0,1,Hola,2025-10-17T12:49:55.805923
0.0,0.0,0.0,-0.28191617131233215,-0.10269279032945633,-0.10367489606142044,-0.5524095892906189,-0.3766029179096222,-0.14761731028556824,-0.7495730519294739,-0.6124180555343628,-0.18386052548885345,-0.9364209771156311,-0.7078394293785095,-0.22172844409942627,-0.453450083732605,-0.8442122340202332,-0.09137523174285889,-0.6291296482086182,-1.1957448720932007,-0.17412947118282318,-0.7273589968681335,-1.4153414964675903,-0.2401665896177292,-0.8021710515022278,-1.6232017278671265,-0.2918797731399536,-0.2931639552116394,-0.9497187733650208,-0.10995043814182281,-0.4098326861858368,-1.372514009475708,-0.1810791939496994,-0.4816296100616455,-1.6462318897247314,-0.24457724392414093,-0.5413589477539062,-1.8893648386001587,-0.2938663363456726,-0.12386692315340042,-0.9464923143386841,-0.14391390979290009,-0.16857002675533295,-1.3536570072174072,-0.22918537259101868,-0.1999429613351822,-1.6187058687210083,-0.28248199820518494,-0.2373642474412918,-1.8569823503494263,-0.32077082991600037,0.04861362650990486,-0.8721045851707458,-0.18698500096797943,0.06338793784379959,-1.1786316633224487,-0.2629276514053345,0.06621406972408295,-1.3856853246688843,-0.28999844193458557,0.05657504126429558,-1.5852667093276978,-0.3098347783088684,0.0,0.0,0.0,0.0,0.0,0.0,0.0,0.0,0.0,0.0,0.0,0.0,0.0,0.0,0.0,0.0,0.0,0.0,0.0,0.0,0.0,0.0,0.0,0.0,0.0,0.0,0.0,0.0,0.0,0.0,0.0,0.0,0.0,0.0,0.0,0.0,0.0,0.0,0.0,0.0,0.0,0.0,0.0,0.0,0.0,0.0,0.0,0.0,0.0,0.0,0.0,0.0,0.0,0.0,0.0,0.0,0.0,0.0,0.0,0.0,0.0,0.0,0.0,1,Hola,2025-10-17T12:49:55.899618
0.0,0.0,0.0,-0.28935322165489197,-0.10623925179243088,-0.10180380195379257,-0.5615062713623047,-0.37131407856941223,-0.1466846615076065,-0.7539581656455994,-0.6030181050300598,-0.18460963666439056,-0.9394341111183167,-0.7028377056121826,-0.22385059297084808,-0.4668857157230377,-0.83591228723526,-0.08518218994140625,-0.6474725604057312,-1.1853481531143188,-0.17409150302410126,-0.7483912110328674,-1.4085705280303955,-0.2460256665945053,-0.8253936767578125,-1.6182821989059448,-0.3002368211746216,-0.30939552187919617,-0.9451867341995239,-0.10438550263643265,-0.42848414182662964,-1.3683825731277466,-0.1818891316652298,-0.4986603558063507,-1.644578456878662,-0.24873626232147217,-0.5544387102127075,-1.8958165645599365,-0.2988940179347992,-0.13897506892681122,-0.9494631886482239,-0.1398167610168457,-0.1854761689901352,-1.3462432622909546,-0.2281978875398636,-0.2085590362548828,-1.608410358428955,-0.2841000556945801,-0.23759670555591583,-1.843137502670288,-0.3226895034313202,0.03966989740729332,-0.88321852684021,-0.18464617431163788,0.04825947433710098,-1.1974374055862427,-0.26152342557907104,0.052299000322818756,-1.3988405466079712,-0.2894485890865326,0.04422527551651001,-1.5917209386825562,-0.30909159779548645,0.0,0.0,0.0,0.0,0.0,0.0,0.0,0.0,0.0,0.0,0.0,0.0,0.0,0.0,0.0,0.0,0.0,0.0,0.0,0.0,0.0,0.0,0.0,0.0,0.0,0.0,0.0,0.0,0.0,0.0,0.0,0.0,0.0,0.0,0.0,0.0,0.0,0.0,0.0,0.0,0.0,0.0,0.0,0.0,0.0,0.0,0.0,0.0,0.0,0.0,0.0,0.0,0.0,0.0,0.0,0.0,0.0,0.0,0.0,0.0,0.0,0.0,0.0,1,Hola,2025-10-17T12:49:55.988985
0.0,0.0,0.0,-0.29011473059654236,-0.09807471185922623,-0.09674469381570816,-0.5674136281013489,-0.36638522148132324,-0.136259526014328,-0.7663852572441101,-0.5937485098838806,-0.1694212555885315,-0.9516233801841736,-0.6877343058586121,-0.2043103277683258,-0.46793410181999207,-0.8368696570396423,-0.08037574589252472,-0.6478577256202698,-1.183201789855957,-0.16135992109775543,-0.7495231628417969,-1.4027631282806396,-0.22730040550231934,-0.8271921873092651,-1.6087076663970947,-0.2792465388774872,-0.30833232402801514,-0.9457817077636719,-0.1021181270480156,-0.43180957436561584,-1.362650990486145,-0.17156367003917694,-0.5043667554855347,-1.6351673603057861,-0.23468993604183197,-0.5642741322517395,-1.8748188018798828,-0.28366369009017944,-0.13771015405654907,-0.9457156658172607,-0.13944704830646515,-0.18890413641929626,-1.3449088335037231,-0.2231990545988083,-0.2214893400669098,-1.6072105169296265,-0.2770549952983856,-0.26021280884742737,-1.840660572052002,-0.31593894958496094,0.03707219287753105,-0.8735364079475403,-0.18547476828098297,0.049740422517061234,-1.1772165298461914,-0.2602110207080841,0.053668100386857986,-1.381514310836792,-0.28745707869529724,0.04517389461398125,-1.576664924621582,-0.30762040615081787,0.0,0.0,0.0,0.0,0.0,0.0,0.0,0.0,0.0,0.0,0.0,0.0,0.0,0.0,0.0,0.0,0.0,0.0,0.0,0.0,0.0,0.0,0.0,0.0,0.0,0.0,0.0,0.0,0.0,0.0,0.0,0.0,0.0,0.0,0.0,0.0,0.0,0.0,0.0,0.0,0.0,0.0,0.0,0.0,0.0,0.0,0.0,0.0,0.0,0.0,0.0,0.0,0.0,0.0,0.0,0.0,0.0,0.0,0.0,0.0,0.0,0.0,0.0,1,Hola,2025-10-17T12:49:56.074620
0.0,0.0,0.0,-0.30306997895240784,-0.09424930065870285,-0.09229297935962677,-0.5788775682449341,-0.35339340567588806,-0.13557246327400208,-0.7760774493217468,-0.5839937925338745,-0.17333178222179413,-0.963873028755188,-0.6735760569572449,-0.2125839740037918,-0.4808081090450287,-0.8292642831802368,-0.07998873293399811,-0.6586137413978577,-1.1833239793777466,-0.1634289026260376,-0.7577576637268066,-1.408097267150879,-0.23383158445358276,-0.8349182605743408,-1.611567735671997,-0.28842464089393616,-0.32003840804100037,-0.9417333006858826,-0.1035073846578598,-0.4404764473438263,-1.370835304260254,-0.1744113713502884,-0.5088846683502197,-1.6416199207305908,-0.2388530969619751,-0.5630466341972351,-1.8758223056793213,-0.288749635219574,-0.14758235216140747,-0.9481939673423767,-0.14147549867630005,-0.20323725044727325,-1.3466122150421143,-0.22300921380519867,-0.23648865520954132,-1.6029369831085205,-0.2760607600212097,-0.2721589207649231,-1.8268672227859497,-0.31495946645736694,0.031089233234524727,-0.8767581582069397,-0.18807338178157806,0.03668997064232826,-1.1847070455551147,-0.2618454694747925,0.03565322235226631,-1.383881688117981,-0.2881523072719574,0.02675682306289673,-1.5736082792282104,-0.3070942461490631,0.0,0.0,0.0,0.0,0.0,0.0,0.0,0.0,0.0,0.0,0.0,0.0,0.0,0.0,0.0,0.0,0.0,0.0,0.0,0.0,0.0,0.0,0.0,0.0,0.0,0.0,0.0,0.0,0.0,0.0,0.0,0.0,0.0,0.0,0.0,0.0,0.0,0.0,0.0,0.0,0.0,0.0,0.0,0.0,0.0,0.0,0.0,0.0,0.0,0.0,0.0,0.0,0.0,0.0,0.0,0.0,0.0,0.0,0.0,0.0,0.0,0.0,0.0,1,Hola,2025-10-17T12:49:56.161659
0.0,0.0,0.0,-0.3038513958454132,-0.08936923742294312,-0.0958494022488594,-0.5891018509864807,-0.34333375096321106,-0.13809405267238617,-0.7938907146453857,-0.5713265538215637,-0.1738601177930832,-0.9820911288261414,-0.6561785936355591,-0.21013931930065155,-0.49706029891967773,-0.8225107192993164,-0.07831593602895737,-0.6797683835029602,-1.1728378534317017,-0.16031697392463684,-0.7809438705444336,-1.3945376873016357,-0.22886738181114197,-0.8577659726142883,-1.597781777381897,-0.28207889199256897,-0.3355215787887573,-0.936829149723053,-0.09887602180242538,-0.460159569978714,-1.358227252960205,-0.16708602011203766,-0.5296763181686401,-1.6256544589996338,-0.22763985395431519,-0.5835907459259033,-1.8566216230392456,-0.27524039149284363,-0.1611260622739792,-0.9475808143615723,-0.13504493236541748,-0.2194201648235321,-1.3417471647262573,-0.2144438773393631,-0.2526922821998596,-1.5978423357009888,-0.26321136951446533,-0.2872627377510071,-1.8204808235168457,-0.29924166202545166,0.021163370460271835,-0.8812381625175476,-0.18063221871852875,0.021505843847990036,-1.1916342973709106,-0.25198209285736084,0.0174731332808733,-1.3924211263656616,-0.27598053216934204,0.006322584114968777,-1.581968903541565,-0.2935478985309601,0.0,0.0,0.0,0.0,0.0,0.0,0.0,0.0,0.0,0.0,0.0,0.0,0.0,0.0,0.0,0.0,0.0,0.0,0.0,0.0,0.0,0.0,0.0,0.0,0.0,0.0,0.0,0.0,0.0,0.0,0.0,0.0,0.0,0.0,0.0,0.0,0.0,0.0,0.0,0.0,0.0,0.0,0.0,0.0,0.0,0.0,0.0,0.0,0.0,0.0,0.0,0.0,0.0,0.0,0.0,0.0,0.0,0.0,0.0,0.0,0.0,0.0,0.0,1,Hola,2025-10-17T12:49:56.253141
0.0,0.0,0.0,-0.29615411162376404,-0.08786080032587051,-0.09825602918863297,-0.5790532827377319,-0.34453219175338745,-0.13648024201393127,-0.780421793460846,-0.5699794888496399,-0.16804933547973633,-0.9685276746749878,-0.6487005352973938,-0.20083950459957123,-0.48234403133392334,-0.8283756971359253,-0.0723545029759407,-0.6663418412208557,-1.1634107828140259,-0.14824023842811584,-0.7714645862579346,-1.3741230964660645,-0.2120789736509323,-0.8540505170822144,-1.573894739151001,-0.2630198299884796,-0.32373830676078796,-0.9416539669036865,-0.09209416061639786,-0.44886693358421326,-1.348921537399292,-0.15641875565052032,-0.5252630114555359,-1.6156163215637207,-0.21721327304840088,-0.5884916186332703,-1.8517863750457764,-0.26502886414527893,-0.1536681205034256,-0.9487670063972473,-0.12806077301502228,-0.21151937544345856,-1.3399333953857422,-0.20716774463653564,-0.24535229802131653,-1.5994540452957153,-0.2581467032432556,-0.28277578949928284,-1.8324129581451416,-0.2952321469783783,0.02055888995528221,-0.8856594562530518,-0.17336510121822357,0.023274419829249382,-1.1910253763198853,-0.2419922798871994,0.02362697944045067,-1.3929238319396973,-0.26488053798675537,0.014283312484622002,-1.5870851278305054,-0.2825857102870941,0.0,0.0,0.0,0.0,0.0,0.0,0.0,0.0,0.0,0.0,0.0,0.0,0.0,0.0,0.0,0.0,0.0,0.0,0.0,0.0,0.0,0.0,0.0,0.0,0.0,0.0,0.0,0.0,0.0,0.0,0.0,0.0,0.0,0.0,0.0,0.0,0.0,0.0,0.0,0.0,0.0,0.0,0.0,0.0,0.0,0.0,0.0,0.0,0.0,0.0,0.0,0.0,0.0,0.0,0.0,0.0,0.0,0.0,0.0,0.0,0.0,0.0,0.0,1,Hola,2025-10-17T12:49:56.340803
0.0,0.0,0.0,-0.2970944941043854,-0.08359377831220627,-0.09956257790327072,-0.581937849521637,-0.3384348452091217,-0.13860812783241272,-0.784099817276001,-0.5604485273361206,-0.17066875100135803,-0.9711011052131653,-0.6484457850456238,-0.20352934300899506,-0.48403000831604004,-0.8219515681266785,-0.07435676455497742,-0.672832727432251,-1.1553809642791748,-0.15310490131378174,-0.7793839573860168,-1.3695789575576782,-0.2187345027923584,-0.8589946627616882,-1.5713775157928467,-0.27033528685569763,-0.32765626907348633,-0.9402342438697815,-0.09274081140756607,-0.45955991744995117,-1.3482109308242798,-0.15705256164073944,-0.5353707075119019,-1.6159718036651611,-0.21600565314292908,-0.5936410427093506,-1.8485335111618042,-0.26240891218185425,-0.15819378197193146,-0.9510606527328491,-0.1279444396495819,-0.2167757898569107,-1.3446804285049438,-0.20519109070301056,-0.24997828900814056,-1.6041582822799683,-0.2549480199813843,-0.28547313809394836,-1.8324657678604126,-0.2917177677154541,0.01665916107594967,-0.8868324756622314,-0.17288102209568024,0.02143380232155323,-1.1861767768859863,-0.24025319516658783,0.023070717230439186,-1.3859444856643677,-0.26356494426727295,0.015654919669032097,-1.5746601819992065,-0.2817104756832123,0.0,0.0,0.0,0.0,0.0,0.0,0.0,0.0,0.0,0.0,0.0,0.0,0.0,0.0,0.0,0.0,0.0,0.0,0.0,0.0,0.0,0.0,0.0,0.0,0.0,0.0,0.0,0.0,0.0,0.0,0.0,0.0,0.0,0.0,0.0,0.0,0.0,0.0,0.0,0.0,0.0,0.0,0.0,0.0,0.0,0.0,0.0,0.0,0.0,0.0,0.0,0.0,0.0,0.0,0.0,0.0,0.0,0.0,0.0,0.0,0.0,0.0,0.0,1,Hola,2025-10-17T12:49:56.430183
0.0,0.0,0.0,-0.29197457432746887,-0.08997815102338791,-0.09420565515756607,-0.5751726627349854,-0.3506127595901489,-0.1328912079334259,-0.7766913771629333,-0.577410876750946,-0.16526822745800018,-0.9667003750801086,-0.6666789650917053,-0.19891265034675598,-0.4763029217720032,-0.8314183950424194,-0.07671848684549332,-0.6607542634010315,-1.1691539287567139,-0.15236090123653412,-0.7661489844322205,-1.378419041633606,-0.21629934012889862,-0.8478741645812988,-1.5787419080734253,-0.26723554730415344,-0.319710373878479,-0.9423314332962036,-0.09897918254137039,-0.4477570056915283,-1.3536945581436157,-0.16084636747837067,-0.5241168737411499,-1.6237471103668213,-0.22012534737586975,-0.5854413509368896,-1.8596129417419434,-0.2672455310821533,-0.1481935977935791,-0.9483534693717957,-0.13635633885860443,-0.2064226269721985,-1.3431448936462402,-0.21186308562755585,-0.2408788800239563,-1.5977880954742432,-0.26016905903816223,-0.27914297580718994,-1.826244592666626,-0.2962142527103424,0.02977837435901165,-0.8827653527259827,-0.18268945813179016,0.030678829178214073,-1.18719482421875,-0.2497728317975998,0.029750272631645203,-1.386725664138794,-0.27076542377471924,0.01919565349817276,-1.5786312818527222,-0.28696107864379883,0.0,0.0,0.0,0.0,0.0,0.0,0.0,0.0,0.0,0.0,0.0,0.0,0.0,0.0,0.0,0.0,0.0,0.0,0.0,0.0,0.0,0.0,0.0,0.0,0.0,0.0,0.0,0.0,0.0,0.0,0.0,0.0,0.0,0.0,0.0,0.0,0.0,0.0,0.0,0.0,0.0,0.0,0.0,0.0,0.0,0.0,0.0,0.0,0.0,0.0,0.0,0.0,0.0,0.0,0.0,0.0,0.0,0.0,0.0,0.0,0.0,0.0,0.0,1,Hola,2025-10-17T12:49:56.515798
0.0,0.0,0.0,-0.2938329875469208,-0.11109771579504013,-0.09321602433919907,-0.5617265105247498,-0.3806711435317993,-0.13861899077892303,-0.7572349905967712,-0.6076400876045227,-0.17744815349578857,-0.9399174451828003,-0.7017916440963745,-0.2158297598361969,-0.46000203490257263,-0.8433549404144287,-0.08795838057994843,-0.6472902297973633,-1.1996392011642456,-0.16693620383739471,-0.7420148253440857,-1.4197720289230347,-0.2282627522945404,-0.8169240355491638,-1.6200528144836426,-0.27423256635665894,-0.30432936549186707,-0.9463428854942322,-0.10871390253305435,-0.4235711991786957,-1.37686026096344,-0.17531923949718475,-0.4883166253566742,-1.6437046527862549,-0.23319308459758759,-0.5424101948738098,-1.8770606517791748,-0.27581721544265747,-0.13183481991291046,-0.9450583457946777,-0.14261722564697266,-0.17901194095611572,-1.3555678129196167,-0.22107483446598053,-0.2060043215751648,-1.6138707399368286,-0.26481330394744873,-0.23705986142158508,-1.8450292348861694,-0.2948719263076782,0.04851004108786583,-0.8657979369163513,-0.18448062241077423,0.05831291154026985,-1.1809097528457642,-0.2527191936969757,0.059808820486068726,-1.3865736722946167,-0.2692825198173523,0.050843141973018646,-1.5795761346817017,-0.27899008989334106,0.0,0.0,0.0,0.0,0.0,0.0,0.0,0.0,0.0,0.0,0.0,0.0,0.0,0.0,0.0,0.0,0.0,0.0,0.0,0.0,0.0,0.0,0.0,0.0,0.0,0.0,0.0,0.0,0.0,0.0,0.0,0.0,0.0,0.0,0.0,0.0,0.0,0.0,0.0,0.0,0.0,0.0,0.0,0.0,0.0,0.0,0.0,0.0,0.0,0.0,0.0,0.0,0.0,0.0,0.0,0.0,0.0,0.0,0.0,0.0,0.0,0.0,0.0,1,Hola,2025-10-17T12:49:56.607280
0.0,0.0,0.0,-0.28650742769241333,-0.11557861417531967,-0.08487237244844437,-0.5538949370384216,-0.3847414255142212,-0.1241106241941452,-0.7437841892242432,-0.6113635301589966,-0.1582280993461609,-0.9284815788269043,-0.7044409513473511,-0.19378356635570526,-0.43906763195991516,-0.8545238971710205,-0.08375301212072372,-0.6141824126243591,-1.2120704650878906,-0.15980201959609985,-0.714442789554596,-1.4291036128997803,-0.22007186710834503,-0.7926621437072754,-1.6293545961380005,-0.26673948764801025,-0.2797664403915405,-0.9537708163261414,-0.10978174209594727,-0.3945334851741791,-1.3823210000991821,-0.17199084162712097,-0.46295803785324097,-1.653965711593628,-0.22824758291244507,-0.518916130065918,-1.88600754737854,-0.2721725106239319,-0.10753082484006882,-0.9508001804351807,-0.1486404836177826,-0.15053340792655945,-1.348528504371643,-0.22290746867656708,-0.1785733848810196,-1.5982048511505127,-0.2663598358631134,-0.21095645427703857,-1.8209131956100464,-0.2981044352054596,0.06736582517623901,-0.8736758828163147,-0.1953735053539276,0.08142361044883728,-1.1830307245254517,-0.26126155257225037,0.08551359921693802,-1.3836199045181274,-0.2787562906742096,0.08064907044172287,-1.5745338201522827,-0.2909988760948181,0.0,0.0,0.0,0.0,0.0,0.0,0.0,0.0,0.0,0.0,0.0,0.0,0.0,0.0,0.0,0.0,0.0,0.0,0.0,0.0,0.0,0.0,0.0,0.0,0.0,0.0,0.0,0.0,0.0,0.0,0.0,0.0,0.0,0.0,0.0,0.0,0.0,0.0,0.0,0.0,0.0,0.0,0.0,0.0,0.0,0.0,0.0,0.0,0.0,0.0,0.0,0.0,0.0,0.0,0.0,0.0,0.0,0.0,0.0,0.0,0.0,0.0,0.0,1,Hola,2025-10-17T12:49:56.700278
0.0,0.0,0.0,-0.29059645533561707,-0.11325927823781967,-0.09409283101558685,-0.553969144821167,-0.3921522796154022,-0.13761284947395325,-0.7373148202896118,-0.6426441073417664,-0.17341715097427368,-0.9150992631912231,-0.748519241809845,-0.21028321981430054,-0.43962401151657104,-0.8573074340820312,-0.0937148928642273,-0.6135628819465637,-1.2247092723846436,-0.17089372873306274,-0.7033501863479614,-1.45700204372406,-0.23230649530887604,-0.7688589096069336,-1.6674559116363525,-0.2794376611709595,-0.2813500463962555,-0.9528343677520752,-0.11379314213991165,-0.39570942521095276,-1.388286828994751,-0.17875342071056366,-0.45074984431266785,-1.6622581481933594,-0.23687869310379028,-0.4895857274532318,-1.8982261419296265,-0.2815484404563904,-0.10912738740444183,-0.9409927129745483,-0.1471090167760849,-0.1455020010471344,-1.353575348854065,-0.22630076110363007,-0.16426131129264832,-1.6136398315429688,-0.2765890061855316,-0.18626026809215546,-1.8448717594146729,-0.31295984983444214,0.07472474873065948,-0.8527575731277466,-0.188231959939003,0.09582267701625824,-1.1639888286590576,-0.26115405559539795,0.10362090170383453,-1.3643596172332764,-0.28637567162513733,0.10096996277570724,-1.5537046194076538,-0.3034505546092987,0.0,0.0,0.0,0.0,0.0,0.0,0.0,0.0,0.0,0.0,0.0,0.0,0.0,0.0,0.0,0.0,0.0,0.0,0.0,0.0,0.0,0.0,0.0,0.0,0.0,0.0,0.0,0.0,0.0,0.0,0.0,0.0,0.0,0.0,0.0,0.0,0.0,0.0,0.0,0.0,0.0,0.0,0.0,0.0,0.0,0.0,0.0,0.0,0.0,0.0,0.0,0.0,0.0,0.0,0.0,0.0,0.0,0.0,0.0,0.0,0.0,0.0,0.0,1,Hola,2025-10-17T12:49:56.788719
0.0,0.0,0.0,-0.27798038721084595,-0.12030752003192902,-0.09852447360754013,-0.5344170331954956,-0.40577733516693115,-0.1409303992986679,-0.7215417623519897,-0.6495880484580994,-0.17581112682819366,-0.9066519737243652,-0.7531449794769287,-0.2113216370344162,-0.4230658710002899,-0.8651350736618042,-0.08453865349292755,-0.5860514044761658,-1.2223087549209595,-0.1616213172674179,-0.6776664853096008,-1.4414113759994507,-0.22433289885520935,-0.746356189250946,-1.6476497650146484,-0.27384933829307556,-0.2641633450984955,-0.9588085412979126,-0.10442174226045609,-0.3691948354244232,-1.3801904916763306,-0.1700095236301422,-0.4302895963191986,-1.6568018198013306,-0.23097914457321167,-0.47839823365211487,-1.8972980976104736,-0.27843523025512695,-0.09501998126506805,-0.9455358982086182,-0.13906827569007874,-0.12769019603729248,-1.3440686464309692,-0.21968266367912292,-0.1472870409488678,-1.5993977785110474,-0.2702483534812927,-0.17136073112487793,-1.8270562887191772,-0.3060642182826996,0.07654629647731781,-0.8616533875465393,-0.1823740452528,0.09776926040649414,-1.1653715372085571,-0.2553129196166992,0.10916300117969513,-1.3663079738616943,-0.27979978919029236,0.11094580590724945,-1.5590208768844604,-0.2967502772808075,0.0,0.0,0.0,0.0,0.0,0.0,0.0,0.0,0.0,0.0,0.0,0.0,0.0,0.0,0.0,0.0,0.0,0.0,0.0,0.0,0.0,0.0,0.0,0.0,0.0,0.0,0.0,0.0,0.0,0.0,0.0,0.0,0.0,0.0,0.0,0.0,0.0,0.0,0.0,0.0,0.0,0.0,0.0,0.0,0.0,0.0,0.0,0.0,0.0,0.0,0.0,0.0,0.0,0.0,0.0,0.0,0.0,0.0,0.0,0.0,0.0,0.0,0.0,1,Hola,2025-10-17T12:49:56.877307
0.0,0.0,0.0,-0.29558634757995605,-0.11505631357431412,-0.09439044445753098,-0.5616305470466614,-0.388400137424469,-0.14326372742652893,-0.7497748732566833,-0.6257247924804688,-0.1848398894071579,-0.9315745234489441,-0.7347507476806641,-0.22716549038887024,-0.45156896114349365,-0.8510293960571289,-0.09506358206272125,-0.6249211430549622,-1.2162506580352783,-0.1764877587556839,-0.7164298892021179,-1.4483520984649658,-0.24187500774860382,-0.7832682132720947,-1.6607043743133545,-0.2921271324157715,-0.2917972505092621,-0.9493585824966431,-0.11650209873914719,-0.4035678505897522,-1.3833717107772827,-0.18851688504219055,-0.4639224708080292,-1.6683346033096313,-0.2518860399723053,-0.5110810995101929,-1.9120948314666748,-0.29958754777908325,-0.12078779190778732,-0.9411984086036682,-0.15124866366386414,-0.16011078655719757,-1.3506767749786377,-0.23686549067497253,-0.1811545491218567,-1.623727798461914,-0.29347124695777893,-0.2047872692346573,-1.8664705753326416,-0.3327096104621887,0.06059158220887184,-0.855991542339325,-0.1933356374502182,0.0861479640007019,-1.16893470287323,-0.2727755010128021,0.09547146409749985,-1.3837186098098755,-0.3039948046207428,0.0929393321275711,-1.586416244506836,-0.32423871755599976,0.0,0.0,0.0,0.0,0.0,0.0,0.0,0.0,0.0,0.0,0.0,0.0,0.0,0.0,0.0,0.0,0.0,0.0,0.0,0.0,0.0,0.0,0.0,0.0,0.0,0.0,0.0,0.0,0.0,0.0,0.0,0.0,0.0,0.0,0.0,0.0,0.0,0.0,0.0,0.0,0.0,0.0,0.0,0.0,0.0,0.0,0.0,0.0,0.0,0.0,0.0,0.0,0.0,0.0,0.0,0.0,0.0,0.0,0.0,0.0,0.0,0.0,0.0,1,Hola,2025-10-17T12:49:56.965297
0.0,0.0,0.0,-0.2959024906158447,-0.11675957590341568,-0.09372333437204361,-0.5639612674713135,-0.3886602222919464,-0.14301063120365143,-0.7571561336517334,-0.6280239224433899,-0.18420462310314178,-0.9434810280799866,-0.7284814119338989,-0.2264494150876999,-0.45807531476020813,-0.8488774299621582,-0.10347430408000946,-0.6395112872123718,-1.2160669565200806,-0.18522222340106964,-0.7332568764686584,-1.444740891456604,-0.25016552209854126,-0.8031600713729858,-1.656038761138916,-0.29920142889022827,-0.30135640501976013,-0.9453200697898865,-0.12471708655357361,-0.4219933748245239,-1.3790115118026733,-0.19395485520362854,-0.4822738468647003,-1.6580982208251953,-0.2537544369697571,-0.528570830821991,-1.8934919834136963,-0.29944825172424316,-0.12829162180423737,-0.9382715821266174,-0.1584484577178955,-0.17313611507415771,-1.34364914894104,-0.23852652311325073,-0.1950959414243698,-1.6103178262710571,-0.2885408401489258,-0.2200988233089447,-1.8437381982803345,-0.32404589653015137,0.057540714740753174,-0.8568781614303589,-0.19980795681476593,0.07266639173030853,-1.179188847541809,-0.2732747197151184,0.08259675651788712,-1.390117883682251,-0.2982565760612488,0.08347635716199875,-1.587352991104126,-0.31426581740379333,0.0,0.0,0.0,0.0,0.0,0.0,0.0,0.0,0.0,0.0,0.0,0.0,0.0,0.0,0.0,0.0,0.0,0.0,0.0,0.0,0.0,0.0,0.0,0.0,0.0,0.0,0.0,0.0,0.0,0.0,0.0,0.0,0.0,0.0,0.0,0.0,0.0,0.0,0.0,0.0,0.0,0.0,0.0,0.0,0.0,0.0,0.0,0.0,0.0,0.0,0.0,0.0,0.0,0.0,0.0,0.0,0.0,0.0,0.0,0.0,0.0,0.0,0.0,1,Hola,2025-10-17T12:49:57.053913
0.0,0.0,0.0,-0.2806159257888794,-0.11432269960641861,-0.09725253283977509,-0.5473777651786804,-0.40003371238708496,-0.1382865607738495,-0.7399635910987854,-0.6402608156204224,-0.17136479914188385,-0.9255106449127197,-0.7346229553222656,-0.20474140346050262,-0.4405282437801361,-0.855774462223053,-0.09128628671169281,-0.6108958125114441,-1.2236636877059937,-0.16746406257152557,-0.7084333896636963,-1.450585961341858,-0.22726485133171082,-0.781898558139801,-1.6586518287658691,-0.2738199234008789,-0.28269433975219727,-0.9527779221534729,-0.11089733988046646,-0.3917972147464752,-1.3872767686843872,-0.1738087236881256,-0.4537489414215088,-1.6674916744232178,-0.23057498037815094,-0.5018837451934814,-1.9059467315673828,-0.27449193596839905,-0.11192533373832703,-0.9465057849884033,-0.1442890167236328,-0.15506717562675476,-1.3576486110687256,-0.22125855088233948,-0.1780215948820114,-1.6154686212539673,-0.267601877450943,-0.20342643558979034,-1.8432941436767578,-0.30061519145965576,0.06317118555307388,-0.8682599067687988,-0.18632666766643524,0.07924781739711761,-1.1815040111541748,-0.2564997971057892,0.09048211574554443,-1.3895279169082642,-0.2780969440937042,0.09497609734535217,-1.5871658325195312,-0.29258033633232117,0.0,0.0,0.0,0.0,0.0,0.0,0.0,0.0,0.0,0.0,0.0,0.0,0.0,0.0,0.0,0.0,0.0,0.0,0.0,0.0,0.0,0.0,0.0,0.0,0.0,0.0,0.0,0.0,0.0,0.0,0.0,0.0,0.0,0.0,0.0,0.0,0.0,0.0,0.0,0.0,0.0,0.0,0.0,0.0,0.0,0.0,0.0,0.0,0.0,0.0,0.0,0.0,0.0,0.0,0.0,0.0,0.0,0.0,0.0,0.0,0.0,0.0,0.0,1,Hola,2025-10-17T12:49:57.138659
0.0,0.0,0.0,-0.2983737885951996,-0.1066751778125763,-0.09869120270013809,-0.5674458742141724,-0.37905222177505493,-0.15153326094150543,-0.7584360241889954,-0.6264020800590515,-0.19605869054794312,-0.9494993686676025,-0.7264522314071655,-0.2421203851699829,-0.4637089669704437,-0.8409674763679504,-0.11163467913866043,-0.6464954614639282,-1.2148735523223877,-0.197210893034935,-0.7434453964233398,-1.4487390518188477,-0.2644202411174774,-0.8160578608512878,-1.6652318239212036,-0.3152584135532379,-0.3069348633289337,-0.9424736499786377,-0.13241730630397797,-0.4282947778701782,-1.3824689388275146,-0.20540563762187958,-0.490853488445282,-1.6645351648330688,-0.26823335886001587,-0.5393497943878174,-1.9058414697647095,-0.31633973121643066,-0.13424257934093475,-0.9399957656860352,-0.16565585136413574,-0.17880558967590332,-1.3546327352523804,-0.24848872423171997,-0.20354673266410828,-1.6215534210205078,-0.3000783324241638,-0.2314779907464981,-1.8566601276397705,-0.3369390070438385,0.04973400756716728,-0.8624203205108643,-0.20693713426589966,0.0601615384221077,-1.1856284141540527,-0.28236857056617737,0.06836667656898499,-1.3943865299224854,-0.30773311853408813,0.06851445138454437,-1.58976411819458,-0.3241981565952301,0.0,0.0,0.0,0.0,0.0,0.0,0.0,0.0,0.0,0.0,0.0,0.0,0.0,0.0,0.0,0.0,0.0,0.0,0.0,0.0,0.0,0.0,0.0,0.0,0.0,0.0,0.0,0.0,0.0,0.0,0.0,0.0,0.0,0.0,0.0,0.0,0.0,0.0,0.0,0.0,0.0,0.0,0.0,0.0,0.0,0.0,0.0,0.0,0.0,0.0,0.0,0.0,0.0,0.0,0.0,0.0,0.0,0.0,0.0,0.0,0.0,0.0,0.0,1,Hola,2025-10-17T12:49:57.231601
0.0,0.0,0.0,-0.2827790379524231,-0.10698430240154266,-0.10185878723859787,-0.5518554449081421,-0.38929224014282227,-0.14516445994377136,-0.7488688230514526,-0.6295095086097717,-0.17989251017570496,-0.937888503074646,-0.726165235042572,-0.21511882543563843,-0.4528367519378662,-0.8486329913139343,-0.09394056349992752,-0.624754786491394,-1.2174307107925415,-0.17150942981243134,-0.7229443192481995,-1.4439022541046143,-0.23253031075000763,-0.7981979846954346,-1.65328049659729,-0.2804119288921356,-0.29256290197372437,-0.9496116042137146,-0.11244902014732361,-0.4076951742172241,-1.380906343460083,-0.17915716767311096,-0.47492313385009766,-1.6595977544784546,-0.24006274342536926,-0.5280510187149048,-1.9016242027282715,-0.28711119294166565,-0.11947397142648697,-0.9448753595352173,-0.14498819410800934,-0.16376379132270813,-1.358824610710144,-0.22727598249912262,-0.1893540918827057,-1.6209839582443237,-0.2780636250972748,-0.21774077415466309,-1.8559576272964478,-0.31390464305877686,0.05623593181371689,-0.868833065032959,-0.18600860238075256,0.06821946799755096,-1.1821856498718262,-0.2615942358970642,0.07855140417814255,-1.3908611536026,-0.2861618995666504,0.08246009051799774,-1.5921598672866821,-0.3024854063987732,0.0,0.0,0.0,0.0,0.0,0.0,0.0,0.0,0.0,0.0,0.0,0.0,0.0,0.0,0.0,0.0,0.0,0.0,0.0,0.0,0.0,0.0,0.0,0.0,0.0,0.0,0.0,0.0,0.0,0.0,0.0,0.0,0.0,0.0,0.0,0.0,0.0,0.0,0.0,0.0,0.0,0.0,0.0,0.0,0.0,0.0,0.0,0.0,0.0,0.0,0.0,0.0,0.0,0.0,0.0,0.0,0.0,0.0,0.0,0.0,0.0,0.0,0.0,1,Hola,2025-10-17T12:49:57.321001
0.0,0.0,0.0,-0.2996402978897095,-0.10548393428325653,-0.09718752652406693,-0.5738065838813782,-0.3779851794242859,-0.14607954025268555,-0.7686799764633179,-0.6192259192466736,-0.1867019087076187,-0.9573776125907898,-0.7169912457466125,-0.22803233563899994,-0.4757932126522064,-0.8345885872840881,-0.10186886787414551,-0.6563007235527039,-1.2029776573181152,-0.18248195946216583,-0.7523936629295349,-1.4319071769714355,-0.24633459746837616,-0.8262201547622681,-1.6435778141021729,-0.29562345147132874,-0.320117324590683,-0.9395239353179932,-0.12173604965209961,-0.44223716855049133,-1.3733354806900024,-0.19261859357357025,-0.5096035599708557,-1.6550824642181396,-0.25469300150871277,-0.5637580752372742,-1.8968852758407593,-0.3022724986076355,-0.1492970883846283,-0.9384222626686096,-0.15450026094913483,-0.1939522624015808,-1.3497644662857056,-0.2375178188085556,-0.21944212913513184,-1.617147445678711,-0.290608674287796,-0.24855786561965942,-1.8531180620193481,-0.3280617594718933,0.0326884388923645,-0.8628072738647461,-0.19501568377017975,0.04520093649625778,-1.1803808212280273,-0.27090635895729065,0.04816734045743942,-1.3914011716842651,-0.29849347472190857,0.04117032513022423,-1.590555191040039,-0.31674572825431824,0.0,0.0,0.0,0.0,0.0,0.0,0.0,0.0,0.0,0.0,0.0,0.0,0.0,0.0,0.0,0.0,0.0,0.0,0.0,0.0,0.0,0.0,0.0,0.0,0.0,0.0,0.0,0.0,0.0,0.0,0.0,0.0,0.0,0.0,0.0,0.0,0.0,0.0,0.0,0.0,0.0,0.0,0.0,0.0,0.0,0.0,0.0,0.0,0.0,0.0,0.0,0.0,0.0,0.0,0.0,0.0,0.0,0.0,0.0,0.0,0.0,0.0,0.0,1,Hola,2025-10-17T12:49:57.411102
0.0,0.0,0.0,-0.28202345967292786,-0.10760686546564102,-0.0991857647895813,-0.5525866746902466,-0.39386042952537537,-0.1395188719034195,-0.749051034450531,-0.6299574375152588,-0.17140793800354004,-0.9359767436981201,-0.7263716459274292,-0.2035510540008545,-0.4535271227359772,-0.8490859270095825,-0.09116703271865845,-0.630140483379364,-1.2147724628448486,-0.166432186961174,-0.7288153767585754,-1.437633991241455,-0.22486062347888947,-0.8041631579399109,-1.6439945697784424,-0.27097010612487793,-0.295028418302536,-0.9490994215011597,-0.11031042784452438,-0.41344988346099854,-1.377231240272522,-0.17452259361743927,-0.4812699258327484,-1.6530048847198486,-0.2328995168209076,-0.535347580909729,-1.8915703296661377,-0.2782544493675232,-0.1229914203286171,-0.9436477422714233,-0.1435590386390686,-0.17233392596244812,-1.3530161380767822,-0.22403371334075928,-0.20005878806114197,-1.613923192024231,-0.2737487554550171,-0.23123133182525635,-1.8481152057647705,-0.3090593218803406,0.05305379256606102,-0.8678432703018188,-0.18510699272155762,0.059660982340574265,-1.1830374002456665,-0.2593000829219818,0.06510035693645477,-1.3909238576889038,-0.2837320566177368,0.06278211623430252,-1.5913678407669067,-0.3004305362701416,0.0,0.0,0.0,0.0,0.0,0.0,0.0,0.0,0.0,0.0,0.0,0.0,0.0,0.0,0.0,0.0,0.0,0.0,0.0,0.0,0.0,0.0,0.0,0.0,0.0,0.0,0.0,0.0,0.0,0.0,0.0,0.0,0.0,0.0,0.0,0.0,0.0,0.0,0.0,0.0,0.0,0.0,0.0,0.0,0.0,0.0,0.0,0.0,0.0,0.0,0.0,0.0,0.0,0.0,0.0,0.0,0.0,0.0,0.0,0.0,0.0,0.0,0.0,1,Hola,2025-10-17T12:49:57.496285
0.0,0.0,0.0,-0.29066693782806396,-0.10548203438520432,-0.09977993369102478,-0.5607413649559021,-0.38267022371292114,-0.14796046912670135,-0.7557717561721802,-0.6181623339653015,-0.18764464557170868,-0.9408041834831238,-0.7143930792808533,-0.22742605209350586,-0.46900418400764465,-0.8397893905639648,-0.09528882056474686,-0.6486237049102783,-1.2029434442520142,-0.17530356347560883,-0.7469000220298767,-1.4291704893112183,-0.24006162583827972,-0.8202225565910339,-1.635137915611267,-0.28963103890419006,-0.31250056624412537,-0.943181574344635,-0.1129242479801178,-0.4351491928100586,-1.3721975088119507,-0.18257082998752594,-0.507165789604187,-1.6509902477264404,-0.2462185174226761,-0.5635250210762024,-1.8929311037063599,-0.2940387725830078,-0.14139235019683838,-0.9423928260803223,-0.14402325451374054,-0.19543619453907013,-1.349234938621521,-0.22455959022045135,-0.22673407196998596,-1.6174317598342896,-0.27977216243743896,-0.2566590905189514,-1.8544106483459473,-0.31898748874664307,0.038549333810806274,-0.867645800113678,-0.18331658840179443,0.04524531960487366,-1.175191044807434,-0.25751158595085144,0.042157258838415146,-1.3857812881469727,-0.286511093378067,0.03158009424805641,-1.5870966911315918,-0.3057420253753662,0.0,0.0,0.0,0.0,0.0,0.0,0.0,0.0,0.0,0.0,0.0,0.0,0.0,0.0,0.0,0.0,0.0,0.0,0.0,0.0,0.0,0.0,0.0,0.0,0.0,0.0,0.0,0.0,0.0,0.0,0.0,0.0,0.0,0.0,0.0,0.0,0.0,0.0,0.0,0.0,0.0,0.0,0.0,0.0,0.0,0.0,0.0,0.0,0.0,0.0,0.0,0.0,0.0,0.0,0.0,0.0,0.0,0.0,0.0,0.0,0.0,0.0,0.0,1,Hola,2025-10-17T12:49:57.582644
0.0,0.0,0.0,-0.2781618535518646,-0.10497573018074036,-0.09785033017396927,-0.554446816444397,-0.38837921619415283,-0.13858430087566376,-0.7530189752578735,-0.6229473352432251,-0.17133405804634094,-0.9397798180580139,-0.716383695602417,-0.20507867634296417,-0.45648670196533203,-0.8451665639877319,-0.09462293237447739,-0.6405657529830933,-1.2027794122695923,-0.173288494348526,-0.742283046245575,-1.4206405878067017,-0.23433402180671692,-0.8214073777198792,-1.6235085725784302,-0.28223931789398193,-0.29876625537872314,-0.947395384311676,-0.11480759084224701,-0.4274180233478546,-1.3693989515304565,-0.181639164686203,-0.5014956593513489,-1.6384804248809814,-0.2401687353849411,-0.5623487234115601,-1.8742737770080566,-0.28561726212501526,-0.12644357979297638,-0.943508505821228,-0.14874789118766785,-0.1829993575811386,-1.352781891822815,-0.22893686592578888,-0.21299971640110016,-1.6168758869171143,-0.27609309554100037,-0.2472311556339264,-1.8557151556015015,-0.31027498841285706,0.050916243344545364,-0.8687849640846252,-0.19118022918701172,0.04815308004617691,-1.181037187576294,-0.26323366165161133,0.04568766802549362,-1.3895182609558105,-0.28535568714141846,0.03426443040370941,-1.5925463438034058,-0.30118075013160706,0.0,0.0,0.0,0.0,0.0,0.0,0.0,0.0,0.0,0.0,0.0,0.0,0.0,0.0,0.0,0.0,0.0,0.0,0.0,0.0,0.0,0.0,0.0,0.0,0.0,0.0,0.0,0.0,0.0,0.0,0.0,0.0,0.0,0.0,0.0,0.0,0.0,0.0,0.0,0.0,0.0,0.0,0.0,0.0,0.0,0.0,0.0,0.0,0.0,0.0,0.0,0.0,0.0,0.0,0.0,0.0,0.0,0.0,0.0,0.0,0.0,0.0,0.0,1,Hola,2025-10-17T12:49:57.674103
0.0,0.0,0.0,-0.29021862149238586,-0.09714853018522263,-0.09360086917877197,-0.5633400082588196,-0.3744950592517853,-0.13604940474033356,-0.7543351650238037,-0.6098756194114685,-0.1719043105840683,-0.9373964071273804,-0.7050490379333496,-0.20902736485004425,-0.46729591488838196,-0.8414729833602905,-0.08717530965805054,-0.6506061553955078,-1.1959726810455322,-0.16714976727962494,-0.7507360577583313,-1.418923020362854,-0.2324969321489334,-0.8250969648361206,-1.6231993436813354,-0.2824549376964569,-0.31071028113365173,-0.9443404674530029,-0.10807504504919052,-0.4376206398010254,-1.3695214986801147,-0.17501139640808105,-0.5092524290084839,-1.6445881128311157,-0.23498475551605225,-0.5648054480552673,-1.8848625421524048,-0.28041183948516846,-0.13871127367019653,-0.9467004537582397,-0.14312222599983215,-0.20080845057964325,-1.353177785873413,-0.2181985229253769,-0.2357020378112793,-1.619755744934082,-0.2687651813030243,-0.26976004242897034,-1.8571393489837646,-0.30574384331703186,0.042983848601579666,-0.8794399499893188,-0.18701575696468353,0.039583366364240646,-1.1947330236434937,-0.2532412111759186,0.03172557055950165,-1.4057680368423462,-0.27791064977645874,0.015786776319146156,-1.607263445854187,-0.29582104086875916,0.0,0.0,0.0,0.0,0.0,0.0,0.0,0.0,0.0,0.0,0.0,0.0,0.0,0.0,0.0,0.0,0.0,0.0,0.0,0.0,0.0,0.0,0.0,0.0,0.0,0.0,0.0,0.0,0.0,0.0,0.0,0.0,0.0,0.0,0.0,0.0,0.0,0.0,0.0,0.0,0.0,0.0,0.0,0.0,0.0,0.0,0.0,0.0,0.0,0.0,0.0,0.0,0.0,0.0,0.0,0.0,0.0,0.0,0.0,0.0,0.0,0.0,0.0,1,Hola,2025-10-17T12:49:57.762601
0.0,0.0,0.0,-0.2899256944656372,-0.09300418943166733,-0.07958713918924332,-0.5670530200004578,-0.37093737721443176,-0.11176181584596634,-0.7606379389762878,-0.5955292582511902,-0.14125895500183105,-0.9410258531570435,-0.6911068558692932,-0.17340229451656342,-0.4745637774467468,-0.8344352841377258,-0.06336312741041183,-0.6613401770591736,-1.1812365055084229,-0.14311115443706512,-0.7660236954689026,-1.4024158716201782,-0.20905251801013947,-0.8441476225852966,-1.6043179035186768,-0.25974225997924805,-0.320313960313797,-0.9428919553756714,-0.09139883518218994,-0.45479729771614075,-1.3611807823181152,-0.15926966071128845,-0.5295673608779907,-1.6333000659942627,-0.22096164524555206,-0.5854088664054871,-1.8717856407165527,-0.2679780125617981,-0.1505064070224762,-0.949382483959198,-0.13378044962882996,-0.21786221861839294,-1.3577470779418945,-0.21039298176765442,-0.24910353124141693,-1.6219184398651123,-0.25998830795288086,-0.279569536447525,-1.8560572862625122,-0.2964675724506378,0.027088670060038567,-0.8835654854774475,-0.18412551283836365,0.02312176488339901,-1.1979279518127441,-0.25053632259368896,0.016528215259313583,-1.408606767654419,-0.27420541644096375,0.002697794931009412,-1.6098333597183228,-0.29230570793151855,0.0,0.0,0.0,0.0,0.0,0.0,0.0,0.0,0.0,0.0,0.0,0.0,0.0,0.0,0.0,0.0,0.0,0.0,0.0,0.0,0.0,0.0,0.0,0.0,0.0,0.0,0.0,0.0,0.0,0.0,0.0,0.0,0.0,0.0,0.0,0.0,0.0,0.0,0.0,0.0,0.0,0.0,0.0,0.0,0.0,0.0,0.0,0.0,0.0,0.0,0.0,0.0,0.0,0.0,0.0,0.0,0.0,0.0,0.0,0.0,0.0,0.0,0.0,1,Hola,2025-10-17T12:49:57.850258
0.0,0.0,0.0,-0.28997939825057983,-0.09956040233373642,-0.0814308226108551,-0.5609250068664551,-0.3721346855163574,-0.11578599363565445,-0.7506411075592041,-0.5926645994186401,-0.14714780449867249,-0.9273117184638977,-0.6875780820846558,-0.1817293018102646,-0.4596866965293884,-0.8386557102203369,-0.07315631955862045,-0.649014949798584,-1.1830005645751953,-0.15371057391166687,-0.7559213042259216,-1.4004473686218262,-0.21862387657165527,-0.8371303081512451,-1.602600336074829,-0.2691291868686676,-0.30503612756729126,-0.9467028975486755,-0.10347200185060501,-0.4394798278808594,-1.367329716682434,-0.17347148060798645,-0.5190324187278748,-1.639192819595337,-0.2360878735780716,-0.582848846912384,-1.8728927373886108,-0.28388604521751404,-0.13772901892662048,-0.9493563771247864,-0.14773672819137573,-0.2009352147579193,-1.3619128465652466,-0.22808197140693665,-0.23877853155136108,-1.627465844154358,-0.27795344591140747,-0.2788573205471039,-1.8632383346557617,-0.31441161036491394,0.033814333379268646,-0.8785000443458557,-0.19968150556087494,0.029640894383192062,-1.1973289251327515,-0.2683975100517273,0.023420661687850952,-1.4099465608596802,-0.2903001308441162,0.008272282779216766,-1.611141562461853,-0.3073626756668091,0.0,0.0,0.0,0.0,0.0,0.0,0.0,0.0,0.0,0.0,0.0,0.0,0.0,0.0,0.0,0.0,0.0,0.0,0.0,0.0,0.0,0.0,0.0,0.0,0.0,0.0,0.0,0.0,0.0,0.0,0.0,0.0,0.0,0.0,0.0,0.0,0.0,0.0,0.0,0.0,0.0,0.0,0.0,0.0,0.0,0.0,0.0,0.0,0.0,0.0,0.0,0.0,0.0,0.0,0.0,0.0,0.0,0.0,0.0,0.0,0.0,0.0,0.0,1,Hola,2025-10-17T12:49:57.950677
0.0,0.0,0.0,-0.29628732800483704,-0.09421038627624512,-0.08204594999551773,-0.568854808807373,-0.35812273621559143,-0.11980888992547989,-0.754993200302124,-0.584398090839386,-0.1536114364862442,-0.9297860264778137,-0.6982657313346863,-0.18924404680728912,-0.47889962792396545,-0.8317003846168518,-0.07614640891551971,-0.6670397520065308,-1.1786490678787231,-0.1630050539970398,-0.7723276019096375,-1.401443362236023,-0.23313072323799133,-0.849718451499939,-1.6081722974777222,-0.28510287404060364,-0.3258015811443329,-0.9397292137145996,-0.10374116897583008,-0.4586702883243561,-1.3638978004455566,-0.17753420770168304,-0.5333803296089172,-1.6409708261489868,-0.24028944969177246,-0.5870859622955322,-1.8825308084487915,-0.2866465747356415,-0.15790365636348724,-0.9442141652107239,-0.14536243677139282,-0.22373530268669128,-1.3554117679595947,-0.22592896223068237,-0.25350403785705566,-1.6220734119415283,-0.27571922540664673,-0.28142407536506653,-1.8539050817489624,-0.31078988313674927,0.018598517403006554,-0.875585675239563,-0.19488808512687683,0.013943308033049107,-1.199720859527588,-0.2640887498855591,0.008022855035960674,-1.4108078479766846,-0.28710293769836426,-0.004281084053218365,-1.6080242395401,-0.3031740188598633,0.0,0.0,0.0,0.0,0.0,0.0,0.0,0.0,0.0,0.0,0.0,0.0,0.0,0.0,0.0,0.0,0.0,0.0,0.0,0.0,0.0,0.0,0.0,0.0,0.0,0.0,0.0,0.0,0.0,0.0,0.0,0.0,0.0,0.0,0.0,0.0,0.0,0.0,0.0,0.0,0.0,0.0,0.0,0.0,0.0,0.0,0.0,0.0,0.0,0.0,0.0,0.0,0.0,0.0,0.0,0.0,0.0,0.0,0.0,0.0,0.0,0.0,0.0,1,Hola,2025-10-17T12:49:58.036986
0.0,0.0,0.0,-0.29379549622535706,-0.09405527263879776,-0.07887513935565948,-0.5659381747245789,-0.35862499475479126,-0.11135944724082947,-0.7538025379180908,-0.5751680135726929,-0.14131639897823334,-0.9282510280609131,-0.6725606322288513,-0.17518651485443115,-0.46608221530914307,-0.8359954357147217,-0.0716114193201065,-0.6572085022926331,-1.1744171380996704,-0.15358756482601166,-0.7665258646011353,-1.390383005142212,-0.21973036229610443,-0.8491847515106201,-1.5910441875457764,-0.27104705572128296,-0.31376734375953674,-0.9437696933746338,-0.10415758937597275,-0.4499029815196991,-1.3620764017105103,-0.17548011243343353,-0.5304364562034607,-1.6336885690689087,-0.23906999826431274,-0.5936501622200012,-1.86766517162323,-0.28735896944999695,-0.14722542464733124,-0.9449025988578796,-0.15080001950263977,-0.21378205716609955,-1.3571923971176147,-0.23361244797706604,-0.25263455510139465,-1.6226677894592285,-0.2855375111103058,-0.29243430495262146,-1.8603452444076538,-0.3232880234718323,0.024876680225133896,-0.8699216842651367,-0.20486168563365936,0.01891079731285572,-1.1869189739227295,-0.2776241898536682,0.012753588147461414,-1.3993192911148071,-0.3020680844783783,-0.002008309355005622,-1.6028237342834473,-0.3205608129501343,0.0,0.0,0.0,0.0,0.0,0.0,0.0,0.0,0.0,0.0,0.0,0.0,0.0,0.0,0.0,0.0,0.0,0.0,0.0,0.0,0.0,0.0,0.0,0.0,0.0,0.0,0.0,0.0,0.0,0.0,0.0,0.0,0.0,0.0,0.0,0.0,0.0,0.0,0.0,0.0,0.0,0.0,0.0,0.0,0.0,0.0,0.0,0.0,0.0,0.0,0.0,0.0,0.0,0.0,0.0,0.0,0.0,0.0,0.0,0.0,0.0,0.0,0.0,1,Hola,2025-10-17T12:49:58.125970
0.0,0.0,0.0,-0.29068484902381897,-0.08481533825397491,-0.0769578292965889,-0.568532407283783,-0.3555515706539154,-0.10961834341287613,-0.7564795613288879,-0.5862793326377869,-0.13903425633907318,-0.9331207871437073,-0.6798021197319031,-0.17180313169956207,-0.4720294773578644,-0.8379612565040588,-0.07985589653253555,-0.6679048538208008,-1.1853331327438354,-0.1592686027288437,-0.7734361290931702,-1.404011845588684,-0.22561712563037872,-0.8533644676208496,-1.6018320322036743,-0.27805840969085693,-0.3165885806083679,-0.9418115019798279,-0.11297264695167542,-0.45889246463775635,-1.3676165342330933,-0.18563134968280792,-0.5341749787330627,-1.6462854146957397,-0.25267377495765686,-0.5928192734718323,-1.8789772987365723,-0.30396920442581177,-0.1487664133310318,-0.9415280818939209,-0.15840288996696472,-0.2128799557685852,-1.3440550565719604,-0.24346184730529785,-0.2444092482328415,-1.6173814535140991,-0.30129051208496094,-0.2802935838699341,-1.8554139137268066,-0.3428875505924225,0.02697552926838398,-0.8637259006500244,-0.21063359081745148,0.020578544586896896,-1.1790627241134644,-0.28838419914245605,0.014009589329361916,-1.3942779302597046,-0.319126695394516,-0.0007553611067123711,-1.5944241285324097,-0.341637521982193,0.0,0.0,0.0,0.0,0.0,0.0,0.0,0.0,0.0,0.0,0.0,0.0,0.0,0.0,0.0,0.0,0.0,0.0,0.0,0.0,0.0,0.0,0.0,0.0,0.0,0.0,0.0,0.0,0.0,0.0,0.0,0.0,0.0,0.0,0.0,0.0,0.0,0.0,0.0,0.0,0.0,0.0,0.0,0.0,0.0,0.0,0.0,0.0,0.0,0.0,0.0,0.0,0.0,0.0,0.0,0.0,0.0,0.0,0.0,0.0,0.0,0.0,0.0,1,Hola,2025-10-17T12:49:58.210075
0.0,0.0,0.0,-0.30203840136528015,-0.08188682794570923,-0.08100596815347672,-0.5802021622657776,-0.35056716203689575,-0.11644952744245529,-0.7700186967849731,-0.5800554156303406,-0.14718778431415558,-0.9481879472732544,-0.6800947785377502,-0.18208251893520355,-0.47605523467063904,-0.8304809927940369,-0.09261317551136017,-0.6731802821159363,-1.1781795024871826,-0.17576733231544495,-0.786725640296936,-1.4007420539855957,-0.23913931846618652,-0.871396541595459,-1.6013293266296387,-0.2879628539085388,-0.3225358724594116,-0.9383865594863892,-0.12410195916891098,-0.4634964168071747,-1.368550419807434,-0.19835536181926727,-0.5445865392684937,-1.647664189338684,-0.2596738636493683,-0.605644702911377,-1.8813507556915283,-0.3059723377227783,-0.15580596029758453,-0.9408454895019531,-0.16834965348243713,-0.22222459316253662,-1.3616218566894531,-0.2544998228549957,-0.25954338908195496,-1.635899305343628,-0.3101162016391754,-0.2965582311153412,-1.8759877681732178,-0.3502942621707916,0.017076101154088974,-0.8684868812561035,-0.21926775574684143,0.01058407872915268,-1.191726565361023,-0.298506498336792,0.0110011612996459,-1.4048339128494263,-0.32885825634002686,0.004232159350067377,-1.6034549474716187,-0.35083356499671936,0.0,0.0,0.0,0.0,0.0,0.0,0.0,0.0,0.0,0.0,0.0,0.0,0.0,0.0,0.0,0.0,0.0,0.0,0.0,0.0,0.0,0.0,0.0,0.0,0.0,0.0,0.0,0.0,0.0,0.0,0.0,0.0,0.0,0.0,0.0,0.0,0.0,0.0,0.0,0.0,0.0,0.0,0.0,0.0,0.0,0.0,0.0,0.0,0.0,0.0,0.0,0.0,0.0,0.0,0.0,0.0,0.0,0.0,0.0,0.0,0.0,0.0,0.0,1,Hola,2025-10-17T12:49:58.294871
0.0,0.0,0.0,-0.30137476325035095,-0.09105156362056732,-0.08155637234449387,-0.5802339911460876,-0.3697521686553955,-0.1125568300485611,-0.7653511762619019,-0.6106964349746704,-0.13902077078819275,-0.9416375160217285,-0.711051344871521,-0.16717880964279175,-0.470405250787735,-0.8468012809753418,-0.07426518946886063,-0.6585481762886047,-1.200812578201294,-0.15054404735565186,-0.7640402317047119,-1.4142506122589111,-0.2130555957555771,-0.8445813059806824,-1.6095646619796753,-0.2620209753513336,-0.31430190801620483,-0.9437545537948608,-0.10267210006713867,-0.44782063364982605,-1.373260498046875,-0.1692240834236145,-0.5160533785820007,-1.6466723680496216,-0.22997184097766876,-0.5674972534179688,-1.8776291608810425,-0.27659422159194946,-0.14775806665420532,-0.9418690204620361,-0.14474277198314667,-0.20328524708747864,-1.3444753885269165,-0.22494326531887054,-0.23045457899570465,-1.6095558404922485,-0.2765040695667267,-0.26160556077957153,-1.8407155275344849,-0.3131614327430725,0.02850452996790409,-0.8654261231422424,-0.19471801817417145,0.028739167377352715,-1.179946780204773,-0.26734378933906555,0.024641677737236023,-1.393246054649353,-0.2944062054157257,0.013377941213548183,-1.5922564268112183,-0.3138807415962219,0.0,0.0,0.0,0.0,0.0,0.0,0.0,0.0,0.0,0.0,0.0,0.0,0.0,0.0,0.0,0.0,0.0,0.0,0.0,0.0,0.0,0.0,0.0,0.0,0.0,0.0,0.0,0.0,0.0,0.0,0.0,0.0,0.0,0.0,0.0,0.0,0.0,0.0,0.0,0.0,0.0,0.0,0.0,0.0,0.0,0.0,0.0,0.0,0.0,0.0,0.0,0.0,0.0,0.0,0.0,0.0,0.0,0.0,0.0,0.0,0.0,0.0,0.0,1,Hola,2025-10-17T12:49:58.383581
0.0,0.0,0.0,-0.29247599840164185,-0.10339639335870743,-0.08235494792461395,-0.5639232397079468,-0.38508060574531555,-0.1131252720952034,-0.7525627613067627,-0.6162620186805725,-0.13991892337799072,-0.9299678802490234,-0.7125967741012573,-0.16978129744529724,-0.4485488831996918,-0.8513387441635132,-0.07175944000482559,-0.6335150003433228,-1.1937923431396484,-0.14909350872039795,-0.7383190393447876,-1.407010793685913,-0.2114817053079605,-0.8185135126113892,-1.6068203449249268,-0.260667085647583,-0.29525378346443176,-0.9502083659172058,-0.09964575618505478,-0.42267316579818726,-1.3689405918121338,-0.16664418578147888,-0.49676209688186646,-1.639331340789795,-0.22668233513832092,-0.5562257170677185,-1.873816967010498,-0.27313268184661865,-0.13078735768795013,-0.9456446766853333,-0.14182224869728088,-0.1882304847240448,-1.3531301021575928,-0.22123676538467407,-0.21896126866340637,-1.6172908544540405,-0.2714989483356476,-0.25314000248908997,-1.8526681661605835,-0.3083689510822296,0.038285985589027405,-0.8708736300468445,-0.1917627900838852,0.03720846772193909,-1.1851036548614502,-0.2612929046154022,0.037524010986089706,-1.3936121463775635,-0.28533628582954407,0.029410304501652718,-1.5932377576828003,-0.30419808626174927,0.0,0.0,0.0,0.0,0.0,0.0,0.0,0.0,0.0,0.0,0.0,0.0,0.0,0.0,0.0,0.0,0.0,0.0,0.0,0.0,0.0,0.0,0.0,0.0,0.0,0.0,0.0,0.0,0.0,0.0,0.0,0.0,0.0,0.0,0.0,0.0,0.0,0.0,0.0,0.0,0.0,0.0,0.0,0.0,0.0,0.0,0.0,0.0,0.0,0.0,0.0,0.0,0.0,0.0,0.0,0.0,0.0,0.0,0.0,0.0,0.0,0.0,0.0,1,Hola,2025-10-17T12:49:58.468979
0.0,0.0,0.0,-0.29648149013519287,-0.1038331538438797,-0.08893820643424988,-0.5647571086883545,-0.3830146789550781,-0.12420427799224854,-0.7480281591415405,-0.6153666377067566,-0.15438584983348846,-0.9215421080589294,-0.7325289845466614,-0.18668414652347565,-0.4510613977909088,-0.8458118438720703,-0.07750347256660461,-0.6306619048118591,-1.1933306455612183,-0.15875573456287384,-0.7323794960975647,-1.4163790941238403,-0.22354505956172943,-0.807170569896698,-1.6232070922851562,-0.27403974533081055,-0.2932289242744446,-0.9504789710044861,-0.10298753529787064,-0.41299885511398315,-1.376670479774475,-0.1729753613471985,-0.48179587721824646,-1.6540607213974,-0.2350100725889206,-0.534436821937561,-1.894615650177002,-0.2828446328639984,-0.1272333860397339,-0.9472411870956421,-0.14358530938625336,-0.1743640899658203,-1.352810025215149,-0.22499629855155945,-0.20316627621650696,-1.6204369068145752,-0.278185099363327,-0.23592442274093628,-1.8569202423095703,-0.31733548641204834,0.04353402927517891,-0.8686069250106812,-0.19245754182338715,0.054659124463796616,-1.1822487115859985,-0.2633770704269409,0.05708073452115059,-1.39083993434906,-0.28976619243621826,0.047769561409950256,-1.5877212285995483,-0.3104826807975769,0.0,0.0,0.0,0.0,0.0,0.0,0.0,0.0,0.0,0.0,0.0,0.0,0.0,0.0,0.0,0.0,0.0,0.0,0.0,0.0,0.0,0.0,0.0,0.0,0.0,0.0,0.0,0.0,0.0,0.0,0.0,0.0,0.0,0.0,0.0,0.0,0.0,0.0,0.0,0.0,0.0,0.0,0.0,0.0,0.0,0.0,0.0,0.0,0.0,0.0,0.0,0.0,0.0,0.0,0.0,0.0,0.0,0.0,0.0,0.0,0.0,0.0,0.0,1,Hola,2025-10-17T12:49:58.558911
0.0,0.0,0.0,-0.295667439699173,-0.10298313945531845,-0.08778353035449982,-0.5660219192504883,-0.3919755518436432,-0.11976898461580276,-0.7487966418266296,-0.6361154317855835,-0.1475905179977417,-0.9243553876876831,-0.7432447075843811,-0.17808854579925537,-0.4512581527233124,-0.850860059261322,-0.06924131512641907,-0.6312893033027649,-1.2007476091384888,-0.14668937027454376,-0.7298340201377869,-1.419399619102478,-0.210433229804039,-0.8042342066764832,-1.6246705055236816,-0.26083990931510925,-0.29207679629325867,-0.95184326171875,-0.09319637715816498,-0.41311848163604736,-1.3743802309036255,-0.1605415642261505,-0.4814417064189911,-1.644761323928833,-0.2237236201763153,-0.5350144505500793,-1.8843671083450317,-0.27258726954460144,-0.12454871833324432,-0.9439849257469177,-0.13190579414367676,-0.17171207070350647,-1.3509961366653442,-0.21051855385303497,-0.19765816628932953,-1.6141151189804077,-0.26280316710472107,-0.22744305431842804,-1.84762704372406,-0.30131903290748596,0.04655161127448082,-0.8647668361663818,-0.1789902299642563,0.05709308385848999,-1.1715551614761353,-0.24723520874977112,0.054774701595306396,-1.3771604299545288,-0.27263590693473816,0.042305681854486465,-1.575053334236145,-0.2926970422267914,0.0,0.0,0.0,0.0,0.0,0.0,0.0,0.0,0.0,0.0,0.0,0.0,0.0,0.0,0.0,0.0,0.0,0.0,0.0,0.0,0.0,0.0,0.0,0.0,0.0,0.0,0.0,0.0,0.0,0.0,0.0,0.0,0.0,0.0,0.0,0.0,0.0,0.0,0.0,0.0,0.0,0.0,0.0,0.0,0.0,0.0,0.0,0.0,0.0,0.0,0.0,0.0,0.0,0.0,0.0,0.0,0.0,0.0,0.0,0.0,0.0,0.0,0.0,1,Hola,2025-10-17T12:49:58.650705
0.0,0.0,0.0,-0.2869336009025574,-0.11151009052991867,-0.08574988692998886,-0.552627682685852,-0.39899083971977234,-0.11957735568284988,-0.7360396385192871,-0.6370875835418701,-0.14906525611877441,-0.9148892760276794,-0.7363604307174683,-0.18121233582496643,-0.4399430751800537,-0.8574495911598206,-0.07498783618211746,-0.6137505173683167,-1.2057651281356812,-0.15110784769058228,-0.7124709486961365,-1.4215483665466309,-0.2134789228439331,-0.7883580327033997,-1.6257240772247314,-0.26368632912635803,-0.2845110297203064,-0.9532356858253479,-0.10195623338222504,-0.4029255211353302,-1.3709379434585571,-0.16896460950374603,-0.4705349802970886,-1.6428532600402832,-0.2313769906759262,-0.5242658853530884,-1.8828415870666504,-0.28011494874954224,-0.11754366755485535,-0.941950798034668,-0.14284244179725647,-0.1635103076696396,-1.3462913036346436,-0.22390536963939667,-0.1881418526172638,-1.6132177114486694,-0.2769978940486908,-0.21680572628974915,-1.8543258905410767,-0.3157535791397095,0.05397196486592293,-0.8600168824195862,-0.19141289591789246,0.0624399408698082,-1.1691848039627075,-0.263862282037735,0.061806440353393555,-1.37954580783844,-0.2903161942958832,0.051202356815338135,-1.584267020225525,-0.3105364441871643,0.0,0.0,0.0,0.0,0.0,0.0,0.0,0.0,0.0,0.0,0.0,0.0,0.0,0.0,0.0,0.0,0.0,0.0,0.0,0.0,0.0,0.0,0.0,0.0,0.0,0.0,0.0,0.0,0.0,0.0,0.0,0.0,0.0,0.0,0.0,0.0,0.0,0.0,0.0,0.0,0.0,0.0,0.0,0.0,0.0,0.0,0.0,0.0,0.0,0.0,0.0,0.0,0.0,0.0,0.0,0.0,0.0,0.0,0.0,0.0,0.0,0.0,0.0,1,Hola,2025-10-17T12:49:58.739512
0.0,0.0,0.0,-0.29641327261924744,-0.10238371789455414,-0.09192342311143875,-0.5626579523086548,-0.3917098045349121,-0.13368725776672363,-0.7396647334098816,-0.6371274590492249,-0.16910101473331451,-0.9140108227729797,-0.7522484064102173,-0.2068166583776474,-0.44549456238746643,-0.8579643964767456,-0.09252302348613739,-0.6213254332542419,-1.2219675779342651,-0.1730642467737198,-0.7175478339195251,-1.4478955268859863,-0.2385084480047226,-0.7892374992370605,-1.6542373895645142,-0.28881222009658813,-0.2859064042568207,-0.9512474536895752,-0.11569736897945404,-0.4063228964805603,-1.3867099285125732,-0.18606919050216675,-0.4738953709602356,-1.6675410270690918,-0.25112414360046387,-0.5263246297836304,-1.912824273109436,-0.30046674609184265,-0.11570537835359573,-0.9432495832443237,-0.15203134715557098,-0.1681312471628189,-1.3597617149353027,-0.23191246390342712,-0.19861043989658356,-1.632462501525879,-0.28899073600769043,-0.22850090265274048,-1.8753094673156738,-0.3305057883262634,0.0608942024409771,-0.8639153838157654,-0.19629959762096405,0.06567642092704773,-1.1796082258224487,-0.2690680921077728,0.06199003756046295,-1.3979992866516113,-0.2995493710041046,0.04988962039351463,-1.6078122854232788,-0.32156693935394287,0.0,0.0,0.0,0.0,0.0,0.0,0.0,0.0,0.0,0.0,0.0,0.0,0.0,0.0,0.0,0.0,0.0,0.0,0.0,0.0,0.0,0.0,0.0,0.0,0.0,0.0,0.0,0.0,0.0,0.0,0.0,0.0,0.0,0.0,0.0,0.0,0.0,0.0,0.0,0.0,0.0,0.0,0.0,0.0,0.0,0.0,0.0,0.0,0.0,0.0,0.0,0.0,0.0,0.0,0.0,0.0,0.0,0.0,0.0,0.0,0.0,0.0,0.0,1,Hola,2025-10-17T12:49:58.825394
0.0,0.0,0.0,-0.28664910793304443,-0.11253810673952103,-0.08693624287843704,-0.54952472448349,-0.40035462379455566,-0.12220738083124161,-0.7311246395111084,-0.6400018930435181,-0.1527797132730484,-0.9090964198112488,-0.7449812889099121,-0.1855863481760025,-0.43608567118644714,-0.8587799072265625,-0.07506141066551208,-0.6089100241661072,-1.2099956274032593,-0.14984147250652313,-0.705582857131958,-1.4258252382278442,-0.21136735379695892,-0.7802139520645142,-1.6295288801193237,-0.2603723108768463,-0.2792760133743286,-0.9549719095230103,-0.10016802698373795,-0.39681509137153625,-1.378617763519287,-0.16477254033088684,-0.46396565437316895,-1.6500288248062134,-0.22572588920593262,-0.5175492763519287,-1.8875640630722046,-0.2731359899044037,-0.11156013607978821,-0.944862425327301,-0.13897131383419037,-0.1568998098373413,-1.3523260354995728,-0.21574492752552032,-0.18226556479930878,-1.6182154417037964,-0.26617830991744995,-0.2106727510690689,-1.8563745021820068,-0.30315011739730835,0.05889159068465233,-0.8638743758201599,-0.18577511608600616,0.06462617218494415,-1.1750303506851196,-0.2532428205013275,0.06266135722398758,-1.3855870962142944,-0.27668026089668274,0.05195293948054314,-1.5891051292419434,-0.29468265175819397,0.0,0.0,0.0,0.0,0.0,0.0,0.0,0.0,0.0,0.0,0.0,0.0,0.0,0.0,0.0,0.0,0.0,0.0,0.0,0.0,0.0,0.0,0.0,0.0,0.0,0.0,0.0,0.0,0.0,0.0,0.0,0.0,0.0,0.0,0.0,0.0,0.0,0.0,0.0,0.0,0.0,0.0,0.0,0.0,0.0,0.0,0.0,0.0,0.0,0.0,0.0,0.0,0.0,0.0,0.0,0.0,0.0,0.0,0.0,0.0,0.0,0.0,0.0,1,Hola,2025-10-17T12:49:58.914967
0.0,0.0,0.0,-0.3026569187641144,-0.10154517740011215,-0.07832297682762146,-0.5701917409896851,-0.3860650658607483,-0.10922496765851974,-0.745556116104126,-0.6317378282546997,-0.13682539761066437,-0.9163637757301331,-0.7406004071235657,-0.16735529899597168,-0.45670056343078613,-0.8496428728103638,-0.07100898027420044,-0.6365065574645996,-1.1957329511642456,-0.14806175231933594,-0.7373507022857666,-1.4168932437896729,-0.21121962368488312,-0.8125597834587097,-1.62031888961792,-0.2601184844970703,-0.29984286427497864,-0.9488465189933777,-0.09891707450151443,-0.41822943091392517,-1.377824306488037,-0.16486749053001404,-0.4862966537475586,-1.6509016752243042,-0.22373370826244354,-0.5382735133171082,-1.8903194665908813,-0.26846033334732056,-0.1312073916196823,-0.9433152079582214,-0.14041712880134583,-0.18449810147285461,-1.3499908447265625,-0.21569707989692688,-0.21410296857357025,-1.6153233051300049,-0.2680317163467407,-0.24446991086006165,-1.8515011072158813,-0.3064822554588318,0.04553926736116409,-0.8672110438346863,-0.18961603939533234,0.053627751767635345,-1.1822097301483154,-0.2572922110557556,0.04920678213238716,-1.394445538520813,-0.2853643298149109,0.03429415822029114,-1.600258708000183,-0.30636125802993774,0.0,0.0,0.0,0.0,0.0,0.0,0.0,0.0,0.0,0.0,0.0,0.0,0.0,0.0,0.0,0.0,0.0,0.0,0.0,0.0,0.0,0.0,0.0,0.0,0.0,0.0,0.0,0.0,0.0,0.0,0.0,0.0,0.0,0.0,0.0,0.0,0.0,0.0,0.0,0.0,0.0,0.0,0.0,0.0,0.0,0.0,0.0,0.0,0.0,0.0,0.0,0.0,0.0,0.0,0.0,0.0,0.0,0.0,0.0,0.0,0.0,0.0,0.0,1,Hola,2025-10-17T12:49:59.002310
0.0,0.0,0.0,-0.29476016759872437,-0.10228589922189713,-0.07936307787895203,-0.5639767646789551,-0.38307708501815796,-0.10886037349700928,-0.7462302446365356,-0.6126922369003296,-0.1354467272758484,-0.9179860949516296,-0.7187837958335876,-0.16564279794692993,-0.4474009573459625,-0.8495919108390808,-0.06983952224254608,-0.6287840604782104,-1.1943271160125732,-0.14783312380313873,-0.7327531576156616,-1.4122234582901,-0.21106185019016266,-0.8125461339950562,-1.6167702674865723,-0.26119357347488403,-0.2932274043560028,-0.9507854580879211,-0.1001238152384758,-0.41689273715019226,-1.3753701448440552,-0.16867561638355255,-0.49067550897598267,-1.6479729413986206,-0.2313012033700943,-0.5498884916305542,-1.8840420246124268,-0.27954691648483276,-0.12925831973552704,-0.9445892572402954,-0.14436155557632446,-0.1803305745124817,-1.3534585237503052,-0.22480741143226624,-0.2130647450685501,-1.6181702613830566,-0.27810487151145935,-0.24915775656700134,-1.8533262014389038,-0.3172731101512909,0.0384591706097126,-0.864578902721405,-0.19607798755168915,0.04558131843805313,-1.1796475648880005,-0.2671522796154022,0.04319098964333534,-1.393064260482788,-0.29408401250839233,0.030273152515292168,-1.5969730615615845,-0.3151978850364685,0.0,0.0,0.0,0.0,0.0,0.0,0.0,0.0,0.0,0.0,0.0,0.0,0.0,0.0,0.0,0.0,0.0,0.0,0.0,0.0,0.0,0.0,0.0,0.0,0.0,0.0,0.0,0.0,0.0,0.0,0.0,0.0,0.0,0.0,0.0,0.0,0.0,0.0,0.0,0.0,0.0,0.0,0.0,0.0,0.0,0.0,0.0,0.0,0.0,0.0,0.0,0.0,0.0,0.0,0.0,0.0,0.0,0.0,0.0,0.0,0.0,0.0,0.0,1,Hola,2025-10-17T12:49:59.093720
0.0,0.0,0.0,-0.2984880805015564,-0.09666378051042557,-0.08168061077594757,-0.5700308680534363,-0.3766406774520874,-0.11640121787786484,-0.7512224912643433,-0.6208665370941162,-0.14762099087238312,-0.9259108304977417,-0.7302963733673096,-0.1806439757347107,-0.4586665630340576,-0.8499289751052856,-0.0799676924943924,-0.6436972618103027,-1.2014312744140625,-0.16289721429347992,-0.7495821714401245,-1.418769121170044,-0.22873003780841827,-0.8293044567108154,-1.6168382167816162,-0.2785698473453522,-0.303388774394989,-0.9463675618171692,-0.11110158264636993,-0.4342893660068512,-1.3722209930419922,-0.1830359399318695,-0.5022175908088684,-1.6468325853347778,-0.24393804371356964,-0.5512135624885559,-1.8796899318695068,-0.2889713644981384,-0.1371837854385376,-0.9408847093582153,-0.15613582730293274,-0.18874488770961761,-1.342405915260315,-0.23992006480693817,-0.21549275517463684,-1.5998438596725464,-0.28945648670196533,-0.24525019526481628,-1.8260183334350586,-0.32311633229255676,0.03737899288535118,-0.861738383769989,-0.20923350751399994,0.039064809679985046,-1.1774898767471313,-0.2834499180316925,0.03358164429664612,-1.3894665241241455,-0.30836766958236694,0.020060641691088676,-1.5883245468139648,-0.3250971734523773,0.0,0.0,0.0,0.0,0.0,0.0,0.0,0.0,0.0,0.0,0.0,0.0,0.0,0.0,0.0,0.0,0.0,0.0,0.0,0.0,0.0,0.0,0.0,0.0,0.0,0.0,0.0,0.0,0.0,0.0,0.0,0.0,0.0,0.0,0.0,0.0,0.0,0.0,0.0,0.0,0.0,0.0,0.0,0.0,0.0,0.0,0.0,0.0,0.0,0.0,0.0,0.0,0.0,0.0,0.0,0.0,0.0,0.0,0.0,0.0,0.0,0.0,0.0,1,Hola,2025-10-17T12:49:59.178187
0.0,0.0,0.0,-0.30508166551589966,-0.10921115428209305,-0.07361555099487305,-0.5786572694778442,-0.3936518728733063,-0.10168899595737457,-0.7583910822868347,-0.6316913366317749,-0.1271117776632309,-0.9305665493011475,-0.7449504137039185,-0.15505114197731018,-0.45600178837776184,-0.8547784090042114,-0.06942915916442871,-0.6387977600097656,-1.2076455354690552,-0.14683890342712402,-0.7407364249229431,-1.4254465103149414,-0.20790928602218628,-0.8192233443260193,-1.6253892183303833,-0.25444352626800537,-0.29588860273361206,-0.9497337937355042,-0.10225296765565872,-0.42187604308128357,-1.3736387491226196,-0.16804705560207367,-0.49369949102401733,-1.6465249061584473,-0.22654516994953156,-0.5494567155838013,-1.8770020008087158,-0.2709113359451294,-0.12720920145511627,-0.9436243176460266,-0.14838872849941254,-0.17622199654579163,-1.3459110260009766,-0.2253808081150055,-0.20324794948101044,-1.6061158180236816,-0.27317413687705994,-0.23340342938899994,-1.8328732252120972,-0.30730268359184265,0.04570775851607323,-0.8660917282104492,-0.2015453428030014,0.04550779610872269,-1.1795130968093872,-0.2691682279109955,0.04220884293317795,-1.3854321241378784,-0.2899583876132965,0.028921784833073616,-1.573949933052063,-0.3051823675632477,0.0,0.0,0.0,0.0,0.0,0.0,0.0,0.0,0.0,0.0,0.0,0.0,0.0,0.0,0.0,0.0,0.0,0.0,0.0,0.0,0.0,0.0,0.0,0.0,0.0,0.0,0.0,0.0,0.0,0.0,0.0,0.0,0.0,0.0,0.0,0.0,0.0,0.0,0.0,0.0,0.0,0.0,0.0,0.0,0.0,0.0,0.0,0.0,0.0,0.0,0.0,0.0,0.0,0.0,0.0,0.0,0.0,0.0,0.0,0.0,0.0,0.0,0.0,1,Hola,2025-10-17T12:49:59.267171
0.0,0.0,0.0,-0.29131898283958435,-0.1313292533159256,-0.08181189745664597,-0.5502205491065979,-0.4250623881816864,-0.11370474845170975,-0.7213984727859497,-0.6827914714813232,-0.1412019580602646,-0.8817059397697449,-0.8116355538368225,-0.1686495840549469,-0.4140549898147583,-0.8722270131111145,-0.0737132877111435,-0.5761563181877136,-1.2443655729293823,-0.15040898323059082,-0.6603948473930359,-1.4734598398208618,-0.2138209193944931,-0.7270943522453308,-1.6800321340560913,-0.2631269693374634,-0.25635403394699097,-0.9614697694778442,-0.09929024428129196,-0.357918918132782,-1.3976552486419678,-0.16649265587329865,-0.4127868711948395,-1.672767162322998,-0.2286555916070938,-0.45523881912231445,-1.907552719116211,-0.27579066157341003,-0.09253504872322083,-0.9488264918327332,-0.1373671591281891,-0.12008519470691681,-1.3529973030090332,-0.21496932208538055,-0.1337646096944809,-1.6142849922180176,-0.2648778557777405,-0.151985764503479,-1.8388067483901978,-0.30062031745910645,0.07663442939519882,-0.8587090373039246,-0.1830635815858841,0.10375725477933884,-1.1642986536026,-0.25197312235832214,0.11293623596429825,-1.3637903928756714,-0.2738117277622223,0.11176809668540955,-1.5517696142196655,-0.28926441073417664,0.0,0.0,0.0,0.0,0.0,0.0,0.0,0.0,0.0,0.0,0.0,0.0,0.0,0.0,0.0,0.0,0.0,0.0,0.0,0.0,0.0,0.0,0.0,0.0,0.0,0.0,0.0,0.0,0.0,0.0,0.0,0.0,0.0,0.0,0.0,0.0,0.0,0.0,0.0,0.0,0.0,0.0,0.0,0.0,0.0,0.0,0.0,0.0,0.0,0.0,0.0,0.0,0.0,0.0,0.0,0.0,0.0,0.0,0.0,0.0,0.0,0.0,0.0,1,Hola,2025-10-17T12:49:59.355147
0.0,0.0,0.0,-0.27211084961891174,-0.16181419789791107,-0.08612370491027832,-0.5073153376579285,-0.4706853926181793,-0.12907308340072632,-0.6787206530570984,-0.7252742648124695,-0.167778879404068,-0.845801055431366,-0.8547509908676147,-0.20771656930446625,-0.3644944727420807,-0.9041119813919067,-0.08804410696029663,-0.5130069851875305,-1.2854253053665161,-0.1709195226430893,-0.5907824635505676,-1.515364408493042,-0.23807266354560852,-0.6493245959281921,-1.725209355354309,-0.289837121963501,-0.20724768936634064,-0.9713332056999207,-0.11644844710826874,-0.2978696823120117,-1.4163892269134521,-0.18970975279808044,-0.34380248188972473,-1.6980788707733154,-0.25452983379364014,-0.3782709538936615,-1.9369758367538452,-0.30311891436576843,-0.04418838024139404,-0.9386677742004395,-0.157627671957016,-0.053373027592897415,-1.356168508529663,-0.24210099875926971,-0.057212501764297485,-1.6213226318359375,-0.2935210168361664,-0.06904181838035583,-1.8522670269012451,-0.32940512895584106,0.11970175802707672,-0.831681489944458,-0.20642131567001343,0.1620463728904724,-1.1395422220230103,-0.28147944808006287,0.17943592369556427,-1.3449246883392334,-0.30618348717689514,0.18654890358448029,-1.5390862226486206,-0.3231479525566101,0.0,0.0,0.0,0.0,0.0,0.0,0.0,0.0,0.0,0.0,0.0,0.0,0.0,0.0,0.0,0.0,0.0,0.0,0.0,0.0,0.0,0.0,0.0,0.0,0.0,0.0,0.0,0.0,0.0,0.0,0.0,0.0,0.0,0.0,0.0,0.0,0.0,0.0,0.0,0.0,0.0,0.0,0.0,0.0,0.0,0.0,0.0,0.0,0.0,0.0,0.0,0.0,0.0,0.0,0.0,0.0,0.0,0.0,0.0,0.0,0.0,0.0,0.0,1,Hola,2025-10-17T12:49:59.443693
0.0,0.0,0.0,-0.28391286730766296,-0.1507759690284729,-0.08772365003824234,-0.5231294631958008,-0.46225810050964355,-0.12901504337787628,-0.6797945499420166,-0.7296190857887268,-0.1655483841896057,-0.8447402715682983,-0.8743557929992676,-0.20372216403484344,-0.37017056345939636,-0.9066804647445679,-0.08792673051357269,-0.5142009854316711,-1.28451669216156,-0.17161214351654053,-0.5961117148399353,-1.5138098001480103,-0.23775529861450195,-0.6546210646629333,-1.7243181467056274,-0.287921279668808,-0.20639894902706146,-0.971520185470581,-0.11639615893363953,-0.2921309471130371,-1.4096041917800903,-0.18876472115516663,-0.3342910706996918,-1.692764401435852,-0.2506605386734009,-0.3627532422542572,-1.932196021080017,-0.297491192817688,-0.042379070073366165,-0.9340152144432068,-0.15890151262283325,-0.05027686059474945,-1.3404353857040405,-0.24307869374752045,-0.043481308966875076,-1.598494052886963,-0.29282084107398987,-0.044046834111213684,-1.8242409229278564,-0.32698991894721985,0.12156540155410767,-0.8260221481323242,-0.20942546427249908,0.15359345078468323,-1.1397888660430908,-0.2833065688610077,0.1747654527425766,-1.3429371118545532,-0.3070750832557678,0.18534092605113983,-1.531552791595459,-0.32320505380630493,0.0,0.0,0.0,0.0,0.0,0.0,0.0,0.0,0.0,0.0,0.0,0.0,0.0,0.0,0.0,0.0,0.0,0.0,0.0,0.0,0.0,0.0,0.0,0.0,0.0,0.0,0.0,0.0,0.0,0.0,0.0,0.0,0.0,0.0,0.0,0.0,0.0,0.0,0.0,0.0,0.0,0.0,0.0,0.0,0.0,0.0,0.0,0.0,0.0,0.0,0.0,0.0,0.0,0.0,0.0,0.0,0.0,0.0,0.0,0.0,0.0,0.0,0.0,1,Hola,2025-10-17T12:49:59.535477
0.0,0.0,0.0,-0.25942128896713257,-0.19064588844776154,-0.08521664887666702,-0.47983473539352417,-0.5194147229194641,-0.12209590524435043,-0.6357795596122742,-0.79145348072052,-0.15433701872825623,-0.7904556393623352,-0.9414408206939697,-0.1868634819984436,-0.3165781795978546,-0.929147481918335,-0.07950186729431152,-0.43654558062553406,-1.327478289604187,-0.15525171160697937,-0.5004457831382751,-1.565975308418274,-0.2169748693704605,-0.5496466159820557,-1.7802772521972656,-0.26578113436698914,-0.1548738032579422,-0.9823917150497437,-0.10450202226638794,-0.2109038233757019,-1.427760124206543,-0.1707553118467331,-0.23898428678512573,-1.704010009765625,-0.23273633420467377,-0.26261788606643677,-1.941243290901184,-0.28060269355773926,0.005842488259077072,-0.9385021328926086,-0.14207802712917328,0.023658517748117447,-1.3471927642822266,-0.22075486183166504,0.03981586545705795,-1.6102664470672607,-0.2722810208797455,0.04264119267463684,-1.8403122425079346,-0.30936112999916077,0.16172364354133606,-0.8191063404083252,-0.187235489487648,0.22306445240974426,-1.1142443418502808,-0.2585046589374542,0.25470516085624695,-1.3116627931594849,-0.2832949459552765,0.2747289538383484,-1.4984291791915894,-0.300985723733902,0.0,0.0,0.0,0.0,0.0,0.0,0.0,0.0,0.0,0.0,0.0,0.0,0.0,0.0,0.0,0.0,0.0,0.0,0.0,0.0,0.0,0.0,0.0,0.0,0.0,0.0,0.0,0.0,0.0,0.0,0.0,0.0,0.0,0.0,0.0,0.0,0.0,0.0,0.0,0.0,0.0,0.0,0.0,0.0,0.0,0.0,0.0,0.0,0.0,0.0,0.0,0.0,0.0,0.0,0.0,0.0,0.0,0.0,0.0,0.0,0.0,0.0,0.0,1,Hola,2025-10-17T12:49:59.621135
0.0,0.0,0.0,-0.26734697818756104,-0.18006129562854767,-0.08687980473041534,-0.48495611548423767,-0.5210001468658447,-0.12221847474575043,-0.6273126602172852,-0.8028822541236877,-0.15253585577011108,-0.7826221585273743,-0.9524561166763306,-0.18416520953178406,-0.30957284569740295,-0.9329015612602234,-0.07942409068346024,-0.41968584060668945,-1.320587158203125,-0.15775847434997559,-0.4771890342235565,-1.5555329322814941,-0.21987999975681305,-0.5156800150871277,-1.7703971862792969,-0.26760926842689514,-0.1423557698726654,-0.9841928482055664,-0.10535293817520142,-0.18960189819335938,-1.417942762374878,-0.17096005380153656,-0.2092563360929489,-1.6978096961975098,-0.2295122891664505,-0.22032977640628815,-1.9362781047821045,-0.274632066488266,0.01890653185546398,-0.9341875314712524,-0.14547541737556458,0.040010739117860794,-1.3304048776626587,-0.2229696363210678,0.059087686240673065,-1.5806465148925781,-0.270039439201355,0.06891733407974243,-1.8003535270690918,-0.30354854464530945,0.17365840077400208,-0.8121734857559204,-0.19376051425933838,0.22900570929050446,-1.1059765815734863,-0.2626970410346985,0.2632627785205841,-1.3030309677124023,-0.28464850783348083,0.2863231301307678,-1.4866645336151123,-0.3002457916736603,0.0,0.0,0.0,0.0,0.0,0.0,0.0,0.0,0.0,0.0,0.0,0.0,0.0,0.0,0.0,0.0,0.0,0.0,0.0,0.0,0.0,0.0,0.0,0.0,0.0,0.0,0.0,0.0,0.0,0.0,0.0,0.0,0.0,0.0,0.0,0.0,0.0,0.0,0.0,0.0,0.0,0.0,0.0,0.0,0.0,0.0,0.0,0.0,0.0,0.0,0.0,0.0,0.0,0.0,0.0,0.0,0.0,0.0,0.0,0.0,0.0,0.0,0.0,1,Hola,2025-10-17T12:49:59.707063
0.0,0.0,0.0,-0.2462696135044098,-0.1906762570142746,-0.10549090057611465,-0.4446837902069092,-0.5299443602561951,-0.15324003994464874,-0.5893137454986572,-0.8146002888679504,-0.19453421235084534,-0.7414416074752808,-0.9856516122817993,-0.2347610741853714,-0.27648693323135376,-0.9394534826278687,-0.08706528693437576,-0.37718498706817627,-1.3254573345184326,-0.17240670323371887,-0.4251689612865448,-1.5618891716003418,-0.2398182898759842,-0.4537518322467804,-1.7823554277420044,-0.29234108328819275,-0.11188894510269165,-0.9879111051559448,-0.10729646682739258,-0.15403319895267487,-1.4231079816818237,-0.18827113509178162,-0.16532093286514282,-1.710037350654602,-0.25823724269866943,-0.16601811349391937,-1.9627031087875366,-0.3090592324733734,0.048382341861724854,-0.9274152517318726,-0.14326904714107513,0.08207371085882187,-1.3229509592056274,-0.2397889792919159,0.11352042853832245,-1.581357479095459,-0.29723599553108215,0.1339339315891266,-1.815616488456726,-0.33397960662841797,0.20230907201766968,-0.7895013093948364,-0.1882021725177765,0.2722890377044678,-1.0736864805221558,-0.27527788281440735,0.3140467703342438,-1.2732033729553223,-0.3069245219230652,0.3428288698196411,-1.4699671268463135,-0.3265714943408966,0.0,0.0,0.0,0.0,0.0,0.0,0.0,0.0,0.0,0.0,0.0,0.0,0.0,0.0,0.0,0.0,0.0,0.0,0.0,0.0,0.0,0.0,0.0,0.0,0.0,0.0,0.0,0.0,0.0,0.0,0.0,0.0,0.0,0.0,0.0,0.0,0.0,0.0,0.0,0.0,0.0,0.0,0.0,0.0,0.0,0.0,0.0,0.0,0.0,0.0,0.0,0.0,0.0,0.0,0.0,0.0,0.0,0.0,0.0,0.0,0.0,0.0,0.0,1,Hola,2025-10-17T12:49:59.793927
0.0,0.0,0.0,-0.24832257628440857,-0.1896364390850067,-0.0996660441160202,-0.45132526755332947,-0.5315726399421692,-0.14290527999401093,-0.5917322635650635,-0.8144283294677734,-0.1787770390510559,-0.7462496161460876,-0.9775940775871277,-0.21648816764354706,-0.270967960357666,-0.9437586665153503,-0.09311229735612869,-0.37149932980537415,-1.3267645835876465,-0.17467902600765228,-0.42509812116622925,-1.5612597465515137,-0.23994748294353485,-0.45877400040626526,-1.7787405252456665,-0.29096606373786926,-0.10176412016153336,-0.9881818890571594,-0.1146322563290596,-0.13394980132579803,-1.4233317375183105,-0.18517138063907623,-0.1484873741865158,-1.706923484802246,-0.24778757989406586,-0.1573687493801117,-1.9541319608688354,-0.29636150598526,0.0583319216966629,-0.9263834953308105,-0.1511438935995102,0.09424154460430145,-1.322593331336975,-0.23483429849147797,0.11923679709434509,-1.578797459602356,-0.28745970129966736,0.13410823047161102,-1.8101916313171387,-0.325126975774765,0.20776569843292236,-0.7939831614494324,-0.19645051658153534,0.27578842639923096,-1.0858529806137085,-0.2707458734512329,0.31978464126586914,-1.2790876626968384,-0.2970086634159088,0.351906418800354,-1.4662878513336182,-0.31623873114585876,0.0,0.0,0.0,0.0,0.0,0.0,0.0,0.0,0.0,0.0,0.0,0.0,0.0,0.0,0.0,0.0,0.0,0.0,0.0,0.0,0.0,0.0,0.0,0.0,0.0,0.0,0.0,0.0,0.0,0.0,0.0,0.0,0.0,0.0,0.0,0.0,0.0,0.0,0.0,0.0,0.0,0.0,0.0,0.0,0.0,0.0,0.0,0.0,0.0,0.0,0.0,0.0,0.0,0.0,0.0,0.0,0.0,0.0,0.0,0.0,0.0,0.0,0.0,1,Hola,2025-10-17T12:49:59.881587
0.0,0.0,0.0,-0.2555796504020691,-0.1914462149143219,-0.1017923355102539,-0.4603498578071594,-0.5362540483474731,-0.14666230976581573,-0.5954532623291016,-0.8229551911354065,-0.18416576087474823,-0.7483468055725098,-0.991042971611023,-0.22297368943691254,-0.2748112380504608,-0.9474812150001526,-0.09347285330295563,-0.3704790771007538,-1.334976077079773,-0.1762131005525589,-0.42272114753723145,-1.571630835533142,-0.24268947541713715,-0.4565294086933136,-1.7886595726013184,-0.2939472198486328,-0.10368121415376663,-0.9880736470222473,-0.11384474486112595,-0.13133153319358826,-1.4210201501846313,-0.18515215814113617,-0.1425347775220871,-1.7022944688796997,-0.24791975319385529,-0.1475856751203537,-1.9463707208633423,-0.29625117778778076,0.05729734152555466,-0.9264017939567566,-0.14965523779392242,0.09724334627389908,-1.318591594696045,-0.23270663619041443,0.12587803602218628,-1.571328043937683,-0.283940851688385,0.1439347118139267,-1.7992265224456787,-0.32023486495018005,0.20853498578071594,-0.7960007190704346,-0.1947191059589386,0.2775551974773407,-1.087883472442627,-0.26741135120391846,0.3206038475036621,-1.281695008277893,-0.2922770380973816,0.35221487283706665,-1.4687668085098267,-0.31021109223365784,0.0,0.0,0.0,0.0,0.0,0.0,0.0,0.0,0.0,0.0,0.0,0.0,0.0,0.0,0.0,0.0,0.0,0.0,0.0,0.0,0.0,0.0,0.0,0.0,0.0,0.0,0.0,0.0,0.0,0.0,0.0,0.0,0.0,0.0,0.0,0.0,0.0,0.0,0.0,0.0,0.0,0.0,0.0,0.0,0.0,0.0,0.0,0.0,0.0,0.0,0.0,0.0,0.0,0.0,0.0,0.0,0.0,0.0,0.0,0.0,0.0,0.0,0.0,1,Hola,2025-10-17T12:49:59.967572
0.0,0.0,0.0,-0.24321196973323822,-0.19691282510757446,-0.09861791133880615,-0.4365050196647644,-0.5451816916465759,-0.14002305269241333,-0.5753418207168579,-0.8280608057975769,-0.1744706928730011,-0.7297590374946594,-0.9899307489395142,-0.21025359630584717,-0.2610172927379608,-0.9493367075920105,-0.08333525061607361,-0.3499356508255005,-1.3299477100372314,-0.16038382053375244,-0.39910733699798584,-1.562940239906311,-0.22287796437740326,-0.42919063568115234,-1.7803406715393066,-0.27281472086906433,-0.09084610641002655,-0.99044269323349,-0.1037798821926117,-0.11839748919010162,-1.415907621383667,-0.1718916893005371,-0.12910081446170807,-1.6951589584350586,-0.23502837121486664,-0.133722186088562,-1.9423047304153442,-0.28407713770866394,0.06981069594621658,-0.924102246761322,-0.13914081454277039,0.11018112301826477,-1.31221342086792,-0.22338663041591644,0.13843442499637604,-1.5684629678726196,-0.27729326486587524,0.1573132872581482,-1.8037152290344238,-0.31550806760787964,0.21834513545036316,-0.7887147665023804,-0.1828572154045105,0.29249534010887146,-1.0727673768997192,-0.25897669792175293,0.34023627638816833,-1.265895962715149,-0.2862115502357483,0.37773603200912476,-1.4564930200576782,-0.30562153458595276,0.0,0.0,0.0,0.0,0.0,0.0,0.0,0.0,0.0,0.0,0.0,0.0,0.0,0.0,0.0,0.0,0.0,0.0,0.0,0.0,0.0,0.0,0.0,0.0,0.0,0.0,0.0,0.0,0.0,0.0,0.0,0.0,0.0,0.0,0.0,0.0,0.0,0.0,0.0,0.0,0.0,0.0,0.0,0.0,0.0,0.0,0.0,0.0,0.0,0.0,0.0,0.0,0.0,0.0,0.0,0.0,0.0,0.0,0.0,0.0,0.0,0.0,0.0,1,Hola,2025-10-17T12:50:00.057183
0.0,0.0,0.0,-0.24320051074028015,-0.1855391412973404,-0.1058996245265007,-0.4405575096607208,-0.5334611535072327,-0.15102608501911163,-0.5814709663391113,-0.81438809633255,-0.18833337724208832,-0.7344803810119629,-0.9794580936431885,-0.22652633488178253,-0.274151474237442,-0.9398177266120911,-0.08718894422054291,-0.36807340383529663,-1.3183543682098389,-0.16985037922859192,-0.41786178946495056,-1.555831789970398,-0.2369091957807541,-0.44729381799697876,-1.7767804861068726,-0.2896585464477539,-0.10335005819797516,-0.9890491366386414,-0.10535912960767746,-0.13243591785430908,-1.4131139516830444,-0.17754076421260834,-0.14652128517627716,-1.690364956855774,-0.2430078089237213,-0.15420444309711456,-1.9381599426269531,-0.2933919429779053,0.05661805719137192,-0.928315281867981,-0.13949362933635712,0.0934445783495903,-1.317474126815796,-0.22456450760364532,0.1188117116689682,-1.5743194818496704,-0.27777090668678284,0.13533511757850647,-1.810800552368164,-0.3157391846179962,0.203400120139122,-0.7952505350112915,-0.18311244249343872,0.2725455164909363,-1.0762920379638672,-0.258089154958725,0.3158702254295349,-1.271674394607544,-0.28455013036727905,0.34907910227775574,-1.4656144380569458,-0.3037777543067932,0.0,0.0,0.0,0.0,0.0,0.0,0.0,0.0,0.0,0.0,0.0,0.0,0.0,0.0,0.0,0.0,0.0,0.0,0.0,0.0,0.0,0.0,0.0,0.0,0.0,0.0,0.0,0.0,0.0,0.0,0.0,0.0,0.0,0.0,0.0,0.0,0.0,0.0,0.0,0.0,0.0,0.0,0.0,0.0,0.0,0.0,0.0,0.0,0.0,0.0,0.0,0.0,0.0,0.0,0.0,0.0,0.0,0.0,0.0,0.0,0.0,0.0,0.0,1,Hola,2025-10-17T12:50:00.141893
0.0,0.0,0.0,-0.24226200580596924,-0.19170553982257843,-0.10132370889186859,-0.4408515989780426,-0.5381034016609192,-0.14388351142406464,-0.5835157036781311,-0.8187217712402344,-0.1789035052061081,-0.7380346655845642,-0.9804362654685974,-0.2149956077337265,-0.27186349034309387,-0.9435142874717712,-0.08601366728544235,-0.3635094463825226,-1.3215051889419556,-0.1653299480676651,-0.4157126545906067,-1.5550096035003662,-0.22967775166034698,-0.44795721769332886,-1.7739529609680176,-0.281082421541214,-0.10331019759178162,-0.9890374541282654,-0.10550780594348907,-0.1310521811246872,-1.4123235940933228,-0.17490030825138092,-0.14146433770656586,-1.6900193691253662,-0.23830139636993408,-0.14559349417686462,-1.9376089572906494,-0.28768590092658997,0.05700017884373665,-0.9256766438484192,-0.1402602642774582,0.09233640879392624,-1.3128108978271484,-0.22469103336334229,0.12075746059417725,-1.5673340559005737,-0.2778738737106323,0.14032219350337982,-1.803695797920227,-0.31591519713401794,0.2060723900794983,-0.7914512157440186,-0.18387417495250702,0.2764437198638916,-1.0744444131851196,-0.2603195607662201,0.3218783140182495,-1.2689704895019531,-0.2879047393798828,0.3577520549297333,-1.4630578756332397,-0.3077608644962311,0.0,0.0,0.0,0.0,0.0,0.0,0.0,0.0,0.0,0.0,0.0,0.0,0.0,0.0,0.0,0.0,0.0,0.0,0.0,0.0,0.0,0.0,0.0,0.0,0.0,0.0,0.0,0.0,0.0,0.0,0.0,0.0,0.0,0.0,0.0,0.0,0.0,0.0,0.0,0.0,0.0,0.0,0.0,0.0,0.0,0.0,0.0,0.0,0.0,0.0,0.0,0.0,0.0,0.0,0.0,0.0,0.0,0.0,0.0,0.0,0.0,0.0,0.0,1,Hola,2025-10-17T12:50:00.228713
0.0,0.0,0.0,-0.24680039286613464,-0.18048825860023499,-0.09429538249969482,-0.45150133967399597,-0.5298923850059509,-0.1309404820203781,-0.595742404460907,-0.8035077452659607,-0.16159091889858246,-0.7473430633544922,-0.9584371447563171,-0.19325757026672363,-0.29025211930274963,-0.9349907040596008,-0.07129590213298798,-0.38780057430267334,-1.3123314380645752,-0.14548219740390778,-0.43760615587234497,-1.546760082244873,-0.20668759942054749,-0.4681616425514221,-1.7606420516967773,-0.2554970979690552,-0.12101259082555771,-0.9884142279624939,-0.09161445498466492,-0.15359807014465332,-1.412196397781372,-0.15615765750408173,-0.1700366586446762,-1.6874901056289673,-0.2178565114736557,-0.18003828823566437,-1.9302549362182617,-0.26580244302749634,0.04021233320236206,-0.933264434337616,-0.12710116803646088,0.072743721306324,-1.3243213891983032,-0.20512935519218445,0.09681743383407593,-1.580631971359253,-0.25756555795669556,0.11143714189529419,-1.8132104873657227,-0.2957538664340973,0.19022320210933685,-0.8058972358703613,-0.17108774185180664,0.25603318214416504,-1.087833285331726,-0.24034857749938965,0.2953373193740845,-1.2834224700927734,-0.2661571800708771,0.32420963048934937,-1.4758765697479248,-0.285649836063385,0.0,0.0,0.0,0.0,0.0,0.0,0.0,0.0,0.0,0.0,0.0,0.0,0.0,0.0,0.0,0.0,0.0,0.0,0.0,0.0,0.0,0.0,0.0,0.0,0.0,0.0,0.0,0.0,0.0,0.0,0.0,0.0,0.0,0.0,0.0,0.0,0.0,0.0,0.0,0.0,0.0,0.0,0.0,0.0,0.0,0.0,0.0,0.0,0.0,0.0,0.0,0.0,0.0,0.0,0.0,0.0,0.0,0.0,0.0,0.0,0.0,0.0,0.0,1,Hola,2025-10-17T12:50:00.314615
0.0,0.0,0.0,-0.2480667382478714,-0.17600180208683014,-0.10096274316310883,-0.4535853862762451,-0.5178725123405457,-0.14095857739448547,-0.5969166159629822,-0.7969347834587097,-0.17330265045166016,-0.7515104413032532,-0.9531196355819702,-0.20602862536907196,-0.29008182883262634,-0.9335575699806213,-0.07880036532878876,-0.38837653398513794,-1.3082972764968872,-0.15470966696739197,-0.44289425015449524,-1.539111852645874,-0.21763484179973602,-0.4773062765598297,-1.7540018558502197,-0.2676886022090912,-0.12222456932067871,-0.9878038763999939,-0.0964607521891594,-0.15562188625335693,-1.4081476926803589,-0.16123567521572113,-0.17162813246250153,-1.6834559440612793,-0.22277599573135376,-0.18052801489830017,-1.928287148475647,-0.27074161171913147,0.037498366087675095,-0.9329836368560791,-0.12962470948696136,0.0656374916434288,-1.3203331232070923,-0.2084607183933258,0.08910087496042252,-1.5718865394592285,-0.2590124011039734,0.10370057076215744,-1.8029241561889648,-0.295729398727417,0.18591776490211487,-0.8060535788536072,-0.17207162082195282,0.2503416836261749,-1.085231900215149,-0.24318067729473114,0.2904856204986572,-1.2757890224456787,-0.2677154839038849,0.32145458459854126,-1.4646806716918945,-0.2854904532432556,0.0,0.0,0.0,0.0,0.0,0.0,0.0,0.0,0.0,0.0,0.0,0.0,0.0,0.0,0.0,0.0,0.0,0.0,0.0,0.0,0.0,0.0,0.0,0.0,0.0,0.0,0.0,0.0,0.0,0.0,0.0,0.0,0.0,0.0,0.0,0.0,0.0,0.0,0.0,0.0,0.0,0.0,0.0,0.0,0.0,0.0,0.0,0.0,0.0,0.0,0.0,0.0,0.0,0.0,0.0,0.0,0.0,0.0,0.0,0.0,0.0,0.0,0.0,1,Hola,2025-10-17T12:50:00.400342
0.0,0.0,0.0,-0.24786965548992157,-0.17481333017349243,-0.0975865051150322,-0.45761173963546753,-0.5229199528694153,-0.13430826365947723,-0.6050052046775818,-0.7968228459358215,-0.16462208330631256,-0.7593074440956116,-0.9471330642700195,-0.19615453481674194,-0.29537278413772583,-0.9306904673576355,-0.07460051774978638,-0.3963894248008728,-1.3035327196121216,-0.14990301430225372,-0.44922304153442383,-1.5338716506958008,-0.21147409081459045,-0.4815761148929596,-1.7483561038970947,-0.26055821776390076,-0.1264623999595642,-0.9875865578651428,-0.09316732734441757,-0.16429835557937622,-1.410094976425171,-0.15833839774131775,-0.18485547602176666,-1.6865261793136597,-0.22006702423095703,-0.19783592224121094,-1.9330207109451294,-0.268452525138855,0.03370899707078934,-0.9355959296226501,-0.12726187705993652,0.06366322934627533,-1.3258088827133179,-0.20622894167900085,0.08298597484827042,-1.5800347328186035,-0.25847163796424866,0.09200320392847061,-1.8116003274917603,-0.29646480083465576,0.18334613740444183,-0.8129923939704895,-0.17030321061611176,0.24665139615535736,-1.0959117412567139,-0.24019135534763336,0.2833405137062073,-1.2911556959152222,-0.26655903458595276,0.3089636266231537,-1.4836218357086182,-0.28663045167922974,0.0,0.0,0.0,0.0,0.0,0.0,0.0,0.0,0.0,0.0,0.0,0.0,0.0,0.0,0.0,0.0,0.0,0.0,0.0,0.0,0.0,0.0,0.0,0.0,0.0,0.0,0.0,0.0,0.0,0.0,0.0,0.0,0.0,0.0,0.0,0.0,0.0,0.0,0.0,0.0,0.0,0.0,0.0,0.0,0.0,0.0,0.0,0.0,0.0,0.0,0.0,0.0,0.0,0.0,0.0,0.0,0.0,0.0,0.0,0.0,0.0,0.0,0.0,1,Hola,2025-10-17T12:50:00.484672
0.0,0.0,0.0,-0.24536454677581787,-0.17779970169067383,-0.10031358152627945,-0.4521806240081787,-0.5183129906654358,-0.14113381505012512,-0.599949836730957,-0.7957919836044312,-0.17461265623569489,-0.7591121792793274,-0.9490275979042053,-0.2084689885377884,-0.2895059287548065,-0.9318379759788513,-0.07797087728977203,-0.39227092266082764,-1.3047971725463867,-0.15386298298835754,-0.44926196336746216,-1.5339001417160034,-0.21680499613285065,-0.48488813638687134,-1.7487908601760864,-0.26700595021247864,-0.12562446296215057,-0.9874032139778137,-0.09619483351707458,-0.16609355807304382,-1.407280445098877,-0.16165561974048615,-0.18412354588508606,-1.6836130619049072,-0.22294874489307404,-0.19350914657115936,-1.9283727407455444,-0.27067118883132935,0.03260508179664612,-0.9344772100448608,-0.12995634973049164,0.056280963122844696,-1.320235013961792,-0.20967887341976166,0.07825575768947601,-1.5715761184692383,-0.2599099576473236,0.09324972331523895,-1.8025851249694824,-0.2960249185562134,0.18115167319774628,-0.8106064200401306,-0.17292466759681702,0.24117949604988098,-1.0933030843734741,-0.24419963359832764,0.28013327717781067,-1.2861887216567993,-0.2686140835285187,0.3118094801902771,-1.4776824712753296,-0.2863630950450897,0.0,0.0,0.0,0.0,0.0,0.0,0.0,0.0,0.0,0.0,0.0,0.0,0.0,0.0,0.0,0.0,0.0,0.0,0.0,0.0,0.0,0.0,0.0,0.0,0.0,0.0,0.0,0.0,0.0,0.0,0.0,0.0,0.0,0.0,0.0,0.0,0.0,0.0,0.0,0.0,0.0,0.0,0.0,0.0,0.0,0.0,0.0,0.0,0.0,0.0,0.0,0.0,0.0,0.0,0.0,0.0,0.0,0.0,0.0,0.0,0.0,0.0,0.0,1,Hola,2025-10-17T12:50:00.573958
0.0,0.0,0.0,-0.24528081715106964,-0.17847292125225067,-0.09727095812559128,-0.4526524841785431,-0.5204781889915466,-0.13807938992977142,-0.5998142957687378,-0.7965936064720154,-0.17158199846744537,-0.7607405781745911,-0.9468298554420471,-0.20568345487117767,-0.28686752915382385,-0.9348999857902527,-0.08482209593057632,-0.39244553446769714,-1.3142657279968262,-0.15996597707271576,-0.4504881203174591,-1.544090986251831,-0.2207033634185791,-0.4873099625110626,-1.7588813304901123,-0.26948875188827515,-0.12362416833639145,-0.9868432879447937,-0.10419902950525284,-0.1661447435617447,-1.4130357503890991,-0.16905468702316284,-0.1841660737991333,-1.689674735069275,-0.22879840433597565,-0.19332662224769592,-1.9326436519622803,-0.27594220638275146,0.03546464070677757,-0.9311249256134033,-0.1379612386226654,0.06007237359881401,-1.3211126327514648,-0.2169264554977417,0.0820031613111496,-1.5717228651046753,-0.2666853964328766,0.09615301340818405,-1.8013073205947876,-0.3029460906982422,0.1854732781648636,-0.8058663606643677,-0.18043950200080872,0.2461702674627304,-1.0913747549057007,-0.2525179088115692,0.28385129570961,-1.2863658666610718,-0.27826300263404846,0.3134690821170807,-1.4801031351089478,-0.29701492190361023,0.0,0.0,0.0,0.0,0.0,0.0,0.0,0.0,0.0,0.0,0.0,0.0,0.0,0.0,0.0,0.0,0.0,0.0,0.0,0.0,0.0,0.0,0.0,0.0,0.0,0.0,0.0,0.0,0.0,0.0,0.0,0.0,0.0,0.0,0.0,0.0,0.0,0.0,0.0,0.0,0.0,0.0,0.0,0.0,0.0,0.0,0.0,0.0,0.0,0.0,0.0,0.0,0.0,0.0,0.0,0.0,0.0,0.0,0.0,0.0,0.0,0.0,0.0,1,Hola,2025-10-17T12:50:00.660532
0.0,0.0,0.0,-0.25112056732177734,-0.18691332638263702,-0.09004198759794235,-0.4571981430053711,-0.5348562002182007,-0.12458063662052155,-0.5988218188285828,-0.8103824853897095,-0.1534484177827835,-0.7549927234649658,-0.9571715593338013,-0.1841769516468048,-0.28174805641174316,-0.9371575117111206,-0.0768897607922554,-0.3858696222305298,-1.3156840801239014,-0.14995530247688293,-0.44376465678215027,-1.548938512802124,-0.21012558043003082,-0.48135530948638916,-1.7647945880889893,-0.25837209820747375,-0.11564677953720093,-0.9883174300193787,-0.09926943480968475,-0.1496129333972931,-1.4165016412734985,-0.1614314615726471,-0.16726990044116974,-1.6972986459732056,-0.22066207230091095,-0.1786222755908966,-1.9413121938705444,-0.2674426734447479,0.04501572996377945,-0.9348970651626587,-0.13569088280200958,0.07628455013036728,-1.3261158466339111,-0.2112109363079071,0.09429120272397995,-1.5768980979919434,-0.26101765036582947,0.10274682193994522,-1.8051761388778687,-0.297818124294281,0.19515027105808258,-0.8100163340568542,-0.18042787909507751,0.2608945667743683,-1.0947526693344116,-0.24914297461509705,0.29952892661094666,-1.2888545989990234,-0.2735029458999634,0.3279770016670227,-1.4790390729904175,-0.2918374538421631,0.0,0.0,0.0,0.0,0.0,0.0,0.0,0.0,0.0,0.0,0.0,0.0,0.0,0.0,0.0,0.0,0.0,0.0,0.0,0.0,0.0,0.0,0.0,0.0,0.0,0.0,0.0,0.0,0.0,0.0,0.0,0.0,0.0,0.0,0.0,0.0,0.0,0.0,0.0,0.0,0.0,0.0,0.0,0.0,0.0,0.0,0.0,0.0,0.0,0.0,0.0,0.0,0.0,0.0,0.0,0.0,0.0,0.0,0.0,0.0,0.0,0.0,0.0,1,Hola,2025-10-17T12:50:00.746058
0.0,0.0,0.0,-0.24649502336978912,-0.18625719845294952,-0.090895876288414,-0.45169058442115784,-0.5305984616279602,-0.12771761417388916,-0.597819447517395,-0.8036525249481201,-0.15894396603107452,-0.754618763923645,-0.9554306268692017,-0.19182762503623962,-0.2848174571990967,-0.9372106194496155,-0.07478764653205872,-0.3859587609767914,-1.3130748271942139,-0.1488589346408844,-0.44069981575012207,-1.544342279434204,-0.20984123647212982,-0.4754354953765869,-1.759661078453064,-0.25891587138175964,-0.11760877072811127,-0.988223671913147,-0.09788812696933746,-0.15436694025993347,-1.412474513053894,-0.1631685346364975,-0.17107142508029938,-1.6910481452941895,-0.22479790449142456,-0.18084952235221863,-1.9367917776107788,-0.272784024477005,0.04302792251110077,-0.9302039742469788,-0.13532717525959015,0.0719219371676445,-1.320831060409546,-0.21607744693756104,0.09404885023832321,-1.5768272876739502,-0.2688910663127899,0.10758961737155914,-1.8120427131652832,-0.30691906809806824,0.19280597567558289,-0.8016424179077148,-0.18060317635536194,0.25863876938819885,-1.0859856605529785,-0.2535076141357422,0.30083906650543213,-1.279726266860962,-0.2793966829776764,0.333434522151947,-1.4717141389846802,-0.29829278588294983,0.0,0.0,0.0,0.0,0.0,0.0,0.0,0.0,0.0,0.0,0.0,0.0,0.0,0.0,0.0,0.0,0.0,0.0,0.0,0.0,0.0,0.0,0.0,0.0,0.0,0.0,0.0,0.0,0.0,0.0,0.0,0.0,0.0,0.0,0.0,0.0,0.0,0.0,0.0,0.0,0.0,0.0,0.0,0.0,0.0,0.0,0.0,0.0,0.0,0.0,0.0,0.0,0.0,0.0,0.0,0.0,0.0,0.0,0.0,0.0,0.0,0.0,0.0,1,Hola,2025-10-17T12:50:00.832429
0.0,0.0,0.0,-0.2463468611240387,-0.18269604444503784,-0.0962737649679184,-0.4508296251296997,-0.5245419144630432,-0.13535772264003754,-0.5960163474082947,-0.8008474707603455,-0.16778619587421417,-0.7517126202583313,-0.9567038416862488,-0.20120477676391602,-0.28649041056632996,-0.935997724533081,-0.07645086199045181,-0.3867502808570862,-1.3104760646820068,-0.1515335887670517,-0.4427904784679413,-1.5417366027832031,-0.2138088196516037,-0.4787692725658417,-1.7573882341384888,-0.26370933651924133,-0.12007877230644226,-0.9880620837211609,-0.09651108086109161,-0.1554313600063324,-1.4101967811584473,-0.16213886439800262,-0.17145712673664093,-1.6870695352554321,-0.2240019589662552,-0.18035955727100372,-1.9312913417816162,-0.27194297313690186,0.0399341955780983,-0.9309964776039124,-0.13148735463619232,0.06729591637849808,-1.318869948387146,-0.21178197860717773,0.09053550660610199,-1.5726174116134644,-0.26318979263305664,0.10591248422861099,-1.8055862188339233,-0.30007532238960266,0.18964749574661255,-0.8029258251190186,-0.1750124841928482,0.2537083923816681,-1.0856807231903076,-0.24734126031398773,0.29497501254081726,-1.2782174348831177,-0.2723453640937805,0.32785671949386597,-1.4691479206085205,-0.2902965247631073,0.0,0.0,0.0,0.0,0.0,0.0,0.0,0.0,0.0,0.0,0.0,0.0,0.0,0.0,0.0,0.0,0.0,0.0,0.0,0.0,0.0,0.0,0.0,0.0,0.0,0.0,0.0,0.0,0.0,0.0,0.0,0.0,0.0,0.0,0.0,0.0,0.0,0.0,0.0,0.0,0.0,0.0,0.0,0.0,0.0,0.0,0.0,0.0,0.0,0.0,0.0,0.0,0.0,0.0,0.0,0.0,0.0,0.0,0.0,0.0,0.0,0.0,0.0,1,Hola,2025-10-17T12:50:00.918051
0.0,0.0,0.0,-0.24390515685081482,-0.18308106064796448,-0.09612561762332916,-0.44867587089538574,-0.5262417793273926,-0.1351385861635208,-0.5949328541755676,-0.8019602298736572,-0.16754783689975739,-0.7517889738082886,-0.9554249048233032,-0.20098426938056946,-0.2869845926761627,-0.9360610842704773,-0.07758884876966476,-0.3882938623428345,-1.3113255500793457,-0.15385231375694275,-0.44455888867378235,-1.5426647663116455,-0.2164708524942398,-0.4794585406780243,-1.7591445446014404,-0.2664468288421631,-0.11985213309526443,-0.9879399538040161,-0.09803155809640884,-0.1572393774986267,-1.4093784093856812,-0.16423994302749634,-0.17375491559505463,-1.6863452196121216,-0.2262924313545227,-0.1827964037656784,-1.9321118593215942,-0.2745555341243744,0.040801484137773514,-0.9313679933547974,-0.13338778913021088,0.06735333055257797,-1.3201346397399902,-0.21437767148017883,0.09049822390079498,-1.5735712051391602,-0.2657286822795868,0.10469283908605576,-1.8071686029434204,-0.30258089303970337,0.19140146672725677,-0.8038797378540039,-0.17729781568050385,0.25491419434547424,-1.0880146026611328,-0.24988217651844025,0.2953759729862213,-1.2819793224334717,-0.27491283416748047,0.3261362612247467,-1.4745820760726929,-0.29306283593177795,0.0,0.0,0.0,0.0,0.0,0.0,0.0,0.0,0.0,0.0,0.0,0.0,0.0,0.0,0.0,0.0,0.0,0.0,0.0,0.0,0.0,0.0,0.0,0.0,0.0,0.0,0.0,0.0,0.0,0.0,0.0,0.0,0.0,0.0,0.0,0.0,0.0,0.0,0.0,0.0,0.0,0.0,0.0,0.0,0.0,0.0,0.0,0.0,0.0,0.0,0.0,0.0,0.0,0.0,0.0,0.0,0.0,0.0,0.0,0.0,0.0,0.0,0.0,1,Hola,2025-10-17T12:50:01.007573
0.0,0.0,0.0,-0.24526408314704895,-0.17667987942695618,-0.09904623031616211,-0.450154185295105,-0.515715479850769,-0.14090684056282043,-0.5959475040435791,-0.7933404445648193,-0.1757478266954422,-0.753576397895813,-0.949893593788147,-0.21211132407188416,-0.28800147771835327,-0.9322155117988586,-0.08529257774353027,-0.39225372672080994,-1.3078863620758057,-0.16432078182697296,-0.449594110250473,-1.5402393341064453,-0.228568896651268,-0.48566168546676636,-1.7581384181976318,-0.27979665994644165,-0.12034062296152115,-0.9871386885643005,-0.10523924231529236,-0.1599789559841156,-1.4116740226745605,-0.17473703622817993,-0.1784171313047409,-1.689608097076416,-0.23861496150493622,-0.1891336739063263,-1.937428593635559,-0.28821489214897156,0.040327686816453934,-0.9311394691467285,-0.13983161747455597,0.06565047800540924,-1.3222483396530151,-0.2231595367193222,0.08771666884422302,-1.576912522315979,-0.2755158841609955,0.10107927024364471,-1.812317967414856,-0.31320932507514954,0.1901875138282776,-0.8039928078651428,-0.1830846220254898,0.251075804233551,-1.087472677230835,-0.2578573524951935,0.28958186507225037,-1.2814315557479858,-0.2840183675289154,0.3188667297363281,-1.4749045372009277,-0.30298206210136414,0.0,0.0,0.0,0.0,0.0,0.0,0.0,0.0,0.0,0.0,0.0,0.0,0.0,0.0,0.0,0.0,0.0,0.0,0.0,0.0,0.0,0.0,0.0,0.0,0.0,0.0,0.0,0.0,0.0,0.0,0.0,0.0,0.0,0.0,0.0,0.0,0.0,0.0,0.0,0.0,0.0,0.0,0.0,0.0,0.0,0.0,0.0,0.0,0.0,0.0,0.0,0.0,0.0,0.0,0.0,0.0,0.0,0.0,0.0,0.0,0.0,0.0,0.0,1,Hola,2025-10-17T12:50:01.097806
0.0,0.0,0.0,-0.24756081402301788,-0.17837178707122803,-0.0965169295668602,-0.45208510756492615,-0.5219336152076721,-0.13689041137695312,-0.599041223526001,-0.7987359166145325,-0.17075540125370026,-0.7590891122817993,-0.9533355236053467,-0.20605552196502686,-0.2895602285861969,-0.9350112676620483,-0.08122672140598297,-0.3928728997707367,-1.309813380241394,-0.1587134599685669,-0.44982096552848816,-1.54136323928833,-0.22195254266262054,-0.48592156171798706,-1.7580749988555908,-0.2725672125816345,-0.12246016412973404,-0.9871471524238586,-0.10268431901931763,-0.1605910360813141,-1.4111732244491577,-0.17079144716262817,-0.17806026339530945,-1.6899105310440063,-0.23394089937210083,-0.18795032799243927,-1.937215805053711,-0.283071368932724,0.038303084671497345,-0.9292860627174377,-0.13888514041900635,0.06329534947872162,-1.3184853792190552,-0.22167983651161194,0.08493155241012573,-1.5718752145767212,-0.2741529941558838,0.09862563014030457,-1.8062537908554077,-0.3118616044521332,0.1889011710882187,-0.8007251024246216,-0.1835213005542755,0.25265443325042725,-1.0860849618911743,-0.25817006826400757,0.29373061656951904,-1.2802844047546387,-0.2845400869846344,0.3251906931400299,-1.4742966890335083,-0.30363360047340393,0.0,0.0,0.0,0.0,0.0,0.0,0.0,0.0,0.0,0.0,0.0,0.0,0.0,0.0,0.0,0.0,0.0,0.0,0.0,0.0,0.0,0.0,0.0,0.0,0.0,0.0,0.0,0.0,0.0,0.0,0.0,0.0,0.0,0.0,0.0,0.0,0.0,0.0,0.0,0.0,0.0,0.0,0.0,0.0,0.0,0.0,0.0,0.0,0.0,0.0,0.0,0.0,0.0,0.0,0.0,0.0,0.0,0.0,0.0,0.0,0.0,0.0,0.0,1,Hola,2025-10-17T12:50:01.187964
0.0,0.0,0.0,-0.2497500628232956,-0.1808631420135498,-0.09653566777706146,-0.45788243412971497,-0.5241491794586182,-0.13596558570861816,-0.6029878854751587,-0.8051908612251282,-0.1686384677886963,-0.7621159553527832,-0.9603682160377502,-0.2025778740644455,-0.2882764935493469,-0.9373884201049805,-0.08102342486381531,-0.3947189450263977,-1.3118757009506226,-0.1572198122739792,-0.4527866840362549,-1.541401982307434,-0.21990004181861877,-0.49008288979530334,-1.7564855813980103,-0.26983407139778137,-0.12098032981157303,-0.9874178767204285,-0.10183173418045044,-0.15758956968784332,-1.4132130146026611,-0.16754838824272156,-0.17451457679271698,-1.6923282146453857,-0.22863613069057465,-0.18490372598171234,-1.9382386207580566,-0.276447057723999,0.039763469249010086,-0.9320478439331055,-0.13765326142311096,0.06783323734998703,-1.3196817636489868,-0.21750245988368988,0.08786299079656601,-1.5724459886550903,-0.2686738669872284,0.09842754900455475,-1.8039240837097168,-0.3056633472442627,0.19093279540538788,-0.8074617385864258,-0.18215923011302948,0.2524358630180359,-1.095505714416504,-0.2534981369972229,0.29317328333854675,-1.2888745069503784,-0.2783367335796356,0.32422539591789246,-1.4797227382659912,-0.29668137431144714,0.0,0.0,0.0,0.0,0.0,0.0,0.0,0.0,0.0,0.0,0.0,0.0,0.0,0.0,0.0,0.0,0.0,0.0,0.0,0.0,0.0,0.0,0.0,0.0,0.0,0.0,0.0,0.0,0.0,0.0,0.0,0.0,0.0,0.0,0.0,0.0,0.0,0.0,0.0,0.0,0.0,0.0,0.0,0.0,0.0,0.0,0.0,0.0,0.0,0.0,0.0,0.0,0.0,0.0,0.0,0.0,0.0,0.0,0.0,0.0,0.0,0.0,0.0,1,Hola,2025-10-17T12:50:01.274783
0.0,0.0,0.0,-0.24612641334533691,-0.18376071751117706,-0.09580822288990021,-0.4500284194946289,-0.5295436978340149,-0.13425706326961517,-0.5955048203468323,-0.8082315325737,-0.16636428236961365,-0.7532708644866943,-0.9638979434967041,-0.19954225420951843,-0.28133296966552734,-0.9378141760826111,-0.07487072050571442,-0.3840254843235016,-1.310624361038208,-0.15005488693714142,-0.440758615732193,-1.5395655632019043,-0.2123035192489624,-0.47669121623039246,-1.753597378730774,-0.26217395067214966,-0.11590705811977386,-0.9886446595191956,-0.09564108401536942,-0.15259362757205963,-1.4111155271530151,-0.1616813838481903,-0.16930729150772095,-1.6889960765838623,-0.22368735074996948,-0.17872337996959686,-1.9338618516921997,-0.2719336748123169,0.043039821088314056,-0.9325615763664246,-0.1316978633403778,0.07095871865749359,-1.3222389221191406,-0.21325741708278656,0.09155891835689545,-1.5760620832443237,-0.2661522924900055,0.10400252789258957,-1.808066725730896,-0.30401483178138733,0.19185900688171387,-0.8064479231834412,-0.17621581256389618,0.25773075222969055,-1.0909450054168701,-0.24947990477085114,0.3005710244178772,-1.284127950668335,-0.27605554461479187,0.3339865207672119,-1.4746049642562866,-0.2954254150390625,0.0,0.0,0.0,0.0,0.0,0.0,0.0,0.0,0.0,0.0,0.0,0.0,0.0,0.0,0.0,0.0,0.0,0.0,0.0,0.0,0.0,0.0,0.0,0.0,0.0,0.0,0.0,0.0,0.0,0.0,0.0,0.0,0.0,0.0,0.0,0.0,0.0,0.0,0.0,0.0,0.0,0.0,0.0,0.0,0.0,0.0,0.0,0.0,0.0,0.0,0.0,0.0,0.0,0.0,0.0,0.0,0.0,0.0,0.0,0.0,0.0,0.0,0.0,1,Hola,2025-10-17T12:50:01.360495
0.0,0.0,0.0,-0.24859172105789185,-0.1842809021472931,-0.09771882742643356,-0.45502814650535583,-0.5289579629898071,-0.13761109113693237,-0.6010825037956238,-0.8082195520401001,-0.17092661559581757,-0.7584083080291748,-0.9653052687644958,-0.20528672635555267,-0.2835758626461029,-0.9369791150093079,-0.0784754529595375,-0.387764036655426,-1.3109760284423828,-0.1561059057712555,-0.4456731677055359,-1.5418959856033325,-0.22005914151668549,-0.482665091753006,-1.7580265998840332,-0.2709946930408478,-0.11802274733781815,-0.9880495071411133,-0.09914015978574753,-0.15397357940673828,-1.4111361503601074,-0.16727477312088013,-0.17054396867752075,-1.6901414394378662,-0.22988349199295044,-0.17994511127471924,-1.9364609718322754,-0.2784324884414673,0.040925078094005585,-0.9319459795951843,-0.13535287976264954,0.06787964701652527,-1.3231141567230225,-0.21817749738693237,0.0892959013581276,-1.5772809982299805,-0.2710924446582794,0.10299380868673325,-1.8093739748001099,-0.308826208114624,0.19024434685707092,-0.8052989840507507,-0.18033970892429352,0.25660720467567444,-1.0894434452056885,-0.25444620847702026,0.2998165190219879,-1.2826011180877686,-0.2814094126224518,0.3339228630065918,-1.4728822708129883,-0.30094113945961,0.0,0.0,0.0,0.0,0.0,0.0,0.0,0.0,0.0,0.0,0.0,0.0,0.0,0.0,0.0,0.0,0.0,0.0,0.0,0.0,0.0,0.0,0.0,0.0,0.0,0.0,0.0,0.0,0.0,0.0,0.0,0.0,0.0,0.0,0.0,0.0,0.0,0.0,0.0,0.0,0.0,0.0,0.0,0.0,0.0,0.0,0.0,0.0,0.0,0.0,0.0,0.0,0.0,0.0,0.0,0.0,0.0,0.0,0.0,0.0,0.0,0.0,0.0,1,Hola,2025-10-17T12:50:01.443119
0.0,0.0,0.0,-0.2443738877773285,-0.1845068782567978,-0.09733398258686066,-0.44725748896598816,-0.5294747948646545,-0.13612724840641022,-0.5925443172454834,-0.807203471660614,-0.16785983741283417,-0.7484182119369507,-0.9591426849365234,-0.20044927299022675,-0.2831979990005493,-0.9387180209159851,-0.07735595852136612,-0.3820682168006897,-1.3137556314468384,-0.1525351107120514,-0.43790990114212036,-1.5457940101623535,-0.21463803946971893,-0.4734821617603302,-1.7619874477386475,-0.26431044936180115,-0.11691915988922119,-0.9884450435638428,-0.0964694395661354,-0.14925020933151245,-1.4100148677825928,-0.16106770932674408,-0.16395173966884613,-1.686273217201233,-0.221782386302948,-0.17213472723960876,-1.9300544261932373,-0.26913726329803467,0.04274531826376915,-0.9311054348945618,-0.1306883990764618,0.0721830353140831,-1.3179165124893188,-0.20975947380065918,0.09620151668787003,-1.5715882778167725,-0.260348379611969,0.11209027469158173,-1.8041414022445679,-0.29680997133255005,0.19186128675937653,-0.8035521507263184,-0.17374387383460999,0.2574152648448944,-1.0858925580978394,-0.24477754533290863,0.2996896505355835,-1.2795157432556152,-0.2695810794830322,0.33362510800361633,-1.4710420370101929,-0.2876453399658203,0.0,0.0,0.0,0.0,0.0,0.0,0.0,0.0,0.0,0.0,0.0,0.0,0.0,0.0,0.0,0.0,0.0,0.0,0.0,0.0,0.0,0.0,0.0,0.0,0.0,0.0,0.0,0.0,0.0,0.0,0.0,0.0,0.0,0.0,0.0,0.0,0.0,0.0,0.0,0.0,0.0,0.0,0.0,0.0,0.0,0.0,0.0,0.0,0.0,0.0,0.0,0.0,0.0,0.0,0.0,0.0,0.0,0.0,0.0,0.0,0.0,0.0,0.0,1,Hola,2025-10-17T12:50:01.533153
0.0,0.0,0.0,-0.25037845969200134,-0.17597952485084534,-0.09783191978931427,-0.46038636565208435,-0.5211146473884583,-0.13772112131118774,-0.6082342863082886,-0.7976493835449219,-0.17106308043003082,-0.7654322385787964,-0.9478726983070374,-0.20549122989177704,-0.3016461730003357,-0.9290319085121155,-0.07853259146213531,-0.4084334969520569,-1.3041722774505615,-0.1541677713394165,-0.46390101313591003,-1.534528136253357,-0.21623806655406952,-0.49958476424217224,-1.7490859031677246,-0.2656651735305786,-0.13231587409973145,-0.9864571690559387,-0.09692631661891937,-0.17165720462799072,-1.413305401802063,-0.16270342469215393,-0.19111305475234985,-1.6907103061676025,-0.22475764155387878,-0.20298083126544952,-1.9403471946716309,-0.27297037839889526,0.02959703467786312,-0.9335054755210876,-0.13006293773651123,0.05534464493393898,-1.324713945388794,-0.2082449346780777,0.07856546342372894,-1.578621506690979,-0.258989155292511,0.09273254126310349,-1.81084406375885,-0.2956137955188751,0.1821354329586029,-0.8108275532722473,-0.17206674814224243,0.2427852302789688,-1.0949448347091675,-0.24033330380916595,0.2798837423324585,-1.2895264625549316,-0.2643306851387024,0.3075052797794342,-1.4818552732467651,-0.2823610305786133,0.0,0.0,0.0,0.0,0.0,0.0,0.0,0.0,0.0,0.0,0.0,0.0,0.0,0.0,0.0,0.0,0.0,0.0,0.0,0.0,0.0,0.0,0.0,0.0,0.0,0.0,0.0,0.0,0.0,0.0,0.0,0.0,0.0,0.0,0.0,0.0,0.0,0.0,0.0,0.0,0.0,0.0,0.0,0.0,0.0,0.0,0.0,0.0,0.0,0.0,0.0,0.0,0.0,0.0,0.0,0.0,0.0,0.0,0.0,0.0,0.0,0.0,0.0,1,Hola,2025-10-17T12:50:01.624328
0.0,0.0,0.0,-0.24932700395584106,-0.16834476590156555,-0.10597378015518188,-0.46015891432762146,-0.5142166018486023,-0.14703324437141418,-0.609597384929657,-0.7960686683654785,-0.17966340482234955,-0.7707355618476868,-0.9463925957679749,-0.2130361795425415,-0.2989087998867035,-0.9290112853050232,-0.08492818474769592,-0.4072195291519165,-1.3029097318649292,-0.16138017177581787,-0.4657582640647888,-1.533921241760254,-0.22345320880413055,-0.5030921101570129,-1.7503410577774048,-0.27329298853874207,-0.13070684671401978,-0.9863802790641785,-0.09984815865755081,-0.1728413701057434,-1.4117002487182617,-0.16613700985908508,-0.193324476480484,-1.6879230737686157,-0.2276868373155594,-0.20530158281326294,-1.9341912269592285,-0.2759574055671692,0.029600946232676506,-0.9336931705474854,-0.1304149478673935,0.052592337131500244,-1.322332501411438,-0.21118848025798798,0.07167354971170425,-1.5762313604354858,-0.26206260919570923,0.08330295979976654,-1.8095932006835938,-0.2987947463989258,0.17973202466964722,-0.8113736510276794,-0.1705918163061142,0.23768065869808197,-1.0948151350021362,-0.2432304322719574,0.2734113931655884,-1.2911241054534912,-0.269603431224823,0.3003405034542084,-1.487385630607605,-0.2890937328338623,0.0,0.0,0.0,0.0,0.0,0.0,0.0,0.0,0.0,0.0,0.0,0.0,0.0,0.0,0.0,0.0,0.0,0.0,0.0,0.0,0.0,0.0,0.0,0.0,0.0,0.0,0.0,0.0,0.0,0.0,0.0,0.0,0.0,0.0,0.0,0.0,0.0,0.0,0.0,0.0,0.0,0.0,0.0,0.0,0.0,0.0,0.0,0.0,0.0,0.0,0.0,0.0,0.0,0.0,0.0,0.0,0.0,0.0,0.0,0.0,0.0,0.0,0.0,1,Hola,2025-10-17T12:50:01.714231
0.0,0.0,0.0,-0.24702292680740356,-0.17595461010932922,-0.09925930202007294,-0.45556890964508057,-0.5163770914077759,-0.13877463340759277,-0.6050950884819031,-0.7929983735084534,-0.17106586694717407,-0.7635190486907959,-0.9457879066467285,-0.20388342440128326,-0.29467710852622986,-0.930153489112854,-0.07644578814506531,-0.4025469720363617,-1.3024070262908936,-0.15199530124664307,-0.46195536851882935,-1.531398892402649,-0.2142491638660431,-0.5003000497817993,-1.7464553117752075,-0.26428884267807007,-0.13016068935394287,-0.9869689345359802,-0.09460725635290146,-0.17200064659118652,-1.407647728919983,-0.1596258580684662,-0.19200722873210907,-1.6824442148208618,-0.2201145738363266,-0.20472514629364014,-1.9246524572372437,-0.26751822233200073,0.029191365465521812,-0.9345195889472961,-0.12845639884471893,0.050248511135578156,-1.320615530014038,-0.20797371864318848,0.06903412938117981,-1.5725265741348267,-0.2579965889453888,0.08030670881271362,-1.803671956062317,-0.2943134903907776,0.1794896423816681,-0.811572790145874,-0.17143109440803528,0.2381630837917328,-1.09349524974823,-0.24307535588741302,0.275735080242157,-1.2865660190582275,-0.26832282543182373,0.30455392599105835,-1.4784106016159058,-0.2869775593280792,0.0,0.0,0.0,0.0,0.0,0.0,0.0,0.0,0.0,0.0,0.0,0.0,0.0,0.0,0.0,0.0,0.0,0.0,0.0,0.0,0.0,0.0,0.0,0.0,0.0,0.0,0.0,0.0,0.0,0.0,0.0,0.0,0.0,0.0,0.0,0.0,0.0,0.0,0.0,0.0,0.0,0.0,0.0,0.0,0.0,0.0,0.0,0.0,0.0,0.0,0.0,0.0,0.0,0.0,0.0,0.0,0.0,0.0,0.0,0.0,0.0,0.0,0.0,1,Hola,2025-10-17T12:50:01.800875
0.0,0.0,0.0,-0.2484513223171234,-0.17868533730506897,-0.09050813317298889,-0.4555715322494507,-0.5231525301933289,-0.12697702646255493,-0.6018301248550415,-0.8002973794937134,-0.1578197032213211,-0.7609399557113647,-0.9514535069465637,-0.19025270640850067,-0.2905481159687042,-0.9332374334335327,-0.07414693385362625,-0.39882564544677734,-1.306258201599121,-0.1481250822544098,-0.459327757358551,-1.5349202156066895,-0.20938768982887268,-0.4985896944999695,-1.7490369081497192,-0.25880488753318787,-0.1252971738576889,-0.9873441457748413,-0.09722200781106949,-0.17109601199626923,-1.4107394218444824,-0.16134771704673767,-0.1923716962337494,-1.687991976737976,-0.22197124361991882,-0.2055748850107193,-1.931456446647644,-0.2696794867515564,0.035405803471803665,-0.9340289235115051,-0.13472869992256165,0.05459706485271454,-1.326263666152954,-0.2134031504392624,0.07296281307935715,-1.5800611972808838,-0.26418930292129517,0.08410639315843582,-1.8123337030410767,-0.30147087574005127,0.1860138475894928,-0.810623288154602,-0.18034297227859497,0.24497555196285248,-1.0972740650177002,-0.2513439357280731,0.28499647974967957,-1.292083978652954,-0.27625173330307007,0.3170742988586426,-1.484609603881836,-0.2949138283729553,0.0,0.0,0.0,0.0,0.0,0.0,0.0,0.0,0.0,0.0,0.0,0.0,0.0,0.0,0.0,0.0,0.0,0.0,0.0,0.0,0.0,0.0,0.0,0.0,0.0,0.0,0.0,0.0,0.0,0.0,0.0,0.0,0.0,0.0,0.0,0.0,0.0,0.0,0.0,0.0,0.0,0.0,0.0,0.0,0.0,0.0,0.0,0.0,0.0,0.0,0.0,0.0,0.0,0.0,0.0,0.0,0.0,0.0,0.0,0.0,0.0,0.0,0.0,1,Hola,2025-10-17T12:50:01.889802
0.0,0.0,0.0,-0.246432825922966,-0.17724981904029846,-0.09196920692920685,-0.4525168538093567,-0.5223726630210876,-0.12920649349689484,-0.5986961126327515,-0.797442615032196,-0.16052547097206116,-0.7566461563110352,-0.9486786723136902,-0.19358225166797638,-0.2909305691719055,-0.9327954053878784,-0.0759940892457962,-0.39828601479530334,-1.3042676448822021,-0.15172098577022552,-0.457902729511261,-1.533185601234436,-0.21382811665534973,-0.49592599272727966,-1.7485365867614746,-0.2636943459510803,-0.12514206767082214,-0.9872391819953918,-0.09847922623157501,-0.16703517735004425,-1.4128273725509644,-0.16358475387096405,-0.18677276372909546,-1.689122200012207,-0.22385986149311066,-0.19887666404247284,-1.93172025680542,-0.2710290849208832,0.03539885953068733,-0.9320498108863831,-0.1355883628129959,0.05693763494491577,-1.32392156124115,-0.2146308422088623,0.07619243115186691,-1.5772502422332764,-0.26409921050071716,0.08831383287906647,-1.809540867805481,-0.3002542555332184,0.18592484295368195,-0.8061420917510986,-0.18105772137641907,0.24559448659420013,-1.093539834022522,-0.2516374886035919,0.28471842408180237,-1.2890383005142212,-0.2755715847015381,0.3147951364517212,-1.4828166961669922,-0.29361242055892944,0.0,0.0,0.0,0.0,0.0,0.0,0.0,0.0,0.0,0.0,0.0,0.0,0.0,0.0,0.0,0.0,0.0,0.0,0.0,0.0,0.0,0.0,0.0,0.0,0.0,0.0,0.0,0.0,0.0,0.0,0.0,0.0,0.0,0.0,0.0,0.0,0.0,0.0,0.0,0.0,0.0,0.0,0.0,0.0,0.0,0.0,0.0,0.0,0.0,0.0,0.0,0.0,0.0,0.0,0.0,0.0,0.0,0.0,0.0,0.0,0.0,0.0,0.0,1,Hola,2025-10-17T12:50:01.980991
0.0,0.0,0.0,-0.24842822551727295,-0.17360912263393402,-0.09654422104358673,-0.4545295238494873,-0.5157617926597595,-0.13672852516174316,-0.6011788249015808,-0.7942171096801758,-0.1702297478914261,-0.7612751722335815,-0.9494538903236389,-0.20504653453826904,-0.29273855686187744,-0.9301331639289856,-0.08071216195821762,-0.40165072679519653,-1.3028714656829834,-0.1576896607875824,-0.46224045753479004,-1.5323843955993652,-0.22065085172653198,-0.5013437271118164,-1.748659372329712,-0.27143290638923645,-0.12751662731170654,-0.9866039156913757,-0.10174548625946045,-0.1717163324356079,-1.410414695739746,-0.16873866319656372,-0.19233004748821259,-1.6861857175827026,-0.23051537573337555,-0.2049100697040558,-1.9293615818023682,-0.2790004014968872,0.03283018246293068,-0.932614803314209,-0.13766445219516754,0.05279773473739624,-1.3239248991012573,-0.21905440092086792,0.07223305106163025,-1.5766857862472534,-0.26999393105506897,0.08453801274299622,-1.8097691535949707,-0.30719849467277527,0.18326672911643982,-0.8076852560043335,-0.1822260618209839,0.2423536628484726,-1.093499779701233,-0.2557194232940674,0.28133606910705566,-1.2882418632507324,-0.28166404366493225,0.31159570813179016,-1.4822503328323364,-0.30092304944992065,0.0,0.0,0.0,0.0,0.0,0.0,0.0,0.0,0.0,0.0,0.0,0.0,0.0,0.0,0.0,0.0,0.0,0.0,0.0,0.0,0.0,0.0,0.0,0.0,0.0,0.0,0.0,0.0,0.0,0.0,0.0,0.0,0.0,0.0,0.0,0.0,0.0,0.0,0.0,0.0,0.0,0.0,0.0,0.0,0.0,0.0,0.0,0.0,0.0,0.0,0.0,0.0,0.0,0.0,0.0,0.0,0.0,0.0,0.0,0.0,0.0,0.0,0.0,1,Hola,2025-10-17T12:50:02.068838
0.0,0.0,0.0,-0.24565383791923523,-0.17400360107421875,-0.09238258004188538,-0.4506799280643463,-0.5183610916137695,-0.12908947467803955,-0.5985073447227478,-0.7913640141487122,-0.15979203581809998,-0.7575063109397888,-0.9417881965637207,-0.191950261592865,-0.2925683557987213,-0.9300147294998169,-0.07194381952285767,-0.3987463414669037,-1.2978020906448364,-0.14583609998226166,-0.4579049348831177,-1.5252001285552979,-0.2072916328907013,-0.49577173590660095,-1.7396254539489746,-0.2570265829563141,-0.1275271326303482,-0.9874131679534912,-0.09355216473340988,-0.16942434012889862,-1.4082378149032593,-0.15684451162815094,-0.18903809785842896,-1.682011604309082,-0.21706432104110718,-0.20101451873779297,-1.923929214477539,-0.2644105553627014,0.03262023255228996,-0.9342870116233826,-0.1299438327550888,0.05431243032217026,-1.3207066059112549,-0.20745183527469635,0.07412996143102646,-1.571876049041748,-0.2569161653518677,0.08609571307897568,-1.804161548614502,-0.29339632391929626,0.1820930391550064,-0.8095802068710327,-0.17476189136505127,0.24071745574474335,-1.092775821685791,-0.24366286396980286,0.2795369029045105,-1.2850143909454346,-0.2666972279548645,0.3094143867492676,-1.4771084785461426,-0.28435733914375305,0.0,0.0,0.0,0.0,0.0,0.0,0.0,0.0,0.0,0.0,0.0,0.0,0.0,0.0,0.0,0.0,0.0,0.0,0.0,0.0,0.0,0.0,0.0,0.0,0.0,0.0,0.0,0.0,0.0,0.0,0.0,0.0,0.0,0.0,0.0,0.0,0.0,0.0,0.0,0.0,0.0,0.0,0.0,0.0,0.0,0.0,0.0,0.0,0.0,0.0,0.0,0.0,0.0,0.0,0.0,0.0,0.0,0.0,0.0,0.0,0.0,0.0,0.0,1,Hola,2025-10-17T12:50:02.155357
0.0,0.0,0.0,-0.2479090690612793,-0.17262227833271027,-0.09263744205236435,-0.45533305406570435,-0.5104964375495911,-0.1302196979522705,-0.6021458506584167,-0.7798454761505127,-0.16221830248832703,-0.7575958371162415,-0.9347802400588989,-0.19566376507282257,-0.29756706953048706,-0.9264008402824402,-0.072332002222538,-0.4085713028907776,-1.2933244705200195,-0.1484648585319519,-0.46849003434181213,-1.52134370803833,-0.21134202182292938,-0.505944550037384,-1.7356271743774414,-0.2615028917789459,-0.13167548179626465,-0.9867990612983704,-0.09428203105926514,-0.17753805220127106,-1.4097806215286255,-0.1597096472978592,-0.1999216377735138,-1.6848726272583008,-0.22118297219276428,-0.2135058045387268,-1.9264118671417236,-0.26897746324539185,0.028610913082957268,-0.9359045028686523,-0.13121187686920166,0.04799458011984825,-1.3260586261749268,-0.20957216620445251,0.06553420424461365,-1.5786023139953613,-0.2594618797302246,0.07573029398918152,-1.808927297592163,-0.29598021507263184,0.17860530316829681,-0.8121402263641357,-0.1767045110464096,0.23472346365451813,-1.0936529636383057,-0.2460583597421646,0.27100053429603577,-1.2866166830062866,-0.2695566415786743,0.2982639968395233,-1.4775325059890747,-0.28724557161331177,0.0,0.0,0.0,0.0,0.0,0.0,0.0,0.0,0.0,0.0,0.0,0.0,0.0,0.0,0.0,0.0,0.0,0.0,0.0,0.0,0.0,0.0,0.0,0.0,0.0,0.0,0.0,0.0,0.0,0.0,0.0,0.0,0.0,0.0,0.0,0.0,0.0,0.0,0.0,0.0,0.0,0.0,0.0,0.0,0.0,0.0,0.0,0.0,0.0,0.0,0.0,0.0,0.0,0.0,0.0,0.0,0.0,0.0,0.0,0.0,0.0,0.0,0.0,1,Hola,2025-10-17T12:50:02.246594
0.0,0.0,0.0,-0.2485777735710144,-0.17467805743217468,-0.09438799321651459,-0.45774045586586,-0.5153526663780212,-0.13205474615097046,-0.6068885922431946,-0.7900940179824829,-0.1636030077934265,-0.7663474082946777,-0.9427197575569153,-0.19632677733898163,-0.296801894903183,-0.9282241463661194,-0.07277896255254745,-0.4073575735092163,-1.2955693006515503,-0.1481625735759735,-0.4689270257949829,-1.52272629737854,-0.2107013761997223,-0.5086952447891235,-1.73759126663208,-0.26109543442726135,-0.13214437663555145,-0.986797571182251,-0.0936397835612297,-0.1769229769706726,-1.4071766138076782,-0.15842896699905396,-0.19826863706111908,-1.6815606355667114,-0.2188316434621811,-0.21164600551128387,-1.9233450889587402,-0.2663438320159912,0.027989497408270836,-0.9352724552154541,-0.12986330687999725,0.0460946299135685,-1.3222107887268066,-0.20871645212173462,0.06376916915178299,-1.5739489793777466,-0.2583823502063751,0.07431123405694962,-1.8049635887145996,-0.29486364126205444,0.17890989780426025,-0.8121654987335205,-0.17486751079559326,0.23649044334888458,-1.096132755279541,-0.2448500543832779,0.2749004065990448,-1.2887282371520996,-0.2689245343208313,0.3043577969074249,-1.4800055027008057,-0.287328839302063,0.0,0.0,0.0,0.0,0.0,0.0,0.0,0.0,0.0,0.0,0.0,0.0,0.0,0.0,0.0,0.0,0.0,0.0,0.0,0.0,0.0,0.0,0.0,0.0,0.0,0.0,0.0,0.0,0.0,0.0,0.0,0.0,0.0,0.0,0.0,0.0,0.0,0.0,0.0,0.0,0.0,0.0,0.0,0.0,0.0,0.0,0.0,0.0,0.0,0.0,0.0,0.0,0.0,0.0,0.0,0.0,0.0,0.0,0.0,0.0,0.0,0.0,0.0,1,Hola,2025-10-17T12:50:02.335169
0.0,0.0,0.0,-0.2505086064338684,-0.17503418028354645,-0.09105927497148514,-0.4586387574672699,-0.5178683400154114,-0.12674881517887115,-0.6051172018051147,-0.7944681644439697,-0.15692481398582458,-0.7644241452217102,-0.9468172788619995,-0.18864591419696808,-0.2929990291595459,-0.9307063817977905,-0.07148786634206772,-0.4042512774467468,-1.3007410764694214,-0.1451525092124939,-0.46549591422080994,-1.5283631086349487,-0.20639128983020782,-0.5047133564949036,-1.7425051927566528,-0.25571441650390625,-0.12742336094379425,-0.987395703792572,-0.09387770295143127,-0.1726810783147812,-1.4097740650177002,-0.15733063220977783,-0.19348850846290588,-1.6876150369644165,-0.21771949529647827,-0.20577754080295563,-1.9319130182266235,-0.2654287815093994,0.03322259709239006,-0.9364656805992126,-0.13118116557598114,0.05466862767934799,-1.323667287826538,-0.20926764607429504,0.07220546156167984,-1.575825810432434,-0.26025038957595825,0.08160330355167389,-1.8061597347259521,-0.29767435789108276,0.18421542644500732,-0.8156272172927856,-0.17677293717861176,0.2441098839044571,-1.1011693477630615,-0.24610455334186554,0.2831861972808838,-1.2941083908081055,-0.27056995034217834,0.3127398192882538,-1.4849441051483154,-0.2893185615539551,0.0,0.0,0.0,0.0,0.0,0.0,0.0,0.0,0.0,0.0,0.0,0.0,0.0,0.0,0.0,0.0,0.0,0.0,0.0,0.0,0.0,0.0,0.0,0.0,0.0,0.0,0.0,0.0,0.0,0.0,0.0,0.0,0.0,0.0,0.0,0.0,0.0,0.0,0.0,0.0,0.0,0.0,0.0,0.0,0.0,0.0,0.0,0.0,0.0,0.0,0.0,0.0,0.0,0.0,0.0,0.0,0.0,0.0,0.0,0.0,0.0,0.0,0.0,1,Hola,2025-10-17T12:50:02.424507
0.0,0.0,0.0,-0.25005650520324707,-0.17539265751838684,-0.09241504222154617,-0.45702728629112244,-0.5135059356689453,-0.1294078230857849,-0.6020635962486267,-0.7851606011390686,-0.16114288568496704,-0.7552052736282349,-0.9416330456733704,-0.19414404034614563,-0.29684677720069885,-0.9281541705131531,-0.06779680401086807,-0.40544259548187256,-1.2936019897460938,-0.1439056247472763,-0.46307632327079773,-1.5214440822601318,-0.2075178325176239,-0.49950456619262695,-1.7342522144317627,-0.2579807639122009,-0.12851203978061676,-0.9876222014427185,-0.08992826193571091,-0.16953952610492706,-1.409981608390808,-0.15536117553710938,-0.19137230515480042,-1.6850138902664185,-0.21820078790187836,-0.20586757361888885,-1.9277352094650269,-0.2666166424751282,0.032550521194934845,-0.9357931613922119,-0.12723609805107117,0.054304592311382294,-1.3227757215499878,-0.20565372705459595,0.07213784009218216,-1.5746484994888306,-0.2557620704174042,0.08171013742685318,-1.8050448894500732,-0.2920543849468231,0.18200890719890594,-0.8106130957603455,-0.17313973605632782,0.24089324474334717,-1.0904072523117065,-0.24173270165920258,0.27851879596710205,-1.2814149856567383,-0.2641041874885559,0.3062179386615753,-1.4704344272613525,-0.2807605266571045,0.0,0.0,0.0,0.0,0.0,0.0,0.0,0.0,0.0,0.0,0.0,0.0,0.0,0.0,0.0,0.0,0.0,0.0,0.0,0.0,0.0,0.0,0.0,0.0,0.0,0.0,0.0,0.0,0.0,0.0,0.0,0.0,0.0,0.0,0.0,0.0,0.0,0.0,0.0,0.0,0.0,0.0,0.0,0.0,0.0,0.0,0.0,0.0,0.0,0.0,0.0,0.0,0.0,0.0,0.0,0.0,0.0,0.0,0.0,0.0,0.0,0.0,0.0,1,Hola,2025-10-17T12:50:02.517143
0.0,0.0,0.0,-0.24838677048683167,-0.1747903823852539,-0.09158716350793839,-0.45618075132369995,-0.5189192295074463,-0.12599550187587738,-0.6016066074371338,-0.7921922206878662,-0.15488781034946442,-0.7571190595626831,-0.94222092628479,-0.18502560257911682,-0.2963961064815521,-0.929718554019928,-0.0661388486623764,-0.4031664729118347,-1.293992519378662,-0.13963866233825684,-0.4630677103996277,-1.5215437412261963,-0.201654314994812,-0.5009787082672119,-1.7352066040039062,-0.25177162885665894,-0.13108263909816742,-0.9874807000160217,-0.08774551749229431,-0.17203493416309357,-1.4043083190917969,-0.1501748263835907,-0.19041010737419128,-1.6784635782241821,-0.2103586196899414,-0.199998140335083,-1.920340895652771,-0.2578034996986389,0.029324321076273918,-0.9354086518287659,-0.12469903379678726,0.0494864396750927,-1.3188514709472656,-0.20120809972286224,0.0688466727733612,-1.5685051679611206,-0.25016188621520996,0.08144140243530273,-1.7990059852600098,-0.28648102283477783,0.1806960105895996,-0.8104774951934814,-0.17041797935962677,0.23962190747261047,-1.0907447338104248,-0.2386840283870697,0.2777271568775177,-1.2812507152557373,-0.26162514090538025,0.30682721734046936,-1.471666693687439,-0.2793431878089905,0.0,0.0,0.0,0.0,0.0,0.0,0.0,0.0,0.0,0.0,0.0,0.0,0.0,0.0,0.0,0.0,0.0,0.0,0.0,0.0,0.0,0.0,0.0,0.0,0.0,0.0,0.0,0.0,0.0,0.0,0.0,0.0,0.0,0.0,0.0,0.0,0.0,0.0,0.0,0.0,0.0,0.0,0.0,0.0,0.0,0.0,0.0,0.0,0.0,0.0,0.0,0.0,0.0,0.0,0.0,0.0,0.0,0.0,0.0,0.0,0.0,0.0,0.0,1,Hola,2025-10-17T12:50:02.608322
0.0,0.0,0.0,-0.24877189099788666,-0.1757631152868271,-0.0927080363035202,-0.45334556698799133,-0.5191677212715149,-0.12967516481876373,-0.5984159111976624,-0.7953699231147766,-0.16082987189292908,-0.7573731541633606,-0.946231484413147,-0.1935988962650299,-0.29525819420814514,-0.9302687644958496,-0.07336211949586868,-0.4017571806907654,-1.300781488418579,-0.1488029509782791,-0.462336927652359,-1.529725432395935,-0.21106046438217163,-0.501659095287323,-1.7449816465377808,-0.2611859142780304,-0.12934023141860962,-0.9870259761810303,-0.09513595700263977,-0.17192429304122925,-1.4116214513778687,-0.15942570567131042,-0.1914864331483841,-1.688493013381958,-0.21980290114879608,-0.20314818620681763,-1.9320180416107178,-0.2674354612827301,0.03183034434914589,-0.9339365363121033,-0.13186760246753693,0.050839658826589584,-1.3239424228668213,-0.2097868174314499,0.07060860097408295,-1.5760389566421509,-0.2590670883655548,0.08295828104019165,-1.8082324266433716,-0.29561808705329895,0.18307414650917053,-0.8093307614326477,-0.17727716267108917,0.24123160541057587,-1.0935970544815063,-0.24686013162136078,0.27926328778266907,-1.2873730659484863,-0.2707645297050476,0.3086871802806854,-1.480617642402649,-0.28917843103408813,0.0,0.0,0.0,0.0,0.0,0.0,0.0,0.0,0.0,0.0,0.0,0.0,0.0,0.0,0.0,0.0,0.0,0.0,0.0,0.0,0.0,0.0,0.0,0.0,0.0,0.0,0.0,0.0,0.0,0.0,0.0,0.0,0.0,0.0,0.0,0.0,0.0,0.0,0.0,0.0,0.0,0.0,0.0,0.0,0.0,0.0,0.0,0.0,0.0,0.0,0.0,0.0,0.0,0.0,0.0,0.0,0.0,0.0,0.0,0.0,0.0,0.0,0.0,1,Hola,2025-10-17T12:50:02.715093
0.0,0.0,0.0,-0.2468688040971756,-0.17704230546951294,-0.08941948413848877,-0.45385345816612244,-0.5192952156066895,-0.12558495998382568,-0.600210964679718,-0.7936045527458191,-0.15643265843391418,-0.7581486105918884,-0.9459982514381409,-0.18881353735923767,-0.29407745599746704,-0.9288790822029114,-0.07178424298763275,-0.402902752161026,-1.297812581062317,-0.14583173394203186,-0.4641662836074829,-1.5250152349472046,-0.20721282064914703,-0.5044674873352051,-1.7388300895690918,-0.25682520866394043,-0.13007406890392303,-0.9869484901428223,-0.09493931382894516,-0.1730855405330658,-1.4100462198257446,-0.1580103486776352,-0.19342052936553955,-1.6849182844161987,-0.21730609238147736,-0.20634964108467102,-1.925571084022522,-0.26412805914878845,0.030026329681277275,-0.9345471262931824,-0.13259102404117584,0.049633659422397614,-1.32510244846344,-0.20870712399482727,0.0699128583073616,-1.5772178173065186,-0.2565709054470062,0.08236978203058243,-1.8080456256866455,-0.29239901900291443,0.1808631867170334,-0.8100355267524719,-0.17861296236515045,0.2387956976890564,-1.0946402549743652,-0.245947927236557,0.277486652135849,-1.2877870798110962,-0.26785406470298767,0.3069052994251251,-1.478750228881836,-0.2849900722503662,0.0,0.0,0.0,0.0,0.0,0.0,0.0,0.0,0.0,0.0,0.0,0.0,0.0,0.0,0.0,0.0,0.0,0.0,0.0,0.0,0.0,0.0,0.0,0.0,0.0,0.0,0.0,0.0,0.0,0.0,0.0,0.0,0.0,0.0,0.0,0.0,0.0,0.0,0.0,0.0,0.0,0.0,0.0,0.0,0.0,0.0,0.0,0.0,0.0,0.0,0.0,0.0,0.0,0.0,0.0,0.0,0.0,0.0,0.0,0.0,0.0,0.0,0.0,1,Hola,2025-10-17T12:50:02.810891
0.0,0.0,0.0,-0.24975720047950745,-0.17551980912685394,-0.0926329493522644,-0.45806655287742615,-0.5178290009498596,-0.13023187220096588,-0.6069623231887817,-0.7932150363922119,-0.1619168221950531,-0.7666370868682861,-0.9456945657730103,-0.19511659443378448,-0.2980283498764038,-0.9291157722473145,-0.07484094798564911,-0.407938688993454,-1.3003660440444946,-0.15023349225521088,-0.46931084990501404,-1.5294402837753296,-0.21229586005210876,-0.5094255805015564,-1.7453545331954956,-0.26228293776512146,-0.1318584680557251,-0.9865363240242004,-0.09674426913261414,-0.17570047080516815,-1.4116294384002686,-0.1611219197511673,-0.1966937929391861,-1.6877484321594238,-0.22112275660037994,-0.21059942245483398,-1.930190920829773,-0.2684685289859772,0.02968735061585903,-0.9330772757530212,-0.13343504071235657,0.04931684583425522,-1.3239723443984985,-0.2112722098827362,0.06827934086322784,-1.5765299797058105,-0.2597792148590088,0.07941512018442154,-1.8086793422698975,-0.2957113981246948,0.18132539093494415,-0.808087170124054,-0.1786758303642273,0.23954838514328003,-1.0956509113311768,-0.24753475189208984,0.27845412492752075,-1.2897872924804688,-0.27014607191085815,0.30837589502334595,-1.4825732707977295,-0.2875814735889435,0.0,0.0,0.0,0.0,0.0,0.0,0.0,0.0,0.0,0.0,0.0,0.0,0.0,0.0,0.0,0.0,0.0,0.0,0.0,0.0,0.0,0.0,0.0,0.0,0.0,0.0,0.0,0.0,0.0,0.0,0.0,0.0,0.0,0.0,0.0,0.0,0.0,0.0,0.0,0.0,0.0,0.0,0.0,0.0,0.0,0.0,0.0,0.0,0.0,0.0,0.0,0.0,0.0,0.0,0.0,0.0,0.0,0.0,0.0,0.0,0.0,0.0,0.0,1,Hola,2025-10-17T12:50:02.913838
0.0,0.0,0.0,-0.25019678473472595,-0.17146015167236328,-0.09364887326955795,-0.4563360810279846,-0.5145427584648132,-0.13114255666732788,-0.6034883260726929,-0.792731761932373,-0.16267111897468567,-0.7637903690338135,-0.945899248123169,-0.1956166923046112,-0.29601603746414185,-0.9300714731216431,-0.07356980443000793,-0.4046999514102936,-1.2999120950698853,-0.1478257179260254,-0.4659970700740814,-1.528526782989502,-0.20943579077720642,-0.5062041282653809,-1.7437490224838257,-0.25940442085266113,-0.13049855828285217,-0.986882209777832,-0.09504532814025879,-0.1744116097688675,-1.4103782176971436,-0.15938013792037964,-0.19444872438907623,-1.6860002279281616,-0.22000765800476074,-0.20711511373519897,-1.9284192323684692,-0.2678266167640686,0.03059917688369751,-0.9340194463729858,-0.131471186876297,0.049874838441610336,-1.3236160278320312,-0.210358127951622,0.06912559270858765,-1.5760778188705444,-0.2603890597820282,0.08072711527347565,-1.8076984882354736,-0.29726818203926086,0.18210536241531372,-0.8105617761611938,-0.1764255166053772,0.2426639199256897,-1.0964330434799194,-0.24641403555870056,0.28442078828811646,-1.2897735834121704,-0.2703324556350708,0.3174388110637665,-1.4816786050796509,-0.2887130379676819,0.0,0.0,0.0,0.0,0.0,0.0,0.0,0.0,0.0,0.0,0.0,0.0,0.0,0.0,0.0,0.0,0.0,0.0,0.0,0.0,0.0,0.0,0.0,0.0,0.0,0.0,0.0,0.0,0.0,0.0,0.0,0.0,0.0,0.0,0.0,0.0,0.0,0.0,0.0,0.0,0.0,0.0,0.0,0.0,0.0,0.0,0.0,0.0,0.0,0.0,0.0,0.0,0.0,0.0,0.0,0.0,0.0,0.0,0.0,0.0,0.0,0.0,0.0,1,Hola,2025-10-17T12:50:03.012824
0.0,0.0,0.0,-0.2491598129272461,-0.17356152832508087,-0.09365464001893997,-0.4563830494880676,-0.5119959115982056,-0.1323261260986328,-0.603943407535553,-0.7888131141662598,-0.16509659588336945,-0.7639381289482117,-0.9432516694068909,-0.1993727833032608,-0.2970360219478607,-0.9285343885421753,-0.07493341714143753,-0.4057399332523346,-1.2981781959533691,-0.1506061553955078,-0.46641480922698975,-1.5260459184646606,-0.21316933631896973,-0.5056102871894836,-1.741234540939331,-0.26366138458251953,-0.13034109771251678,-0.9867103099822998,-0.09702601283788681,-0.17330656945705414,-1.4096976518630981,-0.16274335980415344,-0.19377407431602478,-1.6850610971450806,-0.2243947982788086,-0.2069074809551239,-1.9286432266235352,-0.2728396952152252,0.031457316130399704,-0.933832585811615,-0.13403218984603882,0.052633315324783325,-1.3228498697280884,-0.2145453691482544,0.07105562835931778,-1.574680209159851,-0.2654484808444977,0.08193520456552505,-1.8069369792938232,-0.3026319444179535,0.18327178061008453,-0.8089720606803894,-0.17941217124462128,0.24467679858207703,-1.0949190855026245,-0.25111305713653564,0.2854648232460022,-1.288486361503601,-0.2756589949131012,0.3169916272163391,-1.481421709060669,-0.29414767026901245,0.0,0.0,0.0,0.0,0.0,0.0,0.0,0.0,0.0,0.0,0.0,0.0,0.0,0.0,0.0,0.0,0.0,0.0,0.0,0.0,0.0,0.0,0.0,0.0,0.0,0.0,0.0,0.0,0.0,0.0,0.0,0.0,0.0,0.0,0.0,0.0,0.0,0.0,0.0,0.0,0.0,0.0,0.0,0.0,0.0,0.0,0.0,0.0,0.0,0.0,0.0,0.0,0.0,0.0,0.0,0.0,0.0,0.0,0.0,0.0,0.0,0.0,0.0,1,Hola,2025-10-17T12:50:03.103560
0.0,0.0,0.0,-0.25064581632614136,-0.17284590005874634,-0.09607960283756256,-0.4582025706768036,-0.5151504278182983,-0.1351611614227295,-0.6066418290138245,-0.7943992018699646,-0.16769231855869293,-0.7679245471954346,-0.947992205619812,-0.20141562819480896,-0.29962775111198425,-0.929047703742981,-0.07748154550790787,-0.40709802508354187,-1.3024860620498657,-0.1523100584745407,-0.4671379029750824,-1.5321335792541504,-0.21396027505397797,-0.506598711013794,-1.7483551502227783,-0.2639106214046478,-0.13225267827510834,-0.9863450527191162,-0.0981459841132164,-0.17513050138950348,-1.411312222480774,-0.16336306929588318,-0.19530856609344482,-1.6885360479354858,-0.22481659054756165,-0.20811066031455994,-1.9338723421096802,-0.27311432361602783,0.030273903161287308,-0.9335110783576965,-0.1336607187986374,0.0510685034096241,-1.3229962587356567,-0.21390682458877563,0.07000594586133957,-1.576397180557251,-0.2649094760417938,0.08193399757146835,-1.8105579614639282,-0.3021247684955597,0.18294577300548553,-0.8101579546928406,-0.17771480977535248,0.24417763948440552,-1.0958147048950195,-0.24976687133312225,0.2858988642692566,-1.2897791862487793,-0.27464234828948975,0.31954720616340637,-1.4837442636489868,-0.2931639850139618,0.0,0.0,0.0,0.0,0.0,0.0,0.0,0.0,0.0,0.0,0.0,0.0,0.0,0.0,0.0,0.0,0.0,0.0,0.0,0.0,0.0,0.0,0.0,0.0,0.0,0.0,0.0,0.0,0.0,0.0,0.0,0.0,0.0,0.0,0.0,0.0,0.0,0.0,0.0,0.0,0.0,0.0,0.0,0.0,0.0,0.0,0.0,0.0,0.0,0.0,0.0,0.0,0.0,0.0,0.0,0.0,0.0,0.0,0.0,0.0,0.0,0.0,0.0,1,Hola,2025-10-17T12:50:03.202754
0.0,0.0,0.0,-0.2507723271846771,-0.17165139317512512,-0.09704829752445221,-0.45759081840515137,-0.5103926062583923,-0.13595309853553772,-0.6029462218284607,-0.7866631150245667,-0.16811418533325195,-0.7612488865852356,-0.9402968287467957,-0.2014947384595871,-0.29777541756629944,-0.9274329543113708,-0.07623492926359177,-0.40696126222610474,-1.2958672046661377,-0.1517675817012787,-0.46749716997146606,-1.5240817070007324,-0.2141483724117279,-0.50726717710495,-1.7392607927322388,-0.2644544839859009,-0.13135668635368347,-0.9866842031478882,-0.0959150418639183,-0.17562434077262878,-1.4092270135879517,-0.1618732064962387,-0.19635342061519623,-1.683699369430542,-0.22361280024051666,-0.20919524133205414,-1.926626205444336,-0.27175718545913696,0.029740436002612114,-0.9342033863067627,-0.13069631159305573,0.04984468221664429,-1.3199164867401123,-0.2112182229757309,0.06849198043346405,-1.5724226236343384,-0.261883944272995,0.07982221990823746,-1.8058568239212036,-0.2986813485622406,0.1809103786945343,-0.8102013468742371,-0.17423032224178314,0.23953408002853394,-1.0922858715057373,-0.24620632827281952,0.2779204547405243,-1.2842788696289062,-0.27081063389778137,0.30766138434410095,-1.4767409563064575,-0.28912919759750366,0.0,0.0,0.0,0.0,0.0,0.0,0.0,0.0,0.0,0.0,0.0,0.0,0.0,0.0,0.0,0.0,0.0,0.0,0.0,0.0,0.0,0.0,0.0,0.0,0.0,0.0,0.0,0.0,0.0,0.0,0.0,0.0,0.0,0.0,0.0,0.0,0.0,0.0,0.0,0.0,0.0,0.0,0.0,0.0,0.0,0.0,0.0,0.0,0.0,0.0,0.0,0.0,0.0,0.0,0.0,0.0,0.0,0.0,0.0,0.0,0.0,0.0,0.0,1,Hola,2025-10-17T12:50:03.293532
0.0,0.0,0.0,-0.24818827211856842,-0.1759285032749176,-0.09516704827547073,-0.4537147283554077,-0.5157674551010132,-0.13481926918029785,-0.6020670533180237,-0.7894278168678284,-0.16818971931934357,-0.7619516253471375,-0.9432942271232605,-0.20286056399345398,-0.29458048939704895,-0.930945098400116,-0.07745414227247238,-0.4028621315956116,-1.3007194995880127,-0.15417398512363434,-0.4642568528652191,-1.5290722846984863,-0.21714764833450317,-0.5046879053115845,-1.7446731328964233,-0.26775291562080383,-0.12955059111118317,-0.9866370558738708,-0.09881286323070526,-0.17351141571998596,-1.4095064401626587,-0.16519473493099213,-0.19365224242210388,-1.6844547986984253,-0.22652506828308105,-0.20619520545005798,-1.9276371002197266,-0.2745220363140106,0.030900485813617706,-0.9325813055038452,-0.13519130647182465,0.04963504895567894,-1.3202080726623535,-0.21534402668476105,0.06910689175128937,-1.5728662014007568,-0.2651608884334564,0.08156702667474747,-1.8062855005264282,-0.30156978964805603,0.1816791594028473,-0.8081538677215576,-0.18025295436382294,0.240056112408638,-1.093288779258728,-0.25128018856048584,0.2801400423049927,-1.2870962619781494,-0.27525457739830017,0.3120953440666199,-1.4802746772766113,-0.29332008957862854,0.0,0.0,0.0,0.0,0.0,0.0,0.0,0.0,0.0,0.0,0.0,0.0,0.0,0.0,0.0,0.0,0.0,0.0,0.0,0.0,0.0,0.0,0.0,0.0,0.0,0.0,0.0,0.0,0.0,0.0,0.0,0.0,0.0,0.0,0.0,0.0,0.0,0.0,0.0,0.0,0.0,0.0,0.0,0.0,0.0,0.0,0.0,0.0,0.0,0.0,0.0,0.0,0.0,0.0,0.0,0.0,0.0,0.0,0.0,0.0,0.0,0.0,0.0,1,Hola,2025-10-17T12:50:03.398427
0.0,0.0,0.0,-0.24783320724964142,-0.1724923700094223,-0.09388258308172226,-0.455932080745697,-0.5089375376701355,-0.13322323560714722,-0.6031100153923035,-0.7829295992851257,-0.16659006476402283,-0.7614362239837646,-0.9403931498527527,-0.20144538581371307,-0.29685819149017334,-0.9277772903442383,-0.07640572637319565,-0.40606924891471863,-1.295850157737732,-0.1537887006998062,-0.466999351978302,-1.5235028266906738,-0.2172737866640091,-0.506614625453949,-1.738997459411621,-0.26819372177124023,-0.13137994706630707,-0.9864016175270081,-0.09874769300222397,-0.1747077852487564,-1.410056710243225,-0.1662391871213913,-0.19582109153270721,-1.68485426902771,-0.2282942831516266,-0.20988041162490845,-1.9284592866897583,-0.2766887843608856,0.028824709355831146,-0.9341586232185364,-0.13605880737304688,0.0480223223567009,-1.3221346139907837,-0.21743474900722504,0.06690763682126999,-1.575674295425415,-0.2679402530193329,0.07811284065246582,-1.8096575736999512,-0.304690957069397,0.17999042570590973,-0.8105759620666504,-0.18183213472366333,0.2377721071243286,-1.0962132215499878,-0.25343602895736694,0.27697500586509705,-1.2898459434509277,-0.27736225724220276,0.3065025210380554,-1.4823040962219238,-0.29543575644493103,0.0,0.0,0.0,0.0,0.0,0.0,0.0,0.0,0.0,0.0,0.0,0.0,0.0,0.0,0.0,0.0,0.0,0.0,0.0,0.0,0.0,0.0,0.0,0.0,0.0,0.0,0.0,0.0,0.0,0.0,0.0,0.0,0.0,0.0,0.0,0.0,0.0,0.0,0.0,0.0,0.0,0.0,0.0,0.0,0.0,0.0,0.0,0.0,0.0,0.0,0.0,0.0,0.0,0.0,0.0,0.0,0.0,0.0,0.0,0.0,0.0,0.0,0.0,1,Hola,2025-10-17T12:50:03.486375
0.0,0.0,0.0,-0.2485230416059494,-0.172383651137352,-0.09532207250595093,-0.4581979811191559,-0.506712794303894,-0.13575755059719086,-0.6074602603912354,-0.7790487408638,-0.17016029357910156,-0.76688551902771,-0.9358649253845215,-0.2061687409877777,-0.2966189682483673,-0.9271857142448425,-0.07862851768732071,-0.4085378646850586,-1.2938545942306519,-0.15809716284275055,-0.47047126293182373,-1.522876262664795,-0.22301161289215088,-0.5100164413452148,-1.7386504411697388,-0.2746630012989044,-0.13139355182647705,-0.9862257838249207,-0.10047080367803574,-0.17704977095127106,-1.409036636352539,-0.16947931051254272,-0.19852620363235474,-1.6849087476730347,-0.2319408804178238,-0.21168550848960876,-1.9287083148956299,-0.2804146707057953,0.02916802279651165,-0.9334555268287659,-0.13752417266368866,0.04720348119735718,-1.3217833042144775,-0.21994563937187195,0.06467804312705994,-1.5745543241500854,-0.27034643292427063,0.07516464591026306,-1.8076794147491455,-0.30689722299575806,0.1810060739517212,-0.8076528310775757,-0.18322181701660156,0.23966018855571747,-1.0914280414581299,-0.255429208278656,0.27869081497192383,-1.2839915752410889,-0.27949729561805725,0.30793431401252747,-1.4759763479232788,-0.2975583076477051,0.0,0.0,0.0,0.0,0.0,0.0,0.0,0.0,0.0,0.0,0.0,0.0,0.0,0.0,0.0,0.0,0.0,0.0,0.0,0.0,0.0,0.0,0.0,0.0,0.0,0.0,0.0,0.0,0.0,0.0,0.0,0.0,0.0,0.0,0.0,0.0,0.0,0.0,0.0,0.0,0.0,0.0,0.0,0.0,0.0,0.0,0.0,0.0,0.0,0.0,0.0,0.0,0.0,0.0,0.0,0.0,0.0,0.0,0.0,0.0,0.0,0.0,0.0,1,Hola,2025-10-17T12:50:03.589104
0.0,0.0,0.0,-0.25045260787010193,-0.1747034788131714,-0.09186814725399017,-0.45916590094566345,-0.5161175727844238,-0.13029427826404572,-0.6076616644859314,-0.7931308746337891,-0.1629987508058548,-0.7691619396209717,-0.9457271695137024,-0.19746342301368713,-0.29504305124282837,-0.9312131404876709,-0.07788234204053879,-0.4069998860359192,-1.3035898208618164,-0.15369965136051178,-0.46892625093460083,-1.5326324701309204,-0.2159225046634674,-0.509636640548706,-1.7482377290725708,-0.26610520482063293,-0.1290883868932724,-0.986477792263031,-0.10098419338464737,-0.17618444561958313,-1.4108518362045288,-0.16736753284931183,-0.19900676608085632,-1.6872351169586182,-0.22911874949932098,-0.21425500512123108,-1.9310450553894043,-0.27769896388053894,0.03229161351919174,-0.9330183863639832,-0.13843059539794922,0.051870428025722504,-1.3247175216674805,-0.21894866228103638,0.0684855505824089,-1.5788322687149048,-0.2696610987186432,0.07746758311986923,-1.8117517232894897,-0.3068242073059082,0.1841946244239807,-0.8101300001144409,-0.18402142822742462,0.2446519285440445,-1.0983972549438477,-0.2553987503051758,0.28540685772895813,-1.2933812141418457,-0.27971726655960083,0.31687355041503906,-1.486365556716919,-0.2981117069721222,0.0,0.0,0.0,0.0,0.0,0.0,0.0,0.0,0.0,0.0,0.0,0.0,0.0,0.0,0.0,0.0,0.0,0.0,0.0,0.0,0.0,0.0,0.0,0.0,0.0,0.0,0.0,0.0,0.0,0.0,0.0,0.0,0.0,0.0,0.0,0.0,0.0,0.0,0.0,0.0,0.0,0.0,0.0,0.0,0.0,0.0,0.0,0.0,0.0,0.0,0.0,0.0,0.0,0.0,0.0,0.0,0.0,0.0,0.0,0.0,0.0,0.0,0.0,1,Hola,2025-10-17T12:50:03.675037
0.0,0.0,0.0,-0.2538769245147705,-0.1774028241634369,-0.09067776799201965,-0.46416622400283813,-0.5177617073059082,-0.12754569947719574,-0.6112630367279053,-0.792934775352478,-0.15923352539539337,-0.7688272595405579,-0.9477397799491882,-0.19292914867401123,-0.2948460280895233,-0.9301547408103943,-0.07500021159648895,-0.40764203667640686,-1.3022445440292358,-0.15172140300273895,-0.4691675007343292,-1.5325278043746948,-0.2146235853433609,-0.5081701874732971,-1.74845552444458,-0.2647808790206909,-0.12793627381324768,-0.9868397116661072,-0.09889274090528488,-0.1745864897966385,-1.4127047061920166,-0.16553296148777008,-0.19656170904636383,-1.6920006275177002,-0.22706489264965057,-0.2104715257883072,-1.936627984046936,-0.27535489201545715,0.032949380576610565,-0.935336709022522,-0.1376814991235733,0.05550944060087204,-1.3267968893051147,-0.21856024861335754,0.07349064201116562,-1.5820621252059937,-0.2703995406627655,0.0831008329987526,-1.8139766454696655,-0.3081325888633728,0.1840202957391739,-0.8134542107582092,-0.18462049961090088,0.24678531289100647,-1.102138876914978,-0.2558542788028717,0.2881247103214264,-1.297182321548462,-0.2808363735675812,0.31851962208747864,-1.4885728359222412,-0.2998890280723572,0.0,0.0,0.0,0.0,0.0,0.0,0.0,0.0,0.0,0.0,0.0,0.0,0.0,0.0,0.0,0.0,0.0,0.0,0.0,0.0,0.0,0.0,0.0,0.0,0.0,0.0,0.0,0.0,0.0,0.0,0.0,0.0,0.0,0.0,0.0,0.0,0.0,0.0,0.0,0.0,0.0,0.0,0.0,0.0,0.0,0.0,0.0,0.0,0.0,0.0,0.0,0.0,0.0,0.0,0.0,0.0,0.0,0.0,0.0,0.0,0.0,0.0,0.0,1,Hola,2025-10-17T12:50:03.763781
0.0,0.0,0.0,-0.24962523579597473,-0.17948490381240845,-0.08987803757190704,-0.45683345198631287,-0.5209630131721497,-0.12656094133853912,-0.6045302748680115,-0.7956472039222717,-0.15816974639892578,-0.7628717422485352,-0.9477005004882812,-0.19152161478996277,-0.2919268310070038,-0.9332338571548462,-0.07117585092782974,-0.4005109369754791,-1.3037124872207642,-0.1454107165336609,-0.4601936638355255,-1.5326892137527466,-0.20710740983486176,-0.49882060289382935,-1.7473021745681763,-0.25697270035743713,-0.1257612109184265,-0.9875213503837585,-0.09479319304227829,-0.16923245787620544,-1.4091240167617798,-0.16031453013420105,-0.19068580865859985,-1.6848522424697876,-0.22231434285640717,-0.20506425201892853,-1.927677869796753,-0.2708347737789154,0.03518088161945343,-0.9332880973815918,-0.1329718679189682,0.058699943125247955,-1.3230303525924683,-0.2133799046278,0.07650701701641083,-1.576798915863037,-0.26523303985595703,0.08637719601392746,-1.8091970682144165,-0.3029121458530426,0.18547260761260986,-0.8085784912109375,-0.17911700904369354,0.24956412613391876,-1.0941450595855713,-0.2507506012916565,0.29114654660224915,-1.2885938882827759,-0.27589911222457886,0.3229185938835144,-1.481055498123169,-0.2947600483894348,0.0,0.0,0.0,0.0,0.0,0.0,0.0,0.0,0.0,0.0,0.0,0.0,0.0,0.0,0.0,0.0,0.0,0.0,0.0,0.0,0.0,0.0,0.0,0.0,0.0,0.0,0.0,0.0,0.0,0.0,0.0,0.0,0.0,0.0,0.0,0.0,0.0,0.0,0.0,0.0,0.0,0.0,0.0,0.0,0.0,0.0,0.0,0.0,0.0,0.0,0.0,0.0,0.0,0.0,0.0,0.0,0.0,0.0,0.0,0.0,0.0,0.0,0.0,1,Hola,2025-10-17T12:50:03.858178
0.0,0.0,0.0,-0.2526126801967621,-0.17405301332473755,-0.09258552640676498,-0.4612271189689636,-0.5106678009033203,-0.1303970217704773,-0.6046770811080933,-0.7844346761703491,-0.16258008778095245,-0.7576203942298889,-0.9409102201461792,-0.19611983001232147,-0.2964520752429962,-0.9282909631729126,-0.07251933217048645,-0.4058464467525482,-1.294735312461853,-0.14913339912891388,-0.464432954788208,-1.5233267545700073,-0.212986022233963,-0.5003131031990051,-1.738239049911499,-0.2638773024082184,-0.1305171549320221,-0.9869168996810913,-0.09465903043746948,-0.17369167506694794,-1.4101086854934692,-0.16096030175685883,-0.1943170428276062,-1.6848444938659668,-0.22320181131362915,-0.2064039558172226,-1.9267246723175049,-0.2714293599128723,0.029569774866104126,-0.9351561665534973,-0.13176031410694122,0.050996094942092896,-1.325541615486145,-0.21132078766822815,0.07048430293798447,-1.5784825086593628,-0.261755108833313,0.08265776932239532,-1.808899164199829,-0.29836782813072205,0.179996520280838,-0.8110074400901794,-0.17737533152103424,0.24047864973545074,-1.0957828760147095,-0.2471923530101776,0.27910327911376953,-1.2889697551727295,-0.27057549357414246,0.3079923391342163,-1.4796541929244995,-0.28810420632362366,0.0,0.0,0.0,0.0,0.0,0.0,0.0,0.0,0.0,0.0,0.0,0.0,0.0,0.0,0.0,0.0,0.0,0.0,0.0,0.0,0.0,0.0,0.0,0.0,0.0,0.0,0.0,0.0,0.0,0.0,0.0,0.0,0.0,0.0,0.0,0.0,0.0,0.0,0.0,0.0,0.0,0.0,0.0,0.0,0.0,0.0,0.0,0.0,0.0,0.0,0.0,0.0,0.0,0.0,0.0,0.0,0.0,0.0,0.0,0.0,0.0,0.0,0.0,1,Hola,2025-10-17T12:50:03.946499
0.0,0.0,0.0,-0.25009721517562866,-0.1737653613090515,-0.09335047006607056,-0.45791417360305786,-0.5145750641822815,-0.13034625351428986,-0.6039627194404602,-0.7912787795066833,-0.16135215759277344,-0.7608757615089417,-0.944088339805603,-0.1936768889427185,-0.29697486758232117,-0.9278830885887146,-0.0725012943148613,-0.40261155366897583,-1.2942297458648682,-0.14737403392791748,-0.4624948799610138,-1.5224213600158691,-0.20972098410129547,-0.5006120204925537,-1.7374273538589478,-0.26005470752716064,-0.13144971430301666,-0.9868567585945129,-0.09399303048849106,-0.17193272709846497,-1.4079737663269043,-0.15848006308078766,-0.19154731929302216,-1.6836285591125488,-0.21908362209796906,-0.20279981195926666,-1.926128625869751,-0.26671841740608215,0.029301060363650322,-0.9345395565032959,-0.13053062558174133,0.05171367526054382,-1.3214020729064941,-0.20941628515720367,0.07174763083457947,-1.5732431411743164,-0.2590309679508209,0.0848861113190651,-1.80400550365448,-0.29538044333457947,0.18085113167762756,-0.809569239616394,-0.17570260167121887,0.2431257963180542,-1.0943964719772339,-0.24594825506210327,0.28343522548675537,-1.287707805633545,-0.26964572072029114,0.31499719619750977,-1.479315996170044,-0.28758710622787476,0.0,0.0,0.0,0.0,0.0,0.0,0.0,0.0,0.0,0.0,0.0,0.0,0.0,0.0,0.0,0.0,0.0,0.0,0.0,0.0,0.0,0.0,0.0,0.0,0.0,0.0,0.0,0.0,0.0,0.0,0.0,0.0,0.0,0.0,0.0,0.0,0.0,0.0,0.0,0.0,0.0,0.0,0.0,0.0,0.0,0.0,0.0,0.0,0.0,0.0,0.0,0.0,0.0,0.0,0.0,0.0,0.0,0.0,0.0,0.0,0.0,0.0,0.0,1,Hola,2025-10-17T12:50:04.037559
0.0,0.0,0.0,-0.2525803744792938,-0.1746552288532257,-0.09725688397884369,-0.4609646797180176,-0.5103740692138672,-0.13657018542289734,-0.6083310842514038,-0.7824447154998779,-0.16986286640167236,-0.7645969390869141,-0.9376069903373718,-0.2043267786502838,-0.29928576946258545,-0.9265210032463074,-0.07222627103328705,-0.40818318724632263,-1.2899599075317383,-0.15018995106220245,-0.4682547450065613,-1.5182654857635498,-0.21531066298484802,-0.5058906674385071,-1.7338756322860718,-0.2671961486339569,-0.1323258876800537,-0.9869030117988586,-0.09226233512163162,-0.1746630072593689,-1.4070861339569092,-0.15943337976932526,-0.1956116110086441,-1.6817364692687988,-0.22268986701965332,-0.2079499363899231,-1.9250622987747192,-0.2718840539455414,0.029411137104034424,-0.9370975494384766,-0.12805910408496857,0.05026596412062645,-1.3262979984283447,-0.20827925205230713,0.06906915456056595,-1.578014850616455,-0.25852900743484497,0.08033319562673569,-1.8083595037460327,-0.2950323820114136,0.1817682832479477,-0.814606785774231,-0.1730005443096161,0.24133753776550293,-1.0963791608810425,-0.2430860996246338,0.2795769274234772,-1.288207769393921,-0.2665654718875885,0.3083379864692688,-1.4779387712478638,-0.28423839807510376,0.0,0.0,0.0,0.0,0.0,0.0,0.0,0.0,0.0,0.0,0.0,0.0,0.0,0.0,0.0,0.0,0.0,0.0,0.0,0.0,0.0,0.0,0.0,0.0,0.0,0.0,0.0,0.0,0.0,0.0,0.0,0.0,0.0,0.0,0.0,0.0,0.0,0.0,0.0,0.0,0.0,0.0,0.0,0.0,0.0,0.0,0.0,0.0,0.0,0.0,0.0,0.0,0.0,0.0,0.0,0.0,0.0,0.0,0.0,0.0,0.0,0.0,0.0,1,Hola,2025-10-17T12:50:04.126736
0.0,0.0,0.0,-0.248820960521698,-0.17181304097175598,-0.0915694311261177,-0.4546663165092468,-0.5141271352767944,-0.12980827689170837,-0.6022233963012695,-0.7908936738967896,-0.16243652999401093,-0.7638190984725952,-0.9426409006118774,-0.19670644402503967,-0.2953140139579773,-0.9287495017051697,-0.0758950412273407,-0.40546566247940063,-1.2994508743286133,-0.1512073576450348,-0.468283087015152,-1.5286184549331665,-0.21353597939014435,-0.5099647641181946,-1.7439273595809937,-0.2638165354728699,-0.13003602623939514,-0.9865723252296448,-0.09882134199142456,-0.175466850399971,-1.410176396369934,-0.16361455619335175,-0.19770456850528717,-1.6862798929214478,-0.22461768984794617,-0.21226677298545837,-1.9286197423934937,-0.2726961672306061,0.03106425702571869,-0.9353315234184265,-0.136082723736763,0.05014583468437195,-1.3259570598602295,-0.2146865427494049,0.06857719272375107,-1.5789157152175903,-0.26439982652664185,0.07958190888166428,-1.8111517429351807,-0.3011496663093567,0.18167807161808014,-0.8130505084991455,-0.18165744841098785,0.2419368028640747,-1.0996161699295044,-0.25168395042419434,0.2829509675502777,-1.2942893505096436,-0.2752971947193146,0.31534603238105774,-1.4872608184814453,-0.29324766993522644,0.0,0.0,0.0,0.0,0.0,0.0,0.0,0.0,0.0,0.0,0.0,0.0,0.0,0.0,0.0,0.0,0.0,0.0,0.0,0.0,0.0,0.0,0.0,0.0,0.0,0.0,0.0,0.0,0.0,0.0,0.0,0.0,0.0,0.0,0.0,0.0,0.0,0.0,0.0,0.0,0.0,0.0,0.0,0.0,0.0,0.0,0.0,0.0,0.0,0.0,0.0,0.0,0.0,0.0,0.0,0.0,0.0,0.0,0.0,0.0,0.0,0.0,0.0,1,Hola,2025-10-17T12:50:04.216354
0.0,0.0,0.0,-0.2511693835258484,-0.1753530502319336,-0.09038752317428589,-0.46060773730278015,-0.5159183144569397,-0.12731683254241943,-0.6088181138038635,-0.7875399589538574,-0.15889272093772888,-0.7677600979804993,-0.9387242794036865,-0.19202673435211182,-0.29961761832237244,-0.9278834462165833,-0.07227377593517303,-0.4117264747619629,-1.2967318296432495,-0.1477348655462265,-0.474468857049942,-1.525997519493103,-0.21002693474292755,-0.515371561050415,-1.740850567817688,-0.2599487900733948,-0.1338241994380951,-0.9864011406898499,-0.09541428834199905,-0.1792745143175125,-1.4100161790847778,-0.16038773953914642,-0.20118337869644165,-1.6852573156356812,-0.22094854712486267,-0.21551518142223358,-1.9266066551208496,-0.26819321513175964,0.02744193561375141,-0.9352594017982483,-0.13319000601768494,0.045170512050390244,-1.3245346546173096,-0.211707204580307,0.06283805519342422,-1.5784450769424438,-0.26093676686286926,0.07317857444286346,-1.8113476037979126,-0.2969825267791748,0.1792692393064499,-0.8124755024909973,-0.1792622059583664,0.23722487688064575,-1.0990859270095825,-0.24822963774204254,0.2757789194583893,-1.2929843664169312,-0.27071821689605713,0.30521059036254883,-1.484636664390564,-0.2878463864326477,0.0,0.0,0.0,0.0,0.0,0.0,0.0,0.0,0.0,0.0,0.0,0.0,0.0,0.0,0.0,0.0,0.0,0.0,0.0,0.0,0.0,0.0,0.0,0.0,0.0,0.0,0.0,0.0,0.0,0.0,0.0,0.0,0.0,0.0,0.0,0.0,0.0,0.0,0.0,0.0,0.0,0.0,0.0,0.0,0.0,0.0,0.0,0.0,0.0,0.0,0.0,0.0,0.0,0.0,0.0,0.0,0.0,0.0,0.0,0.0,0.0,0.0,0.0,1,Hola,2025-10-17T12:50:04.308451
0.0,0.0,0.0,-0.24847811460494995,-0.1721259206533432,-0.08971524238586426,-0.45829305052757263,-0.5122955441474915,-0.12652888894081116,-0.6068547964096069,-0.7861821055412292,-0.15806953608989716,-0.7678619027137756,-0.9355013966560364,-0.19117732346057892,-0.29812800884246826,-0.9262040257453918,-0.07356184720993042,-0.413239985704422,-1.295202374458313,-0.14855606853961945,-0.4771856367588043,-1.5231657028198242,-0.21065948903560638,-0.5187685489654541,-1.73720383644104,-0.2606867253780365,-0.13354800641536713,-0.9863064885139465,-0.09676989167928696,-0.18207445740699768,-1.4075583219528198,-0.16115690767765045,-0.2053365409374237,-1.6833336353302002,-0.22172965109348297,-0.2207166850566864,-1.9261283874511719,-0.2695613205432892,0.027897965162992477,-0.9378658533096313,-0.13434036076068878,0.04479154199361801,-1.3264389038085938,-0.2122512310743332,0.061167117208242416,-1.577011227607727,-0.26147788763046265,0.06929637491703033,-1.8077239990234375,-0.2978512942790985,0.1799115240573883,-0.8184270858764648,-0.1801692396402359,0.23764505982398987,-1.1036516427993774,-0.24959787726402283,0.27582064270973206,-1.2972888946533203,-0.27315300703048706,0.30496639013290405,-1.490103006362915,-0.29105818271636963,0.0,0.0,0.0,0.0,0.0,0.0,0.0,0.0,0.0,0.0,0.0,0.0,0.0,0.0,0.0,0.0,0.0,0.0,0.0,0.0,0.0,0.0,0.0,0.0,0.0,0.0,0.0,0.0,0.0,0.0,0.0,0.0,0.0,0.0,0.0,0.0,0.0,0.0,0.0,0.0,0.0,0.0,0.0,0.0,0.0,0.0,0.0,0.0,0.0,0.0,0.0,0.0,0.0,0.0,0.0,0.0,0.0,0.0,0.0,0.0,0.0,0.0,0.0,1,Hola,2025-10-17T12:50:04.400757
0.0,0.0,0.0,-0.24924619495868683,-0.17295566201210022,-0.09234300255775452,-0.45694953203201294,-0.5116298794746399,-0.1295989751815796,-0.6052336096763611,-0.7825731039047241,-0.1612645536661148,-0.7638480067253113,-0.9337841868400574,-0.194423645734787,-0.2980448007583618,-0.9280117154121399,-0.07092643529176712,-0.4090783894062042,-1.2919466495513916,-0.14649446308612823,-0.47072938084602356,-1.5194851160049438,-0.20937411487102509,-0.511032223701477,-1.7332713603973389,-0.25985848903656006,-0.13219808042049408,-0.986840009689331,-0.09311553835868835,-0.17778919637203217,-1.4064995050430298,-0.15833142399787903,-0.20101597905158997,-1.6792329549789429,-0.21939720213413239,-0.21703532338142395,-1.9193799495697021,-0.26695185899734497,0.029063228517770767,-0.9350543022155762,-0.1303861439228058,0.0472816526889801,-1.320907473564148,-0.20924989879131317,0.06324275583028793,-1.574151635169983,-0.25846031308174133,0.07188170403242111,-1.8070989847183228,-0.2943335473537445,0.18013423681259155,-0.8111099600791931,-0.17621812224388123,0.23700088262557983,-1.0961132049560547,-0.24528779089450836,0.2737821042537689,-1.2902355194091797,-0.2678278386592865,0.30115506052970886,-1.483030080795288,-0.2849576771259308,0.0,0.0,0.0,0.0,0.0,0.0,0.0,0.0,0.0,0.0,0.0,0.0,0.0,0.0,0.0,0.0,0.0,0.0,0.0,0.0,0.0,0.0,0.0,0.0,0.0,0.0,0.0,0.0,0.0,0.0,0.0,0.0,0.0,0.0,0.0,0.0,0.0,0.0,0.0,0.0,0.0,0.0,0.0,0.0,0.0,0.0,0.0,0.0,0.0,0.0,0.0,0.0,0.0,0.0,0.0,0.0,0.0,0.0,0.0,0.0,0.0,0.0,0.0,1,Hola,2025-10-17T12:50:04.493366
0.0,0.0,0.0,-0.2518835961818695,-0.16846774518489838,-0.09198611974716187,-0.4615955352783203,-0.5041963458061218,-0.12970015406608582,-0.6090952754020691,-0.7740264534950256,-0.16211773455142975,-0.7662990689277649,-0.926193356513977,-0.19597254693508148,-0.3041822016239166,-0.9219239354133606,-0.07011787593364716,-0.4167192280292511,-1.2846344709396362,-0.14604678750038147,-0.4782073497772217,-1.5113204717636108,-0.20930734276771545,-0.5178645849227905,-1.724338412284851,-0.25991225242614746,-0.1383771449327469,-0.986061155796051,-0.09238555282354355,-0.18455660343170166,-1.4080778360366821,-0.1582406461238861,-0.20970426499843597,-1.6815214157104492,-0.21993808448314667,-0.22699308395385742,-1.9221515655517578,-0.2677209675312042,0.022416427731513977,-0.9387747049331665,-0.129631906747818,0.03952430933713913,-1.3288872241973877,-0.20834669470787048,0.05500371754169464,-1.5808258056640625,-0.2576678991317749,0.06269960105419159,-1.8110506534576416,-0.293547660112381,0.17353646457195282,-0.8182054162025452,-0.175437793135643,0.22875790297985077,-1.1011857986450195,-0.24451568722724915,0.2642618715763092,-1.294716715812683,-0.2673265039920807,0.2905389368534088,-1.4858967065811157,-0.2844579219818115,0.0,0.0,0.0,0.0,0.0,0.0,0.0,0.0,0.0,0.0,0.0,0.0,0.0,0.0,0.0,0.0,0.0,0.0,0.0,0.0,0.0,0.0,0.0,0.0,0.0,0.0,0.0,0.0,0.0,0.0,0.0,0.0,0.0,0.0,0.0,0.0,0.0,0.0,0.0,0.0,0.0,0.0,0.0,0.0,0.0,0.0,0.0,0.0,0.0,0.0,0.0,0.0,0.0,0.0,0.0,0.0,0.0,0.0,0.0,0.0,0.0,0.0,0.0,1,Hola,2025-10-17T12:50:04.582058
0.0,0.0,0.0,-0.24954494833946228,-0.17229032516479492,-0.09143004566431046,-0.4592161476612091,-0.5112642645835876,-0.12759505212306976,-0.6091505885124207,-0.7832410931587219,-0.15826253592967987,-0.768965482711792,-0.9316736459732056,-0.19027315080165863,-0.3039740324020386,-0.9250739216804504,-0.06885882467031479,-0.4162895083427429,-1.2916029691696167,-0.1432209610939026,-0.4793604910373688,-1.519860863685608,-0.20509971678256989,-0.5202518701553345,-1.7339550256729126,-0.255021333694458,-0.13869856297969818,-0.9861391186714172,-0.09106224030256271,-0.18446755409240723,-1.4057660102844238,-0.15442684292793274,-0.20668844878673553,-1.6796082258224487,-0.21436458826065063,-0.22114881873130798,-1.9197887182235718,-0.2616059184074402,0.022660449147224426,-0.9376845955848694,-0.12844586372375488,0.03848053887486458,-1.3237627744674683,-0.20618125796318054,0.05507664009928703,-1.5747298002243042,-0.2554607689380646,0.06455163657665253,-1.8054345846176147,-0.29185041785240173,0.17499294877052307,-0.8168718218803406,-0.17437751591205597,0.23174630105495453,-1.1000864505767822,-0.24367749691009521,0.2699887454509735,-1.2927049398422241,-0.26727333664894104,0.2993781566619873,-1.4841063022613525,-0.28538206219673157,0.0,0.0,0.0,0.0,0.0,0.0,0.0,0.0,0.0,0.0,0.0,0.0,0.0,0.0,0.0,0.0,0.0,0.0,0.0,0.0,0.0,0.0,0.0,0.0,0.0,0.0,0.0,0.0,0.0,0.0,0.0,0.0,0.0,0.0,0.0,0.0,0.0,0.0,0.0,0.0,0.0,0.0,0.0,0.0,0.0,0.0,0.0,0.0,0.0,0.0,0.0,0.0,0.0,0.0,0.0,0.0,0.0,0.0,0.0,0.0,0.0,0.0,0.0,1,Hola,2025-10-17T12:50:04.670511
0.0,0.0,0.0,-0.2542383670806885,-0.17231933772563934,-0.08985470235347748,-0.4672985076904297,-0.5110572576522827,-0.12571215629577637,-0.6163175106048584,-0.7856512069702148,-0.15649442374706268,-0.7771351933479309,-0.9364424347877502,-0.1892106533050537,-0.3024941384792328,-0.9260358810424805,-0.07279317826032639,-0.4196031093597412,-1.2960145473480225,-0.14845918118953705,-0.4840225875377655,-1.5246893167495728,-0.21075202524662018,-0.5263609886169434,-1.7393110990524292,-0.2607402205467224,-0.1365966796875,-0.9858988523483276,-0.09666824340820312,-0.18657322227954865,-1.409920573234558,-0.16264159977436066,-0.21053697168827057,-1.6878018379211426,-0.22390273213386536,-0.22631247341632843,-1.9316710233688354,-0.272002637386322,0.024762829765677452,-0.9380312561988831,-0.13543666899204254,0.042501337826251984,-1.3273932933807373,-0.21617643535137177,0.05784224346280098,-1.581225037574768,-0.2681019604206085,0.06463292241096497,-1.8134098052978516,-0.30593341588974,0.17731156945228577,-0.8199622631072998,-0.1822826862335205,0.23621444404125214,-1.1076836585998535,-0.2537291347980499,0.2752833068370819,-1.301679253578186,-0.27902671694755554,0.3036693036556244,-1.4937714338302612,-0.29833754897117615,0.0,0.0,0.0,0.0,0.0,0.0,0.0,0.0,0.0,0.0,0.0,0.0,0.0,0.0,0.0,0.0,0.0,0.0,0.0,0.0,0.0,0.0,0.0,0.0,0.0,0.0,0.0,0.0,0.0,0.0,0.0,0.0,0.0,0.0,0.0,0.0,0.0,0.0,0.0,0.0,0.0,0.0,0.0,0.0,0.0,0.0,0.0,0.0,0.0,0.0,0.0,0.0,0.0,0.0,0.0,0.0,0.0,0.0,0.0,0.0,0.0,0.0,0.0,1,Hola,2025-10-17T12:50:04.760036
0.0,0.0,0.0,-0.25507789850234985,-0.17673173546791077,-0.09093271940946579,-0.46769100427627563,-0.5163609385490417,-0.12691158056259155,-0.6149725914001465,-0.7912538051605225,-0.1576860398054123,-0.7729785442352295,-0.9447202682495117,-0.19019776582717896,-0.2969028055667877,-0.9276795387268066,-0.07142181694507599,-0.4152272045612335,-1.295594334602356,-0.1475406438112259,-0.4802785813808441,-1.5238820314407349,-0.21074900031089783,-0.5224221348762512,-1.7379459142684937,-0.26132932305336,-0.13130785524845123,-0.9867976903915405,-0.09480764716863632,-0.18262256681919098,-1.4088557958602905,-0.16080966591835022,-0.20779824256896973,-1.6866651773452759,-0.2225612848997116,-0.22389374673366547,-1.9299708604812622,-0.2709815800189972,0.029272262006998062,-0.9388020634651184,-0.13343879580497742,0.0460272952914238,-1.3294543027877808,-0.2137768715620041,0.06008018180727959,-1.5828874111175537,-0.2657470703125,0.06637384742498398,-1.8137184381484985,-0.30358126759529114,0.18118765950202942,-0.8201614618301392,-0.18041864037513733,0.23873841762542725,-1.107353687286377,-0.2517748177051544,0.27702414989471436,-1.301849603652954,-0.2775476276874542,0.30569425225257874,-1.4936039447784424,-0.297130823135376,0.0,0.0,0.0,0.0,0.0,0.0,0.0,0.0,0.0,0.0,0.0,0.0,0.0,0.0,0.0,0.0,0.0,0.0,0.0,0.0,0.0,0.0,0.0,0.0,0.0,0.0,0.0,0.0,0.0,0.0,0.0,0.0,0.0,0.0,0.0,0.0,0.0,0.0,0.0,0.0,0.0,0.0,0.0,0.0,0.0,0.0,0.0,0.0,0.0,0.0,0.0,0.0,0.0,0.0,0.0,0.0,0.0,0.0,0.0,0.0,0.0,0.0,0.0,1,Hola,2025-10-17T12:50:04.847801
0.0,0.0,0.0,-0.24872823059558868,-0.17358456552028656,-0.09533664584159851,-0.4588935673236847,-0.5153294801712036,-0.1335594207048416,-0.6085066795349121,-0.7927563190460205,-0.165340393781662,-0.76812344789505,-0.9431639313697815,-0.19834735989570618,-0.2992948889732361,-0.9279506802558899,-0.07609596103429794,-0.41038036346435547,-1.296800971031189,-0.15108825266361237,-0.4714817702770233,-1.5246238708496094,-0.21332001686096191,-0.5108550190925598,-1.7398978471755981,-0.26355233788490295,-0.13357013463974,-0.986322820186615,-0.096573106944561,-0.17932163178920746,-1.4088231325149536,-0.16165956854820251,-0.20178116858005524,-1.6850457191467285,-0.2231011539697647,-0.2162742167711258,-1.9291802644729614,-0.27119526267051697,0.02792508341372013,-0.9341170787811279,-0.1318834125995636,0.048032790422439575,-1.3225505352020264,-0.21113575994968414,0.06608829647302628,-1.5763442516326904,-0.26199468970298767,0.07683006674051285,-1.8087189197540283,-0.299065500497818,0.17988376319408417,-0.8106375932693481,-0.1757819652557373,0.2401410937309265,-1.0951025485992432,-0.24612164497375488,0.27988123893737793,-1.2888996601104736,-0.2704644501209259,0.31076887249946594,-1.4808708429336548,-0.2887920141220093,0.0,0.0,0.0,0.0,0.0,0.0,0.0,0.0,0.0,0.0,0.0,0.0,0.0,0.0,0.0,0.0,0.0,0.0,0.0,0.0,0.0,0.0,0.0,0.0,0.0,0.0,0.0,0.0,0.0,0.0,0.0,0.0,0.0,0.0,0.0,0.0,0.0,0.0,0.0,0.0,0.0,0.0,0.0,0.0,0.0,0.0,0.0,0.0,0.0,0.0,0.0,0.0,0.0,0.0,0.0,0.0,0.0,0.0,0.0,0.0,0.0,0.0,0.0,1,Hola,2025-10-17T12:50:04.940352
0.0,0.0,0.0,-0.24941429495811462,-0.17533238232135773,-0.09285490959882736,-0.4601801931858063,-0.5133102536201477,-0.13125501573085785,-0.608972430229187,-0.787622332572937,-0.16408079862594604,-0.7675663232803345,-0.9411776065826416,-0.19830845296382904,-0.29698053002357483,-0.9282206296920776,-0.07426314800977707,-0.40858060121536255,-1.2947967052459717,-0.1513502448797226,-0.47083574533462524,-1.5229262113571167,-0.21515673398971558,-0.5112509727478027,-1.7377790212631226,-0.2662482261657715,-0.13242679834365845,-0.9864351153373718,-0.09699933230876923,-0.1785086989402771,-1.407495141029358,-0.1640634536743164,-0.20072370767593384,-1.6829378604888916,-0.22588787972927094,-0.21508903801441193,-1.9258978366851807,-0.2740306258201599,0.027945861220359802,-0.9345719814300537,-0.1347879320383072,0.04675479978322983,-1.323310136795044,-0.21574419736862183,0.06486685574054718,-1.5754534006118774,-0.2658156454563141,0.07574423402547836,-1.8066970109939575,-0.3020714223384857,0.17966118454933167,-0.810399055480957,-0.18109795451164246,0.2408534288406372,-1.0966527462005615,-0.2521379590034485,0.2821519374847412,-1.290191650390625,-0.2757943272590637,0.3138349652290344,-1.4814679622650146,-0.29356107115745544,0.0,0.0,0.0,0.0,0.0,0.0,0.0,0.0,0.0,0.0,0.0,0.0,0.0,0.0,0.0,0.0,0.0,0.0,0.0,0.0,0.0,0.0,0.0,0.0,0.0,0.0,0.0,0.0,0.0,0.0,0.0,0.0,0.0,0.0,0.0,0.0,0.0,0.0,0.0,0.0,0.0,0.0,0.0,0.0,0.0,0.0,0.0,0.0,0.0,0.0,0.0,0.0,0.0,0.0,0.0,0.0,0.0,0.0,0.0,0.0,0.0,0.0,0.0,1,Hola,2025-10-17T12:50:05.028963
0.0,0.0,0.0,-0.2479991465806961,-0.17345872521400452,-0.09579525887966156,-0.45488718152046204,-0.5113275051116943,-0.13446670770645142,-0.6030176281929016,-0.7856087684631348,-0.16696606576442719,-0.7616623044013977,-0.9378852248191833,-0.20060281455516815,-0.29643675684928894,-0.9274138808250427,-0.07236377894878387,-0.4061274230480194,-1.2921111583709717,-0.14824345707893372,-0.46739137172698975,-1.519239068031311,-0.21148057281970978,-0.5061907172203064,-1.7331440448760986,-0.26240983605384827,-0.13162626326084137,-0.9869182705879211,-0.09309524297714233,-0.17552034556865692,-1.4074628353118896,-0.15933910012245178,-0.19742748141288757,-1.6823899745941162,-0.22168713808059692,-0.21147499978542328,-1.9249433279037476,-0.2701879143714905,0.029044777154922485,-0.9353421926498413,-0.12923531234264374,0.049171388149261475,-1.3239911794662476,-0.21053554117679596,0.06645303219556808,-1.5765740871429443,-0.26233741641044617,0.07615102082490921,-1.808767557144165,-0.29968032240867615,0.1808358132839203,-0.8105185031890869,-0.17401213943958282,0.24268217384815216,-1.0938187837600708,-0.24643927812576294,0.281775563955307,-1.2871019840240479,-0.27198824286460876,0.31118202209472656,-1.4792799949645996,-0.2909446954727173,0.0,0.0,0.0,0.0,0.0,0.0,0.0,0.0,0.0,0.0,0.0,0.0,0.0,0.0,0.0,0.0,0.0,0.0,0.0,0.0,0.0,0.0,0.0,0.0,0.0,0.0,0.0,0.0,0.0,0.0,0.0,0.0,0.0,0.0,0.0,0.0,0.0,0.0,0.0,0.0,0.0,0.0,0.0,0.0,0.0,0.0,0.0,0.0,0.0,0.0,0.0,0.0,0.0,0.0,0.0,0.0,0.0,0.0,0.0,0.0,0.0,0.0,0.0,1,Hola,2025-10-17T12:50:05.117494
0.0,0.0,0.0,-0.25097885727882385,-0.168377086520195,-0.09693479537963867,-0.46143093705177307,-0.5018264055252075,-0.1364632099866867,-0.611142098903656,-0.7729531526565552,-0.17012475430965424,-0.7695987820625305,-0.9274391531944275,-0.20489127933979034,-0.3044798672199249,-0.9203343391418457,-0.07138658314943314,-0.4179726541042328,-1.2827728986740112,-0.14939625561237335,-0.4796818494796753,-1.5104008913040161,-0.21480074524879456,-0.5186484456062317,-1.7249988317489624,-0.26692667603492737,-0.13979493081569672,-0.9859228134155273,-0.09172505140304565,-0.18786251544952393,-1.4067320823669434,-0.15928107500076294,-0.21302318572998047,-1.6814491748809814,-0.22266539931297302,-0.23035091161727905,-1.9241851568222046,-0.27170613408088684,0.02026953361928463,-0.9391793012619019,-0.12784603238105774,0.03746996447443962,-1.3287144899368286,-0.2080470472574234,0.053325407207012177,-1.5804791450500488,-0.2584579885005951,0.06088066101074219,-1.810624361038208,-0.2950293719768524,0.17132768034934998,-0.8178932666778564,-0.17307128012180328,0.22902901470661163,-1.0986446142196655,-0.2428961545228958,0.2664319574832916,-1.28993821144104,-0.26626649498939514,0.29413020610809326,-1.4790831804275513,-0.28383561968803406,0.0,0.0,0.0,0.0,0.0,0.0,0.0,0.0,0.0,0.0,0.0,0.0,0.0,0.0,0.0,0.0,0.0,0.0,0.0,0.0,0.0,0.0,0.0,0.0,0.0,0.0,0.0,0.0,0.0,0.0,0.0,0.0,0.0,0.0,0.0,0.0,0.0,0.0,0.0,0.0,0.0,0.0,0.0,0.0,0.0,0.0,0.0,0.0,0.0,0.0,0.0,0.0,0.0,0.0,0.0,0.0,0.0,0.0,0.0,0.0,0.0,0.0,0.0,1,Hola,2025-10-17T12:50:05.202881
0.0,0.0,0.0,-0.24963311851024628,-0.17188256978988647,-0.09693723171949387,-0.46117502450942993,-0.5093844532966614,-0.13579502701759338,-0.6122118234634399,-0.7839506268501282,-0.1681424081325531,-0.7730783820152283,-0.9340538382530212,-0.20126309990882874,-0.30528953671455383,-0.9234247803688049,-0.07360265403985977,-0.4178214967250824,-1.288861632347107,-0.14971059560775757,-0.4804440140724182,-1.5169907808303833,-0.21296842396259308,-0.5207247734069824,-1.732243299484253,-0.26383695006370544,-0.14102748036384583,-0.9855592846870422,-0.09372375905513763,-0.1869622766971588,-1.4049429893493652,-0.15896949172019958,-0.20955021679401398,-1.6793270111083984,-0.2202066332101822,-0.22389346361160278,-1.9220099449157715,-0.2681482136249542,0.0196685791015625,-0.9367119073867798,-0.12941952049732208,0.0358734205365181,-1.3235371112823486,-0.2092301845550537,0.05245840921998024,-1.5753017663955688,-0.25952741503715515,0.06209384277462959,-1.8070194721221924,-0.29618459939956665,0.17205595970153809,-0.8146252036094666,-0.1740984171628952,0.23096057772636414,-1.0970758199691772,-0.24523623287677765,0.27032482624053955,-1.289750337600708,-0.26986753940582275,0.3008608818054199,-1.4814233779907227,-0.2883276045322418,0.0,0.0,0.0,0.0,0.0,0.0,0.0,0.0,0.0,0.0,0.0,0.0,0.0,0.0,0.0,0.0,0.0,0.0,0.0,0.0,0.0,0.0,0.0,0.0,0.0,0.0,0.0,0.0,0.0,0.0,0.0,0.0,0.0,0.0,0.0,0.0,0.0,0.0,0.0,0.0,0.0,0.0,0.0,0.0,0.0,0.0,0.0,0.0,0.0,0.0,0.0,0.0,0.0,0.0,0.0,0.0,0.0,0.0,0.0,0.0,0.0,0.0,0.0,1,Hola,2025-10-17T12:50:05.291283
0.0,0.0,0.0,-0.24917985498905182,-0.17157357931137085,-0.1003500446677208,-0.4573899209499359,-0.5080713033676147,-0.13987576961517334,-0.6085283756256104,-0.7821642160415649,-0.17243178188800812,-0.7698370814323425,-0.9317542314529419,-0.20558403432369232,-0.3010641932487488,-0.9232112765312195,-0.07315481454133987,-0.4134462773799896,-1.2871122360229492,-0.14906492829322815,-0.4766431152820587,-1.5140109062194824,-0.2124481350183487,-0.5172791481018066,-1.7291386127471924,-0.26354455947875977,-0.1369093507528305,-0.9864122271537781,-0.09081097692251205,-0.18398109078407288,-1.403550386428833,-0.15642043948173523,-0.2081807553768158,-1.6768745183944702,-0.21814174950122833,-0.22396984696388245,-1.919053316116333,-0.266404390335083,0.023287732154130936,-0.9381474256515503,-0.12444011121988297,0.040076036006212234,-1.3237134218215942,-0.2044421136379242,0.05639072507619858,-1.5746532678604126,-0.254556268453598,0.06555528938770294,-1.8052760362625122,-0.29080885648727417,0.1749192178249359,-0.817088782787323,-0.1674504280090332,0.23350971937179565,-1.0989903211593628,-0.23842255771160126,0.27037638425827026,-1.2923353910446167,-0.26324185729026794,0.29809948801994324,-1.484972357749939,-0.2817506194114685,0.0,0.0,0.0,0.0,0.0,0.0,0.0,0.0,0.0,0.0,0.0,0.0,0.0,0.0,0.0,0.0,0.0,0.0,0.0,0.0,0.0,0.0,0.0,0.0,0.0,0.0,0.0,0.0,0.0,0.0,0.0,0.0,0.0,0.0,0.0,0.0,0.0,0.0,0.0,0.0,0.0,0.0,0.0,0.0,0.0,0.0,0.0,0.0,0.0,0.0,0.0,0.0,0.0,0.0,0.0,0.0,0.0,0.0,0.0,0.0,0.0,0.0,0.0,1,Hola,2025-10-17T12:50:05.380527
0.0,0.0,0.0,-0.24979452788829803,-0.17127035558223724,-0.09659101068973541,-0.458597868680954,-0.5083853602409363,-0.13571150600910187,-0.6089827418327332,-0.7828342914581299,-0.16855525970458984,-0.7705333232879639,-0.9357507824897766,-0.20228682458400726,-0.30098798871040344,-0.9236491918563843,-0.07308608293533325,-0.4142952263355255,-1.286464810371399,-0.1492975503206253,-0.47797733545303345,-1.51286780834198,-0.21260246634483337,-0.5191500782966614,-1.7281091213226318,-0.26388174295425415,-0.13732804358005524,-0.9860988259315491,-0.09354212135076523,-0.18682099878787994,-1.4043110609054565,-0.15986521542072296,-0.21117548644542694,-1.6766810417175293,-0.22129514813423157,-0.22688430547714233,-1.9177954196929932,-0.26928550004959106,0.023149637505412102,-0.9359657168388367,-0.12954191863536835,0.0386044904589653,-1.3230721950531006,-0.2105484902858734,0.05518094450235367,-1.5752838850021362,-0.2605011463165283,0.06480558216571808,-1.807841181755066,-0.29669317603111267,0.17562972009181976,-0.8128857612609863,-0.17445527017116547,0.23351536691188812,-1.0973572731018066,-0.24637506902217865,0.27064773440361023,-1.2917263507843018,-0.27107298374176025,0.298224538564682,-1.4852879047393799,-0.2895413041114807,0.0,0.0,0.0,0.0,0.0,0.0,0.0,0.0,0.0,0.0,0.0,0.0,0.0,0.0,0.0,0.0,0.0,0.0,0.0,0.0,0.0,0.0,0.0,0.0,0.0,0.0,0.0,0.0,0.0,0.0,0.0,0.0,0.0,0.0,0.0,0.0,0.0,0.0,0.0,0.0,0.0,0.0,0.0,0.0,0.0,0.0,0.0,0.0,0.0,0.0,0.0,0.0,0.0,0.0,0.0,0.0,0.0,0.0,0.0,0.0,0.0,0.0,0.0,1,Hola,2025-10-17T12:50:05.469803
0.0,0.0,0.0,-0.2552740275859833,-0.17358258366584778,-0.09423766285181046,-0.4691177010536194,-0.5116366744041443,-0.13333271443843842,-0.6193553805351257,-0.7882645130157471,-0.16667631268501282,-0.7802646160125732,-0.9425731897354126,-0.20153318345546722,-0.30393752455711365,-0.9247469305992126,-0.07750671356916428,-0.4230266511440277,-1.2946336269378662,-0.15570175647735596,-0.48756566643714905,-1.5246057510375977,-0.21974024176597595,-0.5291650295257568,-1.7408124208450317,-0.2707182466983795,-0.13769587874412537,-0.9853979349136353,-0.1001535952091217,-0.18987073004245758,-1.4093571901321411,-0.16813163459300995,-0.21572652459144592,-1.6882904767990112,-0.23056094348430634,-0.23283593356609344,-1.93211030960083,-0.2792271077632904,0.02500070631504059,-0.9372016191482544,-0.13791698217391968,0.04023950546979904,-1.3296494483947754,-0.21985219419002533,0.0543096624314785,-1.5847309827804565,-0.2714383900165558,0.06169591099023819,-1.8161602020263672,-0.3086835741996765,0.17955656349658966,-0.8178602457046509,-0.18419668078422546,0.2371777594089508,-1.1072441339492798,-0.25659939646720886,0.27616631984710693,-1.3030226230621338,-0.281721293926239,0.30588728189468384,-1.4946860074996948,-0.3004492521286011,0.0,0.0,0.0,0.0,0.0,0.0,0.0,0.0,0.0,0.0,0.0,0.0,0.0,0.0,0.0,0.0,0.0,0.0,0.0,0.0,0.0,0.0,0.0,0.0,0.0,0.0,0.0,0.0,0.0,0.0,0.0,0.0,0.0,0.0,0.0,0.0,0.0,0.0,0.0,0.0,0.0,0.0,0.0,0.0,0.0,0.0,0.0,0.0,0.0,0.0,0.0,0.0,0.0,0.0,0.0,0.0,0.0,0.0,0.0,0.0,0.0,0.0,0.0,1,Hola,2025-10-17T12:50:05.559599
0.0,0.0,0.0,-0.2534073293209076,-0.17481333017349243,-0.09555193036794662,-0.4646153748035431,-0.5144712924957275,-0.1348031610250473,-0.6139813661575317,-0.7912432551383972,-0.16761688888072968,-0.7732785940170288,-0.9430727362632751,-0.2014971226453781,-0.30294424295425415,-0.926413893699646,-0.07791237533092499,-0.416126012802124,-1.2968032360076904,-0.15345369279384613,-0.4787735342979431,-1.5251837968826294,-0.21585401892662048,-0.519931972026825,-1.7408634424209595,-0.2661254405975342,-0.13740214705467224,-0.985572874546051,-0.09882684051990509,-0.18538032472133636,-1.411423921585083,-0.16521809995174408,-0.21003109216690063,-1.6896401643753052,-0.22715742886066437,-0.22646774351596832,-1.934762954711914,-0.2752814292907715,0.024790991097688675,-0.9345964193344116,-0.13441750407218933,0.04315822198987007,-1.3306804895401,-0.21538326144218445,0.05973522737622261,-1.586138367652893,-0.26653680205345154,0.06961960345506668,-1.819663166999817,-0.3033061623573303,0.17831094563007355,-0.8122677803039551,-0.17845457792282104,0.24074876308441162,-1.1010980606079102,-0.2505023777484894,0.28090807795524597,-1.2976369857788086,-0.275387704372406,0.3123224675655365,-1.4914406538009644,-0.2936452329158783,0.0,0.0,0.0,0.0,0.0,0.0,0.0,0.0,0.0,0.0,0.0,0.0,0.0,0.0,0.0,0.0,0.0,0.0,0.0,0.0,0.0,0.0,0.0,0.0,0.0,0.0,0.0,0.0,0.0,0.0,0.0,0.0,0.0,0.0,0.0,0.0,0.0,0.0,0.0,0.0,0.0,0.0,0.0,0.0,0.0,0.0,0.0,0.0,0.0,0.0,0.0,0.0,0.0,0.0,0.0,0.0,0.0,0.0,0.0,0.0,0.0,0.0,0.0,1,Hola,2025-10-17T12:50:05.648436
0.0,0.0,0.0,-0.2559317350387573,-0.17410396039485931,-0.09861275553703308,-0.4669671654701233,-0.513401448726654,-0.13918595016002655,-0.6152552962303162,-0.7925559282302856,-0.17336337268352509,-0.7756656408309937,-0.9484038949012756,-0.2090909481048584,-0.3006836175918579,-0.9263898730278015,-0.08213116228580475,-0.41700124740600586,-1.2971471548080444,-0.16210485994815826,-0.48041990399360657,-1.527458667755127,-0.22701026499271393,-0.5215422511100769,-1.74481999874115,-0.27858853340148926,-0.13522475957870483,-0.985445499420166,-0.10301147401332855,-0.18367066979408264,-1.4098292589187622,-0.17425745725631714,-0.20888341963291168,-1.6903413534164429,-0.238546684384346,-0.2254076451063156,-1.936561107635498,-0.2882375121116638,0.025620611384510994,-0.9351869821548462,-0.139311745762825,0.04470366612076759,-1.3289905786514282,-0.22467467188835144,0.05963032320141792,-1.5860031843185425,-0.27839207649230957,0.06806374341249466,-1.8192490339279175,-0.3165937066078186,0.17745546996593475,-0.8141140937805176,-0.1843630075454712,0.2402791529893875,-1.1040821075439453,-0.2597915828227997,0.28115910291671753,-1.3015496730804443,-0.2872362732887268,0.3125242292881012,-1.4948164224624634,-0.3073720335960388,0.0,0.0,0.0,0.0,0.0,0.0,0.0,0.0,0.0,0.0,0.0,0.0,0.0,0.0,0.0,0.0,0.0,0.0,0.0,0.0,0.0,0.0,0.0,0.0,0.0,0.0,0.0,0.0,0.0,0.0,0.0,0.0,0.0,0.0,0.0,0.0,0.0,0.0,0.0,0.0,0.0,0.0,0.0,0.0,0.0,0.0,0.0,0.0,0.0,0.0,0.0,0.0,0.0,0.0,0.0,0.0,0.0,0.0,0.0,0.0,0.0,0.0,0.0,1,Hola,2025-10-17T12:50:05.735941
0.0,0.0,0.0,-0.25035446882247925,-0.1702355295419693,-0.09838572144508362,-0.46030163764953613,-0.5073209404945374,-0.13973872363567352,-0.6077930331230164,-0.7868278622627258,-0.17406132817268372,-0.7685299515724182,-0.9414099454879761,-0.2093762308359146,-0.30280303955078125,-0.926030158996582,-0.08132732659578323,-0.41514506936073303,-1.295080542564392,-0.15836399793624878,-0.4774427115917206,-1.5224605798721313,-0.22171661257743835,-0.5181224346160889,-1.7374862432479858,-0.2725788950920105,-0.13692182302474976,-0.9853622317314148,-0.10155633836984634,-0.18316563963890076,-1.4098975658416748,-0.1691041737794876,-0.20644347369670868,-1.6871312856674194,-0.23157735168933868,-0.22180621325969696,-1.9323785305023193,-0.28007516264915466,0.02455563098192215,-0.9329862594604492,-0.1367148607969284,0.04297598451375961,-1.3245364427566528,-0.21893586218357086,0.06004994362592697,-1.579325795173645,-0.27051711082458496,0.0707775354385376,-1.8136506080627441,-0.30753853917121887,0.1770275980234146,-0.8088359236717224,-0.18052344024181366,0.2382461577653885,-1.0961905717849731,-0.2540273666381836,0.2786410450935364,-1.292089819908142,-0.27944788336753845,0.31055086851119995,-1.4865343570709229,-0.2979251444339752,0.0,0.0,0.0,0.0,0.0,0.0,0.0,0.0,0.0,0.0,0.0,0.0,0.0,0.0,0.0,0.0,0.0,0.0,0.0,0.0,0.0,0.0,0.0,0.0,0.0,0.0,0.0,0.0,0.0,0.0,0.0,0.0,0.0,0.0,0.0,0.0,0.0,0.0,0.0,0.0,0.0,0.0,0.0,0.0,0.0,0.0,0.0,0.0,0.0,0.0,0.0,0.0,0.0,0.0,0.0,0.0,0.0,0.0,0.0,0.0,0.0,0.0,0.0,1,Hola,2025-10-17T12:50:05.822854
0.0,0.0,0.0,-0.2490583211183548,-0.17450757324695587,-0.09776193648576736,-0.4567345976829529,-0.5134860873222351,-0.13755491375923157,-0.6045286059379578,-0.7893310189247131,-0.17069754004478455,-0.764337956905365,-0.9416934847831726,-0.2048143744468689,-0.29962536692619324,-0.9266149401664734,-0.07648727297782898,-0.4115767776966095,-1.291810154914856,-0.15299785137176514,-0.47359731793403625,-1.5183966159820557,-0.2161756008863449,-0.5135535001754761,-1.733025312423706,-0.26701170206069946,-0.1344022899866104,-0.9862164258956909,-0.09650494903326035,-0.18113863468170166,-1.4057666063308716,-0.16375723481178284,-0.20545558631420135,-1.6816006898880005,-0.22654502093791962,-0.22180040180683136,-1.9260528087615967,-0.27539631724357605,0.026282301172614098,-0.9347165822982788,-0.13183632493019104,0.0452977679669857,-1.3246797323226929,-0.21414361894130707,0.06191451847553253,-1.5800429582595825,-0.26659566164016724,0.07108938694000244,-1.8142141103744507,-0.3042997419834137,0.17773108184337616,-0.811046838760376,-0.17584727704524994,0.2395152598619461,-1.0948106050491333,-0.2492818385362625,0.2795793414115906,-1.2892550230026245,-0.27554693818092346,0.31012046337127686,-1.4811228513717651,-0.2949155271053314,0.0,0.0,0.0,0.0,0.0,0.0,0.0,0.0,0.0,0.0,0.0,0.0,0.0,0.0,0.0,0.0,0.0,0.0,0.0,0.0,0.0,0.0,0.0,0.0,0.0,0.0,0.0,0.0,0.0,0.0,0.0,0.0,0.0,0.0,0.0,0.0,0.0,0.0,0.0,0.0,0.0,0.0,0.0,0.0,0.0,0.0,0.0,0.0,0.0,0.0,0.0,0.0,0.0,0.0,0.0,0.0,0.0,0.0,0.0,0.0,0.0,0.0,0.0,1,Hola,2025-10-17T12:50:05.906611
0.0,0.0,0.0,-0.25017043948173523,-0.17363925278186798,-0.09972801804542542,-0.4591137170791626,-0.5124000310897827,-0.14109252393245697,-0.6086055636405945,-0.7896385192871094,-0.17549781501293182,-0.770216703414917,-0.9429160356521606,-0.21101811528205872,-0.29793161153793335,-0.9268618822097778,-0.08220717310905457,-0.41163381934165955,-1.294684648513794,-0.16066426038742065,-0.4756314158439636,-1.522157073020935,-0.22444266080856323,-0.5171564221382141,-1.7381800413131714,-0.27558207511901855,-0.13262270390987396,-0.985914945602417,-0.10189701616764069,-0.1800723522901535,-1.409417748451233,-0.17160548269748688,-0.2038869857788086,-1.6871846914291382,-0.23486328125,-0.2187713086605072,-1.9334796667099,-0.2837229073047638,0.028643984347581863,-0.9333459734916687,-0.1368180215358734,0.04696250706911087,-1.3235605955123901,-0.22118902206420898,0.06427010148763657,-1.5780903100967407,-0.27356570959091187,0.07523244619369507,-1.8123897314071655,-0.3107508420944214,0.1806914210319519,-0.8090422749519348,-0.18055032193660736,0.24287313222885132,-1.0952727794647217,-0.2552560865879059,0.28355541825294495,-1.2907181978225708,-0.28170350193977356,0.3156755268573761,-1.4849976301193237,-0.30096903443336487,0.0,0.0,0.0,0.0,0.0,0.0,0.0,0.0,0.0,0.0,0.0,0.0,0.0,0.0,0.0,0.0,0.0,0.0,0.0,0.0,0.0,0.0,0.0,0.0,0.0,0.0,0.0,0.0,0.0,0.0,0.0,0.0,0.0,0.0,0.0,0.0,0.0,0.0,0.0,0.0,0.0,0.0,0.0,0.0,0.0,0.0,0.0,0.0,0.0,0.0,0.0,0.0,0.0,0.0,0.0,0.0,0.0,0.0,0.0,0.0,0.0,0.0,0.0,1,Hola,2025-10-17T12:50:05.990959
0.0,0.0,0.0,-0.2500420808792114,-0.17307667434215546,-0.09827522188425064,-0.4574219584465027,-0.5106356143951416,-0.1401350051164627,-0.6055148839950562,-0.787906289100647,-0.17543554306030273,-0.7666760087013245,-0.9446905255317688,-0.2121998816728592,-0.3001387417316437,-0.9267017841339111,-0.08175169676542282,-0.41233909130096436,-1.294057846069336,-0.16094210743904114,-0.4751535654067993,-1.521985411643982,-0.2255752831697464,-0.5159019231796265,-1.7391694784164429,-0.2773537039756775,-0.13322162628173828,-0.9857049584388733,-0.10313941538333893,-0.1791285276412964,-1.411307692527771,-0.17369134724140167,-0.20300397276878357,-1.6906636953353882,-0.2382655292749405,-0.21893468499183655,-1.9398298263549805,-0.2880077362060547,0.028924794867634773,-0.9318907856941223,-0.1395116001367569,0.04799825698137283,-1.3227331638336182,-0.22499164938926697,0.06504534184932709,-1.5786007642745972,-0.278282105922699,0.07519707828760147,-1.815976619720459,-0.3160135746002197,0.18172867596149445,-0.8062894940376282,-0.18437670171260834,0.24414685368537903,-1.09355628490448,-0.2598114311695099,0.2855755388736725,-1.2888286113739014,-0.285914808511734,0.3178260922431946,-1.4836469888687134,-0.3048482835292816,0.0,0.0,0.0,0.0,0.0,0.0,0.0,0.0,0.0,0.0,0.0,0.0,0.0,0.0,0.0,0.0,0.0,0.0,0.0,0.0,0.0,0.0,0.0,0.0,0.0,0.0,0.0,0.0,0.0,0.0,0.0,0.0,0.0,0.0,0.0,0.0,0.0,0.0,0.0,0.0,0.0,0.0,0.0,0.0,0.0,0.0,0.0,0.0,0.0,0.0,0.0,0.0,0.0,0.0,0.0,0.0,0.0,0.0,0.0,0.0,0.0,0.0,0.0,1,Hola,2025-10-17T12:50:06.088182
0.0,0.0,0.0,-0.25592854619026184,-0.17407962679862976,-0.09907563030719757,-0.46552279591560364,-0.5107279419898987,-0.1405213326215744,-0.6133736968040466,-0.7879492044448853,-0.17557740211486816,-0.7728506326675415,-0.9459322690963745,-0.21191847324371338,-0.30201956629753113,-0.9282956719398499,-0.08046631515026093,-0.4171309471130371,-1.2978218793869019,-0.15972936153411865,-0.4795084297657013,-1.5257999897003174,-0.22458158433437347,-0.5201563239097595,-1.7410086393356323,-0.276237815618515,-0.13560958206653595,-0.9855398535728455,-0.10159339755773544,-0.18408118188381195,-1.4085402488708496,-0.1732906848192215,-0.20933713018894196,-1.6880742311477661,-0.23913268744945526,-0.22594955563545227,-1.9354113340377808,-0.2896560728549957,0.02621755748987198,-0.9333868026733398,-0.13812877237796783,0.045545920729637146,-1.3248616456985474,-0.2247014343738556,0.06021445244550705,-1.5809766054153442,-0.2801553010940552,0.06868734955787659,-1.8155807256698608,-0.3191503584384918,0.1790476143360138,-0.8104514479637146,-0.18323828279972076,0.24006445705890656,-1.0985392332077026,-0.26005908846855164,0.28008270263671875,-1.2940772771835327,-0.28818628191947937,0.3115764260292053,-1.4870376586914062,-0.30838117003440857,0.0,0.0,0.0,0.0,0.0,0.0,0.0,0.0,0.0,0.0,0.0,0.0,0.0,0.0,0.0,0.0,0.0,0.0,0.0,0.0,0.0,0.0,0.0,0.0,0.0,0.0,0.0,0.0,0.0,0.0,0.0,0.0,0.0,0.0,0.0,0.0,0.0,0.0,0.0,0.0,0.0,0.0,0.0,0.0,0.0,0.0,0.0,0.0,0.0,0.0,0.0,0.0,0.0,0.0,0.0,0.0,0.0,0.0,0.0,0.0,0.0,0.0,0.0,1,Hola,2025-10-17T12:50:06.174090
0.0,0.0,0.0,-0.25232985615730286,-0.17633222043514252,-0.0941145271062851,-0.4633667767047882,-0.5181002020835876,-0.13220855593681335,-0.6127107739448547,-0.7961756587028503,-0.164205402135849,-0.7732948064804077,-0.9473854899406433,-0.1979556828737259,-0.299796998500824,-0.9296607971191406,-0.07873145490884781,-0.4122515022754669,-1.3001476526260376,-0.15431343019008636,-0.47380349040031433,-1.5283689498901367,-0.21619334816932678,-0.5141823887825012,-1.7434204816818237,-0.26624995470046997,-0.13247904181480408,-0.9860116839408875,-0.10114481300115585,-0.17921966314315796,-1.4118293523788452,-0.16939325630664825,-0.20278438925743103,-1.6923363208770752,-0.23320582509040833,-0.21840400993824005,-1.9411392211914062,-0.28270044922828674,0.030543480068445206,-0.9320663213729858,-0.13796073198318481,0.05115647614002228,-1.3258846998214722,-0.22262027859687805,0.06793050467967987,-1.584308385848999,-0.2777659296989441,0.07750092446804047,-1.8223621845245361,-0.316872775554657,0.18433354794979095,-0.8077447414398193,-0.1826288104057312,0.24777626991271973,-1.0971449613571167,-0.25894883275032043,0.2892475724220276,-1.293419361114502,-0.28689709305763245,0.3213915228843689,-1.4879624843597412,-0.3070901930332184,0.0,0.0,0.0,0.0,0.0,0.0,0.0,0.0,0.0,0.0,0.0,0.0,0.0,0.0,0.0,0.0,0.0,0.0,0.0,0.0,0.0,0.0,0.0,0.0,0.0,0.0,0.0,0.0,0.0,0.0,0.0,0.0,0.0,0.0,0.0,0.0,0.0,0.0,0.0,0.0,0.0,0.0,0.0,0.0,0.0,0.0,0.0,0.0,0.0,0.0,0.0,0.0,0.0,0.0,0.0,0.0,0.0,0.0,0.0,0.0,0.0,0.0,0.0,1,Hola,2025-10-17T12:50:06.270461
0.0,0.0,0.0,-0.25517991185188293,-0.17855846881866455,-0.09453895688056946,-0.46825110912323,-0.5182593464851379,-0.13304074108600616,-0.617664098739624,-0.7955467700958252,-0.1658412665128708,-0.7769501209259033,-0.9519209265708923,-0.20016084611415863,-0.300235390663147,-0.9282321333885193,-0.07663515955209732,-0.4177638292312622,-1.2994967699050903,-0.154436394572258,-0.48119330406188965,-1.5298991203308105,-0.21808892488479614,-0.5213491916656494,-1.7458547353744507,-0.2686438262462616,-0.134736105799675,-0.9859237670898438,-0.09899743646383286,-0.18434761464595795,-1.410574197769165,-0.1683959662914276,-0.20905062556266785,-1.6931167840957642,-0.2325141429901123,-0.22440458834171295,-1.9417636394500732,-0.28210538625717163,0.026176875457167625,-0.9359687566757202,-0.13652403652668,0.04698321595788002,-1.3291103839874268,-0.2206714153289795,0.06340938061475754,-1.5874885320663452,-0.27532967925071716,0.07252269983291626,-1.822503685951233,-0.3141091763973236,0.17868497967720032,-0.816240668296814,-0.18231630325317383,0.24172458052635193,-1.1057783365249634,-0.256701797246933,0.28368043899536133,-1.3022065162658691,-0.28406181931495667,0.3163397014141083,-1.4950753450393677,-0.30408042669296265,0.0,0.0,0.0,0.0,0.0,0.0,0.0,0.0,0.0,0.0,0.0,0.0,0.0,0.0,0.0,0.0,0.0,0.0,0.0,0.0,0.0,0.0,0.0,0.0,0.0,0.0,0.0,0.0,0.0,0.0,0.0,0.0,0.0,0.0,0.0,0.0,0.0,0.0,0.0,0.0,0.0,0.0,0.0,0.0,0.0,0.0,0.0,0.0,0.0,0.0,0.0,0.0,0.0,0.0,0.0,0.0,0.0,0.0,0.0,0.0,0.0,0.0,0.0,1,Hola,2025-10-17T12:50:06.365351
0.0,0.0,0.0,-0.25672799348831177,-0.17721524834632874,-0.09553977847099304,-0.46754729747772217,-0.5168029069900513,-0.13357983529567719,-0.6160338521003723,-0.7955015897750854,-0.1655275672674179,-0.7768815159797668,-0.9507909417152405,-0.19892729818820953,-0.29831355810165405,-0.9287250638008118,-0.07413910329341888,-0.4137727916240692,-1.2987010478973389,-0.14975732564926147,-0.4771624207496643,-1.5271522998809814,-0.21264317631721497,-0.5190797448158264,-1.741820216178894,-0.26323747634887695,-0.13179385662078857,-0.9866547584533691,-0.09561775624752045,-0.18078580498695374,-1.4118415117263794,-0.162490576505661,-0.2053452432155609,-1.6907474994659424,-0.22541670501232147,-0.22175566852092743,-1.9359313249588013,-0.2744939923286438,0.02979344129562378,-0.9354732632637024,-0.13249658048152924,0.050951965153217316,-1.3278625011444092,-0.21500496566295624,0.06761586666107178,-1.5833628177642822,-0.2688395082950592,0.07587289065122604,-1.816581130027771,-0.307397723197937,0.18259696662425995,-0.8141173124313354,-0.17778459191322327,0.2448042929172516,-1.1022372245788574,-0.2514408528804779,0.28576087951660156,-1.296891212463379,-0.2783704698085785,0.3167238235473633,-1.4891818761825562,-0.2983493506908417,0.0,0.0,0.0,0.0,0.0,0.0,0.0,0.0,0.0,0.0,0.0,0.0,0.0,0.0,0.0,0.0,0.0,0.0,0.0,0.0,0.0,0.0,0.0,0.0,0.0,0.0,0.0,0.0,0.0,0.0,0.0,0.0,0.0,0.0,0.0,0.0,0.0,0.0,0.0,0.0,0.0,0.0,0.0,0.0,0.0,0.0,0.0,0.0,0.0,0.0,0.0,0.0,0.0,0.0,0.0,0.0,0.0,0.0,0.0,0.0,0.0,0.0,0.0,1,Hola,2025-10-17T12:50:06.478365
0.0,0.0,0.0,-0.2605408728122711,-0.18185295164585114,-0.10230603814125061,-0.47356295585632324,-0.5083341598510742,-0.1477522999048233,-0.6167027354240417,-0.7893228530883789,-0.1859973520040512,-0.7731431722640991,-0.9547756910324097,-0.22426266968250275,-0.31201407313346863,-0.9310412406921387,-0.08280885219573975,-0.4247291386127472,-1.307285189628601,-0.16352947056293488,-0.48719024658203125,-1.5385383367538452,-0.2301921248435974,-0.5311934947967529,-1.7516692876815796,-0.28152963519096375,-0.14394217729568481,-0.9842333793640137,-0.10278772562742233,-0.18881092965602875,-1.4125454425811768,-0.17206832766532898,-0.21231693029403687,-1.6914234161376953,-0.23547011613845825,-0.23015542328357697,-1.9326441287994385,-0.2834375202655792,0.01897907815873623,-0.9336897730827332,-0.13877786695957184,0.0429718941450119,-1.3251399993896484,-0.22062481939792633,0.062120307236909866,-1.5783381462097168,-0.2714900076389313,0.0710267722606659,-1.8051414489746094,-0.3066139221191406,0.17544612288475037,-0.8131754994392395,-0.18415525555610657,0.23224270343780518,-1.1066482067108154,-0.2550720274448395,0.26903995871543884,-1.2999075651168823,-0.2778767943382263,0.2955184280872345,-1.484255313873291,-0.2935013473033905,0.0,0.0,0.0,0.0,0.0,0.0,0.0,0.0,0.0,0.0,0.0,0.0,0.0,0.0,0.0,0.0,0.0,0.0,0.0,0.0,0.0,0.0,0.0,0.0,0.0,0.0,0.0,0.0,0.0,0.0,0.0,0.0,0.0,0.0,0.0,0.0,0.0,0.0,0.0,0.0,0.0,0.0,0.0,0.0,0.0,0.0,0.0,0.0,0.0,0.0,0.0,0.0,0.0,0.0,0.0,0.0,0.0,0.0,0.0,0.0,0.0,0.0,0.0,1,Hola,2025-10-17T12:50:06.650715
0.0,0.0,0.0,-0.26122260093688965,-0.1831093430519104,-0.08752815425395966,-0.4662345051765442,-0.5238906145095825,-0.12556953728199005,-0.601497232913971,-0.8087030649185181,-0.1593271940946579,-0.7522711753845215,-0.9699206948280334,-0.1935371458530426,-0.30442550778388977,-0.9326425194740295,-0.0733746662735939,-0.4167075753211975,-1.308054804801941,-0.15292604267597198,-0.4710519015789032,-1.5405772924423218,-0.21938087046146393,-0.5069794654846191,-1.7515459060668945,-0.27089154720306396,-0.14249275624752045,-0.9847044348716736,-0.1002642810344696,-0.1934259533882141,-1.4261713027954102,-0.16849301755428314,-0.20833851397037506,-1.707038164138794,-0.23029233515262604,-0.21349681913852692,-1.9442275762557983,-0.27716246247291565,0.014810200780630112,-0.9285423159599304,-0.14164553582668304,0.03759477660059929,-1.3182544708251953,-0.22293759882450104,0.05886204168200493,-1.5705583095550537,-0.2712332606315613,0.07072137296199799,-1.794732928276062,-0.3050187826156616,0.1686650663614273,-0.7901920080184937,-0.1916412115097046,0.22068549692630768,-1.0753248929977417,-0.2634706199169159,0.2493952214717865,-1.2655651569366455,-0.285270094871521,0.268282026052475,-1.4471129179000854,-0.3004284203052521,0.0,0.0,0.0,0.0,0.0,0.0,0.0,0.0,0.0,0.0,0.0,0.0,0.0,0.0,0.0,0.0,0.0,0.0,0.0,0.0,0.0,0.0,0.0,0.0,0.0,0.0,0.0,0.0,0.0,0.0,0.0,0.0,0.0,0.0,0.0,0.0,0.0,0.0,0.0,0.0,0.0,0.0,0.0,0.0,0.0,0.0,0.0,0.0,0.0,0.0,0.0,0.0,0.0,0.0,0.0,0.0,0.0,0.0,0.0,0.0,0.0,0.0,0.0,1,Hola,2025-10-17T12:50:06.745107
0.0,0.0,0.0,-0.26814359426498413,-0.1985192447900772,-0.077057845890522,-0.4770364761352539,-0.5514453649520874,-0.10965673625469208,-0.6154311299324036,-0.8309916853904724,-0.13992555439472198,-0.7669199109077454,-0.9937533140182495,-0.1706419587135315,-0.3053923547267914,-0.9418346285820007,-0.06065046414732933,-0.4194397032260895,-1.3155686855316162,-0.1370835304260254,-0.48117440938949585,-1.5400991439819336,-0.2002815455198288,-0.5229364037513733,-1.744876742362976,-0.2505291700363159,-0.14483244717121124,-0.9852300882339478,-0.09135188907384872,-0.21060538291931152,-1.4164780378341675,-0.15912429988384247,-0.23660390079021454,-1.6910717487335205,-0.22083020210266113,-0.25112485885620117,-1.9227041006088257,-0.2683660089969635,0.010131774470210075,-0.9227917790412903,-0.13604149222373962,0.02302740514278412,-1.3033156394958496,-0.21675096452236176,0.0423470064997673,-1.5464180707931519,-0.26504600048065186,0.04946859925985336,-1.7621501684188843,-0.29935675859451294,0.16247038543224335,-0.7815195322036743,-0.18824568390846252,0.20283614099025726,-1.058122158050537,-0.2586769163608551,0.2219177931547165,-1.2373833656311035,-0.28122690320014954,0.22506344318389893,-1.4053571224212646,-0.29774412512779236,0.0,0.0,0.0,0.0,0.0,0.0,0.0,0.0,0.0,0.0,0.0,0.0,0.0,0.0,0.0,0.0,0.0,0.0,0.0,0.0,0.0,0.0,0.0,0.0,0.0,0.0,0.0,0.0,0.0,0.0,0.0,0.0,0.0,0.0,0.0,0.0,0.0,0.0,0.0,0.0,0.0,0.0,0.0,0.0,0.0,0.0,0.0,0.0,0.0,0.0,0.0,0.0,0.0,0.0,0.0,0.0,0.0,0.0,0.0,0.0,0.0,0.0,0.0,1,Hola,2025-10-17T12:50:06.834233
0.0,0.0,0.0,-0.2750118672847748,-0.16063052415847778,-0.06820966303348541,-0.5146815776824951,-0.4919775724411011,-0.11990999430418015,-0.6867291331291199,-0.7773385643959045,-0.18428531289100647,-0.8459113240242004,-0.9450230598449707,-0.24256062507629395,-0.3756944537162781,-0.9748895168304443,-0.017958082258701324,-0.4460943341255188,-1.3311362266540527,-0.13286469876766205,-0.47158628702163696,-1.3403536081314087,-0.21143756806850433,-0.4943356215953827,-1.2562057971954346,-0.24912384152412415,-0.18897469341754913,-0.9809749722480774,-0.04446020349860191,-0.24537327885627747,-1.2019749879837036,-0.19603468477725983,-0.22630542516708374,-0.9031279683113098,-0.24445585906505585,-0.20812846720218658,-0.6184068918228149,-0.24213320016860962,0.0009519262239336967,-0.9187682271003723,-0.08846922218799591,-0.04258633032441139,-1.055191159248352,-0.24886688590049744,-0.04792754724621773,-0.7253136038780212,-0.23280715942382812,-0.04822826385498047,-0.4648057520389557,-0.17975522577762604,0.19231340289115906,-0.8161453604698181,-0.13587838411331177,0.14828243851661682,-0.9454363584518433,-0.22716470062732697,0.11734320223331451,-0.7033703923225403,-0.189319908618927,0.11049129068851471,-0.4967881739139557,-0.13696984946727753,0.0,0.0,0.0,0.0,0.0,0.0,0.0,0.0,0.0,0.0,0.0,0.0,0.0,0.0,0.0,0.0,0.0,0.0,0.0,0.0,0.0,0.0,0.0,0.0,0.0,0.0,0.0,0.0,0.0,0.0,0.0,0.0,0.0,0.0,0.0,0.0,0.0,0.0,0.0,0.0,0.0,0.0,0.0,0.0,0.0,0.0,0.0,0.0,0.0,0.0,0.0,0.0,0.0,0.0,0.0,0.0,0.0,0.0,0.0,0.0,0.0,0.0,0.0,1,Hola,2025-10-17T12:50:06.918628
0.0,0.0,0.0,-0.2844935357570648,-0.10989335924386978,-0.1311703771352768,-0.5278806090354919,-0.4478830099105835,-0.2171381562948227,-0.7151212692260742,-0.745121419429779,-0.3035908639431,-0.9172140955924988,-0.9401059150695801,-0.3787490725517273,-0.38781389594078064,-0.9750915765762329,-0.11385931074619293,-0.4393733739852905,-1.3236695528030396,-0.2763128876686096,-0.4473022520542145,-1.2625815868377686,-0.37820860743522644,-0.4514807164669037,-1.0896857976913452,-0.4209153354167938,-0.1565408706665039,-0.9799860715866089,-0.12297207862138748,-0.1595829874277115,-1.2221250534057617,-0.2993701994419098,-0.15420405566692352,-0.894676685333252,-0.3477497100830078,-0.16494712233543396,-0.5862947702407837,-0.3368675410747528,0.06234382465481758,-0.895061731338501,-0.15451908111572266,0.08358725160360336,-1.0386345386505127,-0.3328136205673218,0.06321597099304199,-0.7119035720825195,-0.31143641471862793,0.027819447219371796,-0.437633752822876,-0.24805215001106262,0.26511290669441223,-0.7579317092895508,-0.19437287747859955,0.29437050223350525,-0.8683339953422546,-0.30638810992240906,0.25919821858406067,-0.6428403854370117,-0.2697102129459381,0.21415400505065918,-0.4323538839817047,-0.2092033177614212,0.0,0.0,0.0,0.0,0.0,0.0,0.0,0.0,0.0,0.0,0.0,0.0,0.0,0.0,0.0,0.0,0.0,0.0,0.0,0.0,0.0,0.0,0.0,0.0,0.0,0.0,0.0,0.0,0.0,0.0,0.0,0.0,0.0,0.0,0.0,0.0,0.0,0.0,0.0,0.0,0.0,0.0,0.0,0.0,0.0,0.0,0.0,0.0,0.0,0.0,0.0,0.0,0.0,0.0,0.0,0.0,0.0,0.0,0.0,0.0,0.0,0.0,0.0,1,Hola,2025-10-17T12:50:07.005256
